Symptoms,Disease
"dizziness, forgetfulness, personality, changes, cognitive, decline, sudden, collapse, twitching, loss, awareness, headache, memory, confusion, difficulty, thinking, disorientation, language, problems, poor, judgment, impairment",Dementia
"facial, drooping, arm, weakness, speech, difficulty, sudden, collapse, twitching, loss, awareness, slurred, paralysis, dizziness, balance",Stroke
"sudden, collapse, twitching, loss, awareness, dizziness, pain, convulsions, staring, spells, body, shaking, unconsciousness",Epilepsy
"intense, head, pain, vomiting, fatigue, blurred, vision, headache, throbbing, visual, aura, dizziness, sensitivity, sound",Migraine
"weakness, sudden, numbness, confusion, severe, headache, vision, loss, slurred, speech, paralysis, dizziness, balance, fatigue, facial, drooping, arm, difficulty",Stroke
"dizziness, slurred, speech, weakness, paralysis, loss, balance, forgetfulness, personality, changes, cognitive, decline, pain, facial, drooping, arm, difficulty",Stroke
"fatigue, difficulty, walking, balance, problems, rigid, muscles, tremor, slow, movement, muscle, stiffness, shaking, hands, intense, head, pain, vomiting, blurred, vision, headache, resting, speech, reduced",Parkinson's
"pain, language, problems, poor, judgment, memory, impairment, seizure, loss, consciousness, muscle, jerks, confusion, forgetfulness, personality, changes, cognitive, decline, fatigue, difficulty, thinking, disorientation",Dementia
"seizure, loss, consciousness, muscle, jerks, confusion, headache, slurred, speech, weakness, paralysis, dizziness, balance, convulsions, staring, spells, body, shaking, unconsciousness, fatigue",Epilepsy
"language, problems, poor, judgment, memory, impairment, slurred, speech, weakness, paralysis, dizziness, loss, balance, sudden, numbness, confusion, severe, headache, vision, pain, facial, drooping, arm, difficulty",Stroke
"dizziness, nausea, language, problems, poor, judgment, memory, impairment, severe, headache, light, sensitivity, vomiting",Migraine
"throbbing, headache, visual, aura, dizziness, sensitivity, sound, sudden, collapse, twitching, loss, awareness, fatigue, seizure, consciousness, muscle, jerks, confusion, convulsions, staring, spells, body, shaking, unconsciousness, weakness",Epilepsy
"convulsions, staring, spells, body, shaking, unconsciousness, seizure, loss, consciousness, muscle, jerks, confusion, sudden, collapse, twitching, awareness, fatigue, language, problems, poor, judgment, memory, impairment, dizziness",Epilepsy
"nausea, weakness, throbbing, headache, visual, aura, dizziness, sensitivity, sound, sudden, numbness, confusion, severe, vision, loss",Migraine
"resting, tremor, slow, speech, reduced, movement, pain, sudden, numbness, confusion, severe, headache, vision, loss, weakness, slurred, paralysis, dizziness, balance",Stroke
"convulsions, staring, spells, body, shaking, unconsciousness, severe, headache, nausea, light, sensitivity, vomiting, dizziness, pain, sudden, collapse, twitching, loss, awareness, seizure, consciousness, muscle, jerks, confusion",Epilepsy
"facial, drooping, arm, weakness, speech, difficulty, dizziness, seizure, loss, consciousness, muscle, jerks, confusion, nausea",Stroke
"intense, head, pain, vomiting, fatigue, blurred, vision, throbbing, headache, visual, aura, dizziness, sensitivity, sound, resting, tremor, slow, speech, reduced, movement, nausea, weakness",Migraine
"intense, head, pain, vomiting, fatigue, blurred, vision, sudden, collapse, twitching, loss, awareness, convulsions, staring, spells, body, shaking, unconsciousness, nausea, seizure, consciousness, muscle, jerks, confusion",Epilepsy
"tremor, slow, movement, muscle, stiffness, shaking, hands, difficulty, walking, balance, problems, rigid, muscles, sudden, numbness, confusion, severe, headache, vision, loss, fatigue, resting, speech, reduced",Parkinson's
"memory, loss, confusion, difficulty, thinking, disorientation, resting, tremor, slow, speech, reduced, movement, forgetfulness, personality, changes, cognitive, decline, dizziness, nausea",Dementia
"weakness, language, problems, poor, judgment, memory, impairment, forgetfulness, personality, changes, cognitive, decline, nausea",Dementia
"sudden, collapse, twitching, loss, awareness, headache, pain, slurred, speech, weakness, paralysis, dizziness, balance",Epilepsy
"dizziness, convulsions, staring, spells, body, shaking, unconsciousness, fatigue, seizure, loss, consciousness, muscle, jerks, confusion, sudden, collapse, twitching, awareness",Epilepsy
"pain, nausea, language, problems, poor, judgment, memory, impairment, throbbing, headache, visual, aura, dizziness, sensitivity, sound",Migraine
"sudden, numbness, confusion, severe, headache, vision, loss, nausea, light, sensitivity, vomiting, dizziness, slurred, speech, weakness, paralysis, balance, facial, drooping, arm, difficulty",Stroke
"dizziness, weakness, forgetfulness, personality, changes, cognitive, decline, intense, head, pain, vomiting, fatigue, blurred, vision, language, problems, poor, judgment, memory, impairment, loss, confusion, difficulty, thinking, disorientation",Dementia
"seizure, loss, consciousness, muscle, jerks, confusion, nausea, weakness, resting, tremor, slow, speech, reduced, movement",Parkinson's
"intense, head, pain, vomiting, fatigue, blurred, vision, sudden, numbness, confusion, severe, headache, loss, facial, drooping, arm, weakness, speech, difficulty, slurred, paralysis, dizziness, balance",Stroke
"headache, forgetfulness, personality, changes, cognitive, decline, dizziness, sudden, numbness, confusion, severe, vision, loss, memory, difficulty, thinking, disorientation, language, problems, poor, judgment, impairment",Dementia
"convulsions, staring, spells, body, shaking, unconsciousness, nausea, forgetfulness, personality, changes, cognitive, decline, dizziness, sudden, collapse, twitching, loss, awareness, seizure, consciousness, muscle, jerks, confusion",Epilepsy
"slurred, speech, weakness, paralysis, dizziness, loss, balance, sudden, numbness, confusion, severe, headache, vision, facial, drooping, arm, difficulty, intense, head, pain, vomiting, fatigue, blurred, nausea",Stroke
"facial, drooping, arm, weakness, speech, difficulty, resting, tremor, slow, reduced, movement, muscle, stiffness, shaking, hands, fatigue, dizziness",Parkinson's
"seizure, loss, consciousness, muscle, jerks, confusion, convulsions, staring, spells, body, shaking, unconsciousness, difficulty, walking, balance, problems, rigid, muscles, nausea, weakness",Epilepsy
"weakness, slurred, speech, paralysis, dizziness, loss, balance, intense, head, pain, vomiting, fatigue, blurred, vision, facial, drooping, arm, difficulty, sudden, numbness, confusion, severe, headache",Stroke
"weakness, forgetfulness, personality, changes, cognitive, decline, nausea, facial, drooping, arm, speech, difficulty",Stroke
"dizziness, convulsions, staring, spells, body, shaking, unconsciousness, weakness, sudden, collapse, twitching, loss, awareness, slurred, speech, paralysis, balance, seizure, consciousness, muscle, jerks, confusion",Epilepsy
"pain, language, problems, poor, judgment, memory, impairment, forgetfulness, personality, changes, cognitive, decline, dizziness, throbbing, headache, visual, aura, sensitivity, sound, loss, confusion, difficulty, thinking, disorientation",Dementia
"fatigue, dizziness, difficulty, walking, balance, problems, rigid, muscles, tremor, slow, movement, muscle, stiffness, shaking, hands, sudden, collapse, twitching, loss, awareness, resting, speech, reduced",Parkinson's
"memory, loss, confusion, difficulty, thinking, disorientation, intense, head, pain, vomiting, fatigue, blurred, vision",Migraine
"intense, head, pain, vomiting, fatigue, blurred, vision, weakness, severe, headache, nausea, light, sensitivity, memory, loss, confusion, difficulty, thinking, disorientation, throbbing, visual, aura, dizziness, sound",Migraine
"throbbing, headache, visual, aura, dizziness, sensitivity, sound, language, problems, poor, judgment, memory, impairment, pain",Dementia
"difficulty, walking, balance, problems, rigid, muscles, fatigue, severe, headache, nausea, light, sensitivity, vomiting, weakness",Migraine
"headache, sudden, collapse, twitching, loss, awareness, facial, drooping, arm, weakness, speech, difficulty, seizure, consciousness, muscle, jerks, confusion, convulsions, staring, spells, body, shaking, unconsciousness, pain",Epilepsy
"language, problems, poor, judgment, memory, impairment, headache, fatigue, severe, nausea, light, sensitivity, vomiting",Dementia
"seizure, loss, consciousness, muscle, jerks, confusion, memory, difficulty, thinking, disorientation, nausea, weakness",Epilepsy
"resting, tremor, slow, speech, reduced, movement, difficulty, walking, balance, problems, rigid, muscles, pain, dizziness, muscle, stiffness, shaking, hands",Parkinson's
"dizziness, difficulty, walking, balance, problems, rigid, muscles, resting, tremor, slow, speech, reduced, movement, muscle, stiffness, shaking, hands, severe, headache, nausea, light, sensitivity, vomiting",Parkinson's
"nausea, forgetfulness, personality, changes, cognitive, decline, dizziness, memory, loss, confusion, difficulty, thinking, disorientation",Dementia
"pain, resting, tremor, slow, speech, reduced, movement, fatigue, facial, drooping, arm, weakness, difficulty, muscle, stiffness, shaking, hands",Parkinson's
"pain, tremor, slow, movement, muscle, stiffness, shaking, hands, throbbing, headache, visual, aura, dizziness, sensitivity, sound, difficulty, walking, balance, problems, rigid, muscles, nausea",Parkinson's
"intense, head, pain, vomiting, fatigue, blurred, vision, convulsions, staring, spells, body, shaking, unconsciousness, headache, nausea",Migraine
"memory, loss, confusion, difficulty, thinking, disorientation, fatigue, facial, drooping, arm, weakness, speech, nausea",Dementia
"pain, seizure, loss, consciousness, muscle, jerks, confusion, severe, headache, nausea, light, sensitivity, vomiting, dizziness",Epilepsy
"slurred, speech, weakness, paralysis, dizziness, loss, balance, difficulty, walking, problems, rigid, muscles, fatigue, nausea",Stroke
"dizziness, sudden, numbness, confusion, severe, headache, vision, loss, pain",Stroke
"sudden, collapse, twitching, loss, awareness, resting, tremor, slow, speech, reduced, movement, pain, dizziness",Epilepsy
"nausea, memory, loss, confusion, difficulty, thinking, disorientation, headache, slurred, speech, weakness, paralysis, dizziness, balance",Dementia
"pain, forgetfulness, personality, changes, cognitive, decline, throbbing, headache, visual, aura, dizziness, sensitivity, sound, severe, nausea, light, vomiting, weakness",Migraine
"convulsions, staring, spells, body, shaking, unconsciousness, weakness, dizziness",Epilepsy
"pain, memory, loss, confusion, difficulty, thinking, disorientation, forgetfulness, personality, changes, cognitive, decline, nausea, seizure, consciousness, muscle, jerks",Dementia
"nausea, forgetfulness, personality, changes, cognitive, decline, memory, loss, confusion, difficulty, thinking, disorientation, language, problems, poor, judgment, impairment, seizure, consciousness, muscle, jerks, dizziness",Dementia
"fatigue, language, problems, poor, judgment, memory, impairment, dizziness, intense, head, pain, vomiting, blurred, vision",Dementia
"weakness, language, problems, poor, judgment, memory, impairment, forgetfulness, personality, changes, cognitive, decline, loss, confusion, difficulty, thinking, disorientation, fatigue",Dementia
"convulsions, staring, spells, body, shaking, unconsciousness, seizure, loss, consciousness, muscle, jerks, confusion, dizziness, fatigue, memory, difficulty, thinking, disorientation, sudden, collapse, twitching, awareness",Epilepsy
"pain, tremor, slow, movement, muscle, stiffness, shaking, hands, headache",Parkinson's
"weakness, sudden, numbness, confusion, severe, headache, vision, loss, nausea, light, sensitivity, vomiting, facial, drooping, arm, speech, difficulty",Stroke
"weakness, sudden, numbness, confusion, severe, headache, vision, loss, intense, head, pain, vomiting, fatigue, blurred, facial, drooping, arm, speech, difficulty",Stroke
"fatigue, headache, seizure, loss, consciousness, muscle, jerks, confusion, severe, nausea, light, sensitivity, vomiting, intense, head, pain, blurred, vision",Migraine
"tremor, slow, movement, muscle, stiffness, shaking, hands, nausea, sudden, numbness, confusion, severe, headache, vision, loss, weakness",Stroke
"tremor, slow, movement, muscle, stiffness, shaking, hands, sudden, collapse, twitching, loss, awareness, weakness, dizziness",Epilepsy
"forgetfulness, personality, changes, cognitive, decline, nausea, weakness",Dementia
"nausea, slurred, speech, weakness, paralysis, dizziness, loss, balance, sudden, collapse, twitching, awareness, pain, seizure, consciousness, muscle, jerks, confusion",Epilepsy
"slurred, speech, weakness, paralysis, dizziness, loss, balance, tremor, slow, movement, muscle, stiffness, shaking, hands, resting, reduced",Parkinson's
"sudden, numbness, confusion, severe, headache, vision, loss, memory, difficulty, thinking, disorientation, dizziness, fatigue",Dementia
"difficulty, walking, balance, problems, rigid, muscles, dizziness, pain, resting, tremor, slow, speech, reduced, movement",Parkinson's
"fatigue, pain, convulsions, staring, spells, body, shaking, unconsciousness, sudden, collapse, twitching, loss, awareness, facial, drooping, arm, weakness, speech, difficulty",Epilepsy
"weakness, pain, sudden, collapse, twitching, loss, awareness, facial, drooping, arm, speech, difficulty",Stroke
"difficulty, walking, balance, problems, rigid, muscles, fatigue, nausea, language, poor, judgment, memory, impairment, forgetfulness, personality, changes, cognitive, decline",Dementia
"language, problems, poor, judgment, memory, impairment, nausea, seizure, loss, consciousness, muscle, jerks, confusion, fatigue",Dementia
"difficulty, walking, balance, problems, rigid, muscles, dizziness, nausea, tremor, slow, movement, muscle, stiffness, shaking, hands, sudden, numbness, confusion, severe, headache, vision, loss, resting, speech, reduced",Parkinson's
"slurred, speech, weakness, paralysis, dizziness, loss, balance, severe, headache, nausea, light, sensitivity, vomiting, throbbing, visual, aura, sound, fatigue",Migraine
"sudden, collapse, twitching, loss, awareness, pain, resting, tremor, slow, speech, reduced, movement, weakness, difficulty, walking, balance, problems, rigid, muscles",Parkinson's
"headache, weakness, difficulty, walking, balance, problems, rigid, muscles, seizure, loss, consciousness, muscle, jerks, confusion",Epilepsy
"severe, headache, nausea, light, sensitivity, vomiting, forgetfulness, personality, changes, cognitive, decline, memory, loss, confusion, difficulty, thinking, disorientation, fatigue, pain",Dementia
"seizure, loss, consciousness, muscle, jerks, confusion, sudden, collapse, twitching, awareness, dizziness, memory, difficulty, thinking, disorientation, weakness",Epilepsy
"pain, headache, language, problems, poor, judgment, memory, impairment, difficulty, walking, balance, rigid, muscles",Dementia
"memory, loss, confusion, difficulty, thinking, disorientation, nausea, dizziness",Dementia
"tremor, slow, movement, muscle, stiffness, shaking, hands, dizziness, convulsions, staring, spells, body, unconsciousness, nausea, sudden, collapse, twitching, loss, awareness",Epilepsy
"pain, weakness, sudden, collapse, twitching, loss, awareness, throbbing, headache, visual, aura, dizziness, sensitivity, sound",Migraine
"memory, loss, confusion, difficulty, thinking, disorientation, weakness, pain, seizure, consciousness, muscle, jerks",Epilepsy
"resting, tremor, slow, speech, reduced, movement, muscle, stiffness, shaking, hands, slurred, weakness, paralysis, dizziness, loss, balance, nausea, fatigue, difficulty, walking, problems, rigid, muscles",Parkinson's
"weakness, sudden, numbness, confusion, severe, headache, vision, loss, tremor, slow, movement, muscle, stiffness, shaking, hands, nausea",Stroke
"resting, tremor, slow, speech, reduced, movement, headache, language, problems, poor, judgment, memory, impairment, nausea",Parkinson's
"slurred, speech, weakness, paralysis, dizziness, loss, balance, headache, resting, tremor, slow, reduced, movement, facial, drooping, arm, difficulty, sudden, numbness, confusion, severe, vision",Stroke
"facial, drooping, arm, weakness, speech, difficulty, nausea, headache, slurred, paralysis, dizziness, loss, balance, forgetfulness, personality, changes, cognitive, decline",Stroke
"language, problems, poor, judgment, memory, impairment, nausea, facial, drooping, arm, weakness, speech, difficulty, fatigue, forgetfulness, personality, changes, cognitive, decline, loss, confusion, thinking, disorientation",Dementia
"nausea, headache, sudden, collapse, twitching, loss, awareness",Epilepsy
"forgetfulness, personality, changes, cognitive, decline, pain, weakness",Dementia
"pain, intense, head, vomiting, fatigue, blurred, vision, difficulty, walking, balance, problems, rigid, muscles, resting, tremor, slow, speech, reduced, movement, weakness",Parkinson's
"language, problems, poor, judgment, memory, impairment, headache, slurred, speech, weakness, paralysis, dizziness, loss, balance, forgetfulness, personality, changes, cognitive, decline",Dementia
"sudden, collapse, twitching, loss, awareness, dizziness, seizure, consciousness, muscle, jerks, confusion, nausea, language, problems, poor, judgment, memory, impairment, convulsions, staring, spells, body, shaking, unconsciousness",Epilepsy
"convulsions, staring, spells, body, shaking, unconsciousness, headache, memory, loss, confusion, difficulty, thinking, disorientation, fatigue",Dementia
"language, problems, poor, judgment, memory, impairment, fatigue, headache, forgetfulness, personality, changes, cognitive, decline, loss, confusion, difficulty, thinking, disorientation, convulsions, staring, spells, body, shaking, unconsciousness",Dementia
"fatigue, nausea, tremor, slow, movement, muscle, stiffness, shaking, hands, resting, speech, reduced, difficulty, walking, balance, problems, rigid, muscles",Parkinson's
"headache, fatigue, forgetfulness, personality, changes, cognitive, decline, intense, head, pain, vomiting, blurred, vision, throbbing, visual, aura, dizziness, sensitivity, sound, severe, nausea, light",Migraine
"nausea, fatigue, slurred, speech, weakness, paralysis, dizziness, loss, balance, sudden, numbness, confusion, severe, headache, vision, convulsions, staring, spells, body, shaking, unconsciousness",Stroke
"fatigue, sudden, collapse, twitching, loss, awareness, convulsions, staring, spells, body, shaking, unconsciousness, intense, head, pain, vomiting, blurred, vision, nausea, seizure, consciousness, muscle, jerks, confusion",Epilepsy
"throbbing, headache, visual, aura, dizziness, sensitivity, sound",Migraine
"weakness, dizziness, tremor, slow, movement, muscle, stiffness, shaking, hands",Parkinson's
"pain, sudden, collapse, twitching, loss, awareness, resting, tremor, slow, speech, reduced, movement, nausea",Epilepsy
"pain, headache, resting, tremor, slow, speech, reduced, movement, memory, loss, confusion, difficulty, thinking, disorientation, walking, balance, problems, rigid, muscles",Parkinson's
"seizure, loss, consciousness, muscle, jerks, confusion, fatigue, nausea, forgetfulness, personality, changes, cognitive, decline",Epilepsy
"headache, convulsions, staring, spells, body, shaking, unconsciousness, dizziness, slurred, speech, weakness, paralysis, loss, balance",Stroke
"sudden, collapse, twitching, loss, awareness, language, problems, poor, judgment, memory, impairment, weakness, forgetfulness, personality, changes, cognitive, decline, dizziness, confusion, difficulty, thinking, disorientation",Dementia
"memory, loss, confusion, difficulty, thinking, disorientation, language, problems, poor, judgment, impairment, intense, head, pain, vomiting, fatigue, blurred, vision, forgetfulness, personality, changes, cognitive, decline",Dementia
"pain, tremor, slow, movement, muscle, stiffness, shaking, hands, memory, loss, confusion, difficulty, thinking, disorientation, dizziness, forgetfulness, personality, changes, cognitive, decline",Dementia
"nausea, language, problems, poor, judgment, memory, impairment, headache",Dementia
"dizziness, headache, language, problems, poor, judgment, memory, impairment, slurred, speech, weakness, paralysis, loss, balance, sudden, numbness, confusion, severe, vision, facial, drooping, arm, difficulty",Stroke
"tremor, slow, movement, muscle, stiffness, shaking, hands, difficulty, walking, balance, problems, rigid, muscles, pain, forgetfulness, personality, changes, cognitive, decline, resting, speech, reduced, nausea",Parkinson's
"throbbing, headache, visual, aura, dizziness, sensitivity, sound, severe, nausea, light, vomiting, sudden, numbness, confusion, vision, loss, intense, head, pain, fatigue, blurred",Migraine
"nausea, seizure, loss, consciousness, muscle, jerks, confusion, sudden, collapse, twitching, awareness, weakness",Epilepsy
"sudden, collapse, twitching, loss, awareness, headache, weakness, tremor, slow, movement, muscle, stiffness, shaking, hands, seizure, consciousness, jerks, confusion",Epilepsy
"sudden, collapse, twitching, loss, awareness, weakness, seizure, consciousness, muscle, jerks, confusion, convulsions, staring, spells, body, shaking, unconsciousness, fatigue, throbbing, headache, visual, aura, dizziness, sensitivity, sound",Epilepsy
"fatigue, facial, drooping, arm, weakness, speech, difficulty, dizziness, slurred, paralysis, loss, balance",Stroke
"resting, tremor, slow, speech, reduced, movement, headache, difficulty, walking, balance, problems, rigid, muscles, fatigue, muscle, stiffness, shaking, hands",Parkinson's
"language, problems, poor, judgment, memory, impairment, loss, confusion, difficulty, thinking, disorientation, pain, nausea, seizure, consciousness, muscle, jerks, forgetfulness, personality, changes, cognitive, decline",Dementia
"pain, sudden, collapse, twitching, loss, awareness, dizziness, memory, confusion, difficulty, thinking, disorientation, forgetfulness, personality, changes, cognitive, decline",Dementia
"difficulty, walking, balance, problems, rigid, muscles, resting, tremor, slow, speech, reduced, movement, weakness, headache, memory, loss, confusion, thinking, disorientation",Parkinson's
"headache, nausea, difficulty, walking, balance, problems, rigid, muscles, forgetfulness, personality, changes, cognitive, decline, resting, tremor, slow, speech, reduced, movement",Parkinson's
"fatigue, sudden, numbness, confusion, severe, headache, vision, loss, nausea, convulsions, staring, spells, body, shaking, unconsciousness",Epilepsy
"seizure, loss, consciousness, muscle, jerks, confusion, convulsions, staring, spells, body, shaking, unconsciousness, nausea, headache",Epilepsy
"difficulty, walking, balance, problems, rigid, muscles, tremor, slow, movement, muscle, stiffness, shaking, hands, facial, drooping, arm, weakness, speech, resting, reduced, fatigue",Parkinson's
"severe, headache, nausea, light, sensitivity, vomiting, sudden, collapse, twitching, loss, awareness, throbbing, visual, aura, dizziness, sound",Migraine
"fatigue, severe, headache, nausea, light, sensitivity, vomiting, resting, tremor, slow, speech, reduced, movement, throbbing, visual, aura, dizziness, sound",Migraine
"facial, drooping, arm, weakness, speech, difficulty, pain, slurred, paralysis, dizziness, loss, balance, headache, resting, tremor, slow, reduced, movement",Stroke
"severe, headache, nausea, light, sensitivity, vomiting, pain, seizure, loss, consciousness, muscle, jerks, confusion, sudden, collapse, twitching, awareness, convulsions, staring, spells, body, shaking, unconsciousness",Epilepsy
"nausea, sudden, numbness, confusion, severe, headache, vision, loss, facial, drooping, arm, weakness, speech, difficulty, language, problems, poor, judgment, memory, impairment, slurred, paralysis, dizziness, balance",Stroke
"tremor, slow, movement, muscle, stiffness, shaking, hands, headache, difficulty, walking, balance, problems, rigid, muscles, dizziness, intense, head, pain, vomiting, fatigue, blurred, vision",Parkinson's
"headache, dizziness, language, problems, poor, judgment, memory, impairment, resting, tremor, slow, speech, reduced, movement",Parkinson's
"fatigue, resting, tremor, slow, speech, reduced, movement, pain, severe, headache, nausea, light, sensitivity, vomiting",Migraine
"nausea, sudden, numbness, confusion, severe, headache, vision, loss, facial, drooping, arm, weakness, speech, difficulty, slurred, paralysis, dizziness, balance",Stroke
"seizure, loss, consciousness, muscle, jerks, confusion, sudden, collapse, twitching, awareness, pain, memory, difficulty, thinking, disorientation, nausea, convulsions, staring, spells, body, shaking, unconsciousness",Epilepsy
"weakness, pain, convulsions, staring, spells, body, shaking, unconsciousness, sudden, collapse, twitching, loss, awareness",Epilepsy
"weakness, pain, convulsions, staring, spells, body, shaking, unconsciousness, seizure, loss, consciousness, muscle, jerks, confusion",Epilepsy
"resting, tremor, slow, speech, reduced, movement, difficulty, walking, balance, problems, rigid, muscles, dizziness, muscle, stiffness, shaking, hands, pain",Parkinson's
"nausea, pain, tremor, slow, movement, muscle, stiffness, shaking, hands, sudden, numbness, confusion, severe, headache, vision, loss, slurred, speech, weakness, paralysis, dizziness, balance",Stroke
"sudden, collapse, twitching, loss, awareness, convulsions, staring, spells, body, shaking, unconsciousness, headache, seizure, consciousness, muscle, jerks, confusion, nausea, tremor, slow, movement, stiffness, hands",Epilepsy
"throbbing, headache, visual, aura, dizziness, sensitivity, sound, nausea, tremor, slow, movement, muscle, stiffness, shaking, hands, difficulty, walking, balance, problems, rigid, muscles, resting, speech, reduced",Parkinson's
"sudden, collapse, twitching, loss, awareness, convulsions, staring, spells, body, shaking, unconsciousness, nausea, dizziness, difficulty, walking, balance, problems, rigid, muscles",Epilepsy
"language, problems, poor, judgment, memory, impairment, loss, confusion, difficulty, thinking, disorientation, dizziness, walking, balance, rigid, muscles, headache",Dementia
"forgetfulness, personality, changes, cognitive, decline, throbbing, headache, visual, aura, dizziness, sensitivity, sound, weakness, language, problems, poor, judgment, memory, impairment",Dementia
"dizziness, memory, loss, confusion, difficulty, thinking, disorientation, walking, balance, problems, rigid, muscles, tremor, slow, movement, muscle, stiffness, shaking, hands, resting, speech, reduced, nausea",Parkinson's
"resting, tremor, slow, speech, reduced, movement, language, problems, poor, judgment, memory, impairment, headache, weakness, muscle, stiffness, shaking, hands",Parkinson's
"tremor, slow, movement, muscle, stiffness, shaking, hands, pain, memory, loss, confusion, difficulty, thinking, disorientation, dizziness, language, problems, poor, judgment, impairment",Dementia
"seizure, loss, consciousness, muscle, jerks, confusion, weakness, headache, convulsions, staring, spells, body, shaking, unconsciousness, severe, nausea, light, sensitivity, vomiting, sudden, collapse, twitching, awareness",Epilepsy
"difficulty, walking, balance, problems, rigid, muscles, fatigue, headache, resting, tremor, slow, speech, reduced, movement, convulsions, staring, spells, body, shaking, unconsciousness",Parkinson's
"nausea, weakness, sudden, numbness, confusion, severe, headache, vision, loss, seizure, consciousness, muscle, jerks, convulsions, staring, spells, body, shaking, unconsciousness, collapse, twitching, awareness",Epilepsy
"sudden, numbness, confusion, severe, headache, vision, loss, nausea, tremor, slow, movement, muscle, stiffness, shaking, hands, slurred, speech, weakness, paralysis, dizziness, balance, pain, facial, drooping, arm, difficulty",Stroke
"difficulty, walking, balance, problems, rigid, muscles, severe, headache, nausea, light, sensitivity, vomiting, intense, head, pain, fatigue, blurred, vision, weakness",Migraine
"sudden, numbness, confusion, severe, headache, vision, loss, nausea, facial, drooping, arm, weakness, speech, difficulty, pain, tremor, slow, movement, muscle, stiffness, shaking, hands",Stroke
"seizure, loss, consciousness, muscle, jerks, confusion, fatigue, severe, headache, nausea, light, sensitivity, vomiting, convulsions, staring, spells, body, shaking, unconsciousness, sudden, collapse, twitching, awareness",Epilepsy
"slurred, speech, weakness, paralysis, dizziness, loss, balance, severe, headache, nausea, light, sensitivity, vomiting, fatigue",Migraine
"dizziness, fatigue, language, problems, poor, judgment, memory, impairment, resting, tremor, slow, speech, reduced, movement, difficulty, walking, balance, rigid, muscles, muscle, stiffness, shaking, hands",Parkinson's
"dizziness, memory, loss, confusion, difficulty, thinking, disorientation, forgetfulness, personality, changes, cognitive, decline, weakness, language, problems, poor, judgment, impairment, facial, drooping, arm, speech",Dementia
"convulsions, staring, spells, body, shaking, unconsciousness, weakness, seizure, loss, consciousness, muscle, jerks, confusion, memory, difficulty, thinking, disorientation, sudden, collapse, twitching, awareness, nausea",Epilepsy
"memory, loss, confusion, difficulty, thinking, disorientation, nausea, pain, forgetfulness, personality, changes, cognitive, decline, severe, headache, light, sensitivity, vomiting, language, problems, poor, judgment, impairment",Dementia
"intense, head, pain, vomiting, fatigue, blurred, vision, slurred, speech, weakness, paralysis, dizziness, loss, balance, severe, headache, nausea, light, sensitivity",Migraine
"headache, facial, drooping, arm, weakness, speech, difficulty, severe, nausea, light, sensitivity, vomiting, intense, head, pain, fatigue, blurred, vision, throbbing, visual, aura, dizziness, sound",Migraine
"resting, tremor, slow, speech, reduced, movement, intense, head, pain, vomiting, fatigue, blurred, vision, dizziness, throbbing, headache, visual, aura, sensitivity, sound, severe, nausea, light",Migraine
"intense, head, pain, vomiting, fatigue, blurred, vision, convulsions, staring, spells, body, shaking, unconsciousness, headache, sudden, collapse, twitching, loss, awareness",Epilepsy
"throbbing, headache, visual, aura, dizziness, sensitivity, sound, pain, severe, nausea, light, vomiting, seizure, loss, consciousness, muscle, jerks, confusion",Migraine
"fatigue, memory, loss, confusion, difficulty, thinking, disorientation, intense, head, pain, vomiting, blurred, vision, forgetfulness, personality, changes, cognitive, decline, language, problems, poor, judgment, impairment",Dementia
"weakness, fatigue, seizure, loss, consciousness, muscle, jerks, confusion",Epilepsy
"severe, headache, nausea, light, sensitivity, vomiting, facial, drooping, arm, weakness, speech, difficulty, pain",Migraine
"pain, sudden, collapse, twitching, loss, awareness, tremor, slow, movement, muscle, stiffness, shaking, hands, headache",Epilepsy
"dizziness, nausea, resting, tremor, slow, speech, reduced, movement",Parkinson's
"tremor, slow, movement, muscle, stiffness, shaking, hands, resting, speech, reduced, difficulty, walking, balance, problems, rigid, muscles, headache, memory, loss, confusion, thinking, disorientation, nausea",Parkinson's
"forgetfulness, personality, changes, cognitive, decline, language, problems, poor, judgment, memory, impairment, resting, tremor, slow, speech, reduced, movement, loss, confusion, difficulty, thinking, disorientation, fatigue, headache",Dementia
"severe, headache, nausea, light, sensitivity, vomiting, dizziness, intense, head, pain, fatigue, blurred, vision, throbbing, visual, aura, sound, seizure, loss, consciousness, muscle, jerks, confusion",Migraine
"dizziness, difficulty, walking, balance, problems, rigid, muscles, resting, tremor, slow, speech, reduced, movement, muscle, stiffness, shaking, hands, fatigue",Parkinson's
"fatigue, tremor, slow, movement, muscle, stiffness, shaking, hands, dizziness",Parkinson's
"headache, throbbing, visual, aura, dizziness, sensitivity, sound, pain, language, problems, poor, judgment, memory, impairment, severe, nausea, light, vomiting, intense, head, fatigue, blurred, vision",Migraine
"nausea, severe, headache, light, sensitivity, vomiting, throbbing, visual, aura, dizziness, sound, intense, head, pain, fatigue, blurred, vision, seizure, loss, consciousness, muscle, jerks, confusion",Migraine
"sudden, numbness, confusion, severe, headache, vision, loss, dizziness, nausea, slurred, speech, weakness, paralysis, balance, facial, drooping, arm, difficulty, convulsions, staring, spells, body, shaking, unconsciousness",Stroke
"tremor, slow, movement, muscle, stiffness, shaking, hands, slurred, speech, weakness, paralysis, dizziness, loss, balance, fatigue, nausea",Parkinson's
"language, problems, poor, judgment, memory, impairment, nausea, convulsions, staring, spells, body, shaking, unconsciousness, forgetfulness, personality, changes, cognitive, decline, fatigue",Dementia
"convulsions, staring, spells, body, shaking, unconsciousness, sudden, collapse, twitching, loss, awareness, throbbing, headache, visual, aura, dizziness, sensitivity, sound, fatigue, pain",Epilepsy
"weakness, nausea, convulsions, staring, spells, body, shaking, unconsciousness, severe, headache, light, sensitivity, vomiting",Epilepsy
"nausea, severe, headache, light, sensitivity, vomiting, tremor, slow, movement, muscle, stiffness, shaking, hands, throbbing, visual, aura, dizziness, sound, intense, head, pain, fatigue, blurred, vision, weakness",Migraine
"pain, dizziness, tremor, slow, movement, muscle, stiffness, shaking, hands, resting, speech, reduced",Parkinson's
"headache, fatigue, facial, drooping, arm, weakness, speech, difficulty",Stroke
"nausea, difficulty, walking, balance, problems, rigid, muscles, slurred, speech, weakness, paralysis, dizziness, loss, fatigue",Parkinson's
"forgetfulness, personality, changes, cognitive, decline, pain, fatigue, throbbing, headache, visual, aura, dizziness, sensitivity, sound",Dementia
"resting, tremor, slow, speech, reduced, movement, nausea, headache, severe, light, sensitivity, vomiting, muscle, stiffness, shaking, hands",Parkinson's
"fatigue, language, problems, poor, judgment, memory, impairment, pain, loss, confusion, difficulty, thinking, disorientation",Dementia
"difficulty, walking, balance, problems, rigid, muscles, weakness, resting, tremor, slow, speech, reduced, movement, muscle, stiffness, shaking, hands, memory, loss, confusion, thinking, disorientation, pain",Parkinson's
"severe, headache, nausea, light, sensitivity, vomiting, pain",Migraine
"language, problems, poor, judgment, memory, impairment, headache, loss, confusion, difficulty, thinking, disorientation, resting, tremor, slow, speech, reduced, movement, dizziness",Dementia
"weakness, intense, head, pain, vomiting, fatigue, blurred, vision, headache, convulsions, staring, spells, body, shaking, unconsciousness, seizure, loss, consciousness, muscle, jerks, confusion",Epilepsy
"convulsions, staring, spells, body, shaking, unconsciousness, throbbing, headache, visual, aura, dizziness, sensitivity, sound, severe, nausea, light, vomiting, weakness, intense, head, pain, fatigue, blurred, vision",Migraine
"language, problems, poor, judgment, memory, impairment, dizziness, loss, confusion, difficulty, thinking, disorientation, fatigue",Dementia
"headache, slurred, speech, weakness, paralysis, dizziness, loss, balance, pain, sudden, numbness, confusion, severe, vision",Stroke
"intense, head, pain, vomiting, fatigue, blurred, vision, throbbing, headache, visual, aura, dizziness, sensitivity, sound, weakness",Migraine
"intense, head, pain, vomiting, fatigue, blurred, vision, facial, drooping, arm, weakness, speech, difficulty, severe, headache, nausea, light, sensitivity",Migraine
"pain, difficulty, walking, balance, problems, rigid, muscles, slurred, speech, weakness, paralysis, dizziness, loss, resting, tremor, slow, reduced, movement, nausea",Parkinson's
"pain, nausea, intense, head, vomiting, fatigue, blurred, vision, resting, tremor, slow, speech, reduced, movement",Parkinson's
"resting, tremor, slow, speech, reduced, movement, sudden, collapse, twitching, loss, awareness, headache, weakness, difficulty, walking, balance, problems, rigid, muscles",Parkinson's
"seizure, loss, consciousness, muscle, jerks, confusion, dizziness, nausea, convulsions, staring, spells, body, shaking, unconsciousness, severe, headache, light, sensitivity, vomiting",Epilepsy
"headache, forgetfulness, personality, changes, cognitive, decline, severe, nausea, light, sensitivity, vomiting",Migraine
"fatigue, headache, difficulty, walking, balance, problems, rigid, muscles",Parkinson's
"memory, loss, confusion, difficulty, thinking, disorientation, throbbing, headache, visual, aura, dizziness, sensitivity, sound, weakness, severe, nausea, light, vomiting",Migraine
"pain, tremor, slow, movement, muscle, stiffness, shaking, hands, fatigue",Parkinson's
"throbbing, headache, visual, aura, dizziness, sensitivity, sound, fatigue, pain, tremor, slow, movement, muscle, stiffness, shaking, hands",Migraine
"memory, loss, confusion, difficulty, thinking, disorientation, walking, balance, problems, rigid, muscles, nausea, headache, resting, tremor, slow, speech, reduced, movement",Parkinson's
"dizziness, slurred, speech, weakness, paralysis, loss, balance, facial, drooping, arm, difficulty, fatigue, sudden, numbness, confusion, severe, headache, vision",Stroke
"fatigue, severe, headache, nausea, light, sensitivity, vomiting, seizure, loss, consciousness, muscle, jerks, confusion, throbbing, visual, aura, dizziness, sound",Migraine
"dizziness, throbbing, headache, visual, aura, sensitivity, sound, severe, nausea, light, vomiting, memory, loss, confusion, difficulty, thinking, disorientation",Migraine
"language, problems, poor, judgment, memory, impairment, forgetfulness, personality, changes, cognitive, decline, headache, dizziness",Dementia
"fatigue, sudden, collapse, twitching, loss, awareness, weakness, memory, confusion, difficulty, thinking, disorientation",Dementia
"tremor, slow, movement, muscle, stiffness, shaking, hands, facial, drooping, arm, weakness, speech, difficulty, slurred, paralysis, dizziness, loss, balance, sudden, numbness, confusion, severe, headache, vision, nausea",Stroke
"pain, fatigue, tremor, slow, movement, muscle, stiffness, shaking, hands, difficulty, walking, balance, problems, rigid, muscles, resting, speech, reduced",Parkinson's
"headache, slurred, speech, weakness, paralysis, dizziness, loss, balance, difficulty, walking, problems, rigid, muscles, fatigue",Parkinson's
"memory, loss, confusion, difficulty, thinking, disorientation, fatigue, forgetfulness, personality, changes, cognitive, decline, severe, headache, nausea, light, sensitivity, vomiting, dizziness, language, problems, poor, judgment, impairment",Dementia
"fatigue, convulsions, staring, spells, body, shaking, unconsciousness, sudden, numbness, confusion, severe, headache, vision, loss, collapse, twitching, awareness",Epilepsy
"memory, loss, confusion, difficulty, thinking, disorientation, headache, sudden, collapse, twitching, awareness, pain, forgetfulness, personality, changes, cognitive, decline",Dementia
"difficulty, walking, balance, problems, rigid, muscles, fatigue, tremor, slow, movement, muscle, stiffness, shaking, hands, headache, resting, speech, reduced",Parkinson's
"pain, fatigue, facial, drooping, arm, weakness, speech, difficulty, slurred, paralysis, dizziness, loss, balance, resting, tremor, slow, reduced, movement, sudden, numbness, confusion, severe, headache, vision",Stroke
"pain, resting, tremor, slow, speech, reduced, movement, throbbing, headache, visual, aura, dizziness, sensitivity, sound, difficulty, walking, balance, problems, rigid, muscles, nausea",Parkinson's
"dizziness, sudden, collapse, twitching, loss, awareness, pain, severe, headache, nausea, light, sensitivity, vomiting",Epilepsy
"nausea, slurred, speech, weakness, paralysis, dizziness, loss, balance, severe, headache, light, sensitivity, vomiting",Stroke
"memory, loss, confusion, difficulty, thinking, disorientation, pain, slurred, speech, weakness, paralysis, dizziness, balance, fatigue, language, problems, poor, judgment, impairment, forgetfulness, personality, changes, cognitive, decline",Dementia
"headache, nausea, resting, tremor, slow, speech, reduced, movement, sudden, numbness, confusion, severe, vision, loss",Parkinson's
"sudden, numbness, confusion, severe, headache, vision, loss, weakness, facial, drooping, arm, speech, difficulty",Stroke
"memory, loss, confusion, difficulty, thinking, disorientation, pain, forgetfulness, personality, changes, cognitive, decline, walking, balance, problems, rigid, muscles, language, poor, judgment, impairment, fatigue",Dementia
"throbbing, headache, visual, aura, dizziness, sensitivity, sound, weakness, sudden, numbness, confusion, severe, vision, loss",Stroke
"pain, throbbing, headache, visual, aura, dizziness, sensitivity, sound, nausea, slurred, speech, weakness, paralysis, loss, balance",Stroke
"tremor, slow, movement, muscle, stiffness, shaking, hands, weakness, throbbing, headache, visual, aura, dizziness, sensitivity, sound, pain, difficulty, walking, balance, problems, rigid, muscles",Parkinson's
"tremor, slow, movement, muscle, stiffness, shaking, hands, throbbing, headache, visual, aura, dizziness, sensitivity, sound, weakness, severe, nausea, light, vomiting, pain",Migraine
"language, problems, poor, judgment, memory, impairment, dizziness, forgetfulness, personality, changes, cognitive, decline, weakness, sudden, numbness, confusion, severe, headache, vision, loss",Dementia
"pain, sudden, numbness, confusion, severe, headache, vision, loss, nausea",Stroke
"pain, headache, sudden, collapse, twitching, loss, awareness, seizure, consciousness, muscle, jerks, confusion, difficulty, walking, balance, problems, rigid, muscles, convulsions, staring, spells, body, shaking, unconsciousness",Epilepsy
"headache, nausea, forgetfulness, personality, changes, cognitive, decline, severe, light, sensitivity, vomiting, throbbing, visual, aura, dizziness, sound, intense, head, pain, fatigue, blurred, vision",Migraine
"tremor, slow, movement, muscle, stiffness, shaking, hands, weakness, intense, head, pain, vomiting, fatigue, blurred, vision, dizziness",Parkinson's
"language, problems, poor, judgment, memory, impairment, loss, confusion, difficulty, thinking, disorientation, fatigue, forgetfulness, personality, changes, cognitive, decline, headache, tremor, slow, movement, muscle, stiffness, shaking, hands",Dementia
"difficulty, walking, balance, problems, rigid, muscles, headache, weakness, sudden, collapse, twitching, loss, awareness",Epilepsy
"pain, tremor, slow, movement, muscle, stiffness, shaking, hands, memory, loss, confusion, difficulty, thinking, disorientation, language, problems, poor, judgment, impairment, forgetfulness, personality, changes, cognitive, decline, nausea",Dementia
"headache, fatigue, severe, nausea, light, sensitivity, vomiting, throbbing, visual, aura, dizziness, sound, sudden, collapse, twitching, loss, awareness",Migraine
"pain, forgetfulness, personality, changes, cognitive, decline, dizziness, resting, tremor, slow, speech, reduced, movement",Parkinson's
"weakness, fatigue, seizure, loss, consciousness, muscle, jerks, confusion, severe, headache, nausea, light, sensitivity, vomiting, sudden, collapse, twitching, awareness, convulsions, staring, spells, body, shaking, unconsciousness",Epilepsy
"memory, loss, confusion, difficulty, thinking, disorientation, pain, facial, drooping, arm, weakness, speech, fatigue",Stroke
"seizure, loss, consciousness, muscle, jerks, confusion, intense, head, pain, vomiting, fatigue, blurred, vision, throbbing, headache, visual, aura, dizziness, sensitivity, sound, severe, nausea, light, weakness",Migraine
"resting, tremor, slow, speech, reduced, movement, sudden, collapse, twitching, loss, awareness, weakness, convulsions, staring, spells, body, shaking, unconsciousness, headache, seizure, consciousness, muscle, jerks, confusion",Epilepsy
"throbbing, headache, visual, aura, dizziness, sensitivity, sound, sudden, numbness, confusion, severe, vision, loss, pain",Stroke
"dizziness, weakness, difficulty, walking, balance, problems, rigid, muscles, language, poor, judgment, memory, impairment",Parkinson's
"weakness, fatigue, resting, tremor, slow, speech, reduced, movement, muscle, stiffness, shaking, hands, difficulty, walking, balance, problems, rigid, muscles, convulsions, staring, spells, body, unconsciousness",Parkinson's
"language, problems, poor, judgment, memory, impairment, tremor, slow, movement, muscle, stiffness, shaking, hands, weakness, difficulty, walking, balance, rigid, muscles, headache, resting, speech, reduced",Parkinson's
"memory, loss, confusion, difficulty, thinking, disorientation, weakness, convulsions, staring, spells, body, shaking, unconsciousness, seizure, consciousness, muscle, jerks, sudden, collapse, twitching, awareness, pain",Epilepsy
"sudden, collapse, twitching, loss, awareness, weakness, headache, difficulty, walking, balance, problems, rigid, muscles",Epilepsy
"nausea, tremor, slow, movement, muscle, stiffness, shaking, hands, fatigue, difficulty, walking, balance, problems, rigid, muscles, resting, speech, reduced",Parkinson's
"dizziness, facial, drooping, arm, weakness, speech, difficulty, sudden, numbness, confusion, severe, headache, vision, loss, nausea, light, sensitivity, vomiting",Stroke
"pain, tremor, slow, movement, muscle, stiffness, shaking, hands, nausea, difficulty, walking, balance, problems, rigid, muscles",Parkinson's
"headache, dizziness, forgetfulness, personality, changes, cognitive, decline",Dementia
"convulsions, staring, spells, body, shaking, unconsciousness, sudden, collapse, twitching, loss, awareness, headache, resting, tremor, slow, speech, reduced, movement, nausea, seizure, consciousness, muscle, jerks, confusion",Epilepsy
"sudden, collapse, twitching, loss, awareness, intense, head, pain, vomiting, fatigue, blurred, vision, throbbing, headache, visual, aura, dizziness, sensitivity, sound, severe, nausea, light",Migraine
"convulsions, staring, spells, body, shaking, unconsciousness, slurred, speech, weakness, paralysis, dizziness, loss, balance, sudden, collapse, twitching, awareness, nausea, seizure, consciousness, muscle, jerks, confusion",Epilepsy
"seizure, loss, consciousness, muscle, jerks, confusion, difficulty, walking, balance, problems, rigid, muscles, fatigue, convulsions, staring, spells, body, shaking, unconsciousness, weakness",Epilepsy
"headache, weakness, throbbing, visual, aura, dizziness, sensitivity, sound, seizure, loss, consciousness, muscle, jerks, confusion",Epilepsy
"dizziness, sudden, numbness, confusion, severe, headache, vision, loss, facial, drooping, arm, weakness, speech, difficulty, nausea, light, sensitivity, vomiting",Stroke
"seizure, loss, consciousness, muscle, jerks, confusion, dizziness, pain, slurred, speech, weakness, paralysis, balance",Stroke
"resting, tremor, slow, speech, reduced, movement, severe, headache, nausea, light, sensitivity, vomiting, weakness, muscle, stiffness, shaking, hands, difficulty, walking, balance, problems, rigid, muscles",Parkinson's
"forgetfulness, personality, changes, cognitive, decline, weakness, sudden, numbness, confusion, severe, headache, vision, loss, dizziness",Stroke
"tremor, slow, movement, muscle, stiffness, shaking, hands, headache, dizziness, memory, loss, confusion, difficulty, thinking, disorientation",Dementia
"dizziness, difficulty, walking, balance, problems, rigid, muscles, intense, head, pain, vomiting, fatigue, blurred, vision, severe, headache, nausea, light, sensitivity, throbbing, visual, aura, sound",Migraine
"memory, loss, confusion, difficulty, thinking, disorientation, pain, language, problems, poor, judgment, impairment, forgetfulness, personality, changes, cognitive, decline, weakness",Dementia
"forgetfulness, personality, changes, cognitive, decline, dizziness, language, problems, poor, judgment, memory, impairment, loss, confusion, difficulty, thinking, disorientation, headache",Dementia
"nausea, pain, resting, tremor, slow, speech, reduced, movement, muscle, stiffness, shaking, hands, difficulty, walking, balance, problems, rigid, muscles, memory, loss, confusion, thinking, disorientation",Parkinson's
"forgetfulness, personality, changes, cognitive, decline, slurred, speech, weakness, paralysis, dizziness, loss, balance, nausea, language, problems, poor, judgment, memory, impairment",Dementia
"difficulty, walking, balance, problems, rigid, muscles, nausea, sudden, numbness, confusion, severe, headache, vision, loss, weakness, slurred, speech, paralysis, dizziness",Stroke
"intense, head, pain, vomiting, fatigue, blurred, vision, slurred, speech, weakness, paralysis, dizziness, loss, balance, nausea, facial, drooping, arm, difficulty",Stroke
"dizziness, resting, tremor, slow, speech, reduced, movement, memory, loss, confusion, difficulty, thinking, disorientation, muscle, stiffness, shaking, hands, pain, walking, balance, problems, rigid, muscles",Parkinson's
"severe, headache, nausea, light, sensitivity, vomiting, throbbing, visual, aura, dizziness, sound, intense, head, pain, fatigue, blurred, vision, facial, drooping, arm, weakness, speech, difficulty",Migraine
"pain, dizziness, forgetfulness, personality, changes, cognitive, decline",Dementia
"nausea, memory, loss, confusion, difficulty, thinking, disorientation, pain, severe, headache, light, sensitivity, vomiting",Dementia
"tremor, slow, movement, muscle, stiffness, shaking, hands, difficulty, walking, balance, problems, rigid, muscles, dizziness, slurred, speech, weakness, paralysis, loss, resting, reduced, headache",Parkinson's
"nausea, pain, difficulty, walking, balance, problems, rigid, muscles, memory, loss, confusion, thinking, disorientation",Dementia
"language, problems, poor, judgment, memory, impairment, resting, tremor, slow, speech, reduced, movement, nausea, dizziness",Parkinson's
"headache, difficulty, walking, balance, problems, rigid, muscles, facial, drooping, arm, weakness, speech, slurred, paralysis, dizziness, loss, nausea",Stroke
"nausea, severe, headache, light, sensitivity, vomiting, intense, head, pain, fatigue, blurred, vision, throbbing, visual, aura, dizziness, sound, facial, drooping, arm, weakness, speech, difficulty",Migraine
"dizziness, intense, head, pain, vomiting, fatigue, blurred, vision, nausea, severe, headache, light, sensitivity",Migraine
"nausea, sudden, numbness, confusion, severe, headache, vision, loss, dizziness, convulsions, staring, spells, body, shaking, unconsciousness, slurred, speech, weakness, paralysis, balance",Stroke
"sudden, numbness, confusion, severe, headache, vision, loss, pain, weakness, forgetfulness, personality, changes, cognitive, decline, memory, difficulty, thinking, disorientation, language, problems, poor, judgment, impairment",Dementia
"forgetfulness, personality, changes, cognitive, decline, memory, loss, confusion, difficulty, thinking, disorientation, language, problems, poor, judgment, impairment, dizziness, fatigue, walking, balance, rigid, muscles",Dementia
"dizziness, nausea, sudden, numbness, confusion, severe, headache, vision, loss, collapse, twitching, awareness, facial, drooping, arm, weakness, speech, difficulty",Stroke
"language, problems, poor, judgment, memory, impairment, headache, weakness, convulsions, staring, spells, body, shaking, unconsciousness",Dementia
"difficulty, walking, balance, problems, rigid, muscles, weakness, facial, drooping, arm, speech, tremor, slow, movement, muscle, stiffness, shaking, hands, pain, resting, reduced",Parkinson's
"difficulty, walking, balance, problems, rigid, muscles, dizziness, resting, tremor, slow, speech, reduced, movement, muscle, stiffness, shaking, hands, nausea",Parkinson's
"fatigue, severe, headache, nausea, light, sensitivity, vomiting, intense, head, pain, blurred, vision, throbbing, visual, aura, dizziness, sound",Migraine
"sudden, numbness, confusion, severe, headache, vision, loss, nausea, slurred, speech, weakness, paralysis, dizziness, balance, pain, difficulty, walking, problems, rigid, muscles, facial, drooping, arm",Stroke
"pain, throbbing, headache, visual, aura, dizziness, sensitivity, sound, fatigue, resting, tremor, slow, speech, reduced, movement",Migraine
"sudden, numbness, confusion, severe, headache, vision, loss, throbbing, visual, aura, dizziness, sensitivity, sound, pain, intense, head, vomiting, fatigue, blurred, nausea, light",Migraine
"pain, sudden, collapse, twitching, loss, awareness, dizziness, convulsions, staring, spells, body, shaking, unconsciousness, resting, tremor, slow, speech, reduced, movement",Epilepsy
"sudden, numbness, confusion, severe, headache, vision, loss, weakness, difficulty, walking, balance, problems, rigid, muscles, fatigue",Parkinson's
"slurred, speech, weakness, paralysis, dizziness, loss, balance, sudden, collapse, twitching, awareness, seizure, consciousness, muscle, jerks, confusion, convulsions, staring, spells, body, shaking, unconsciousness, nausea",Epilepsy
"resting, tremor, slow, speech, reduced, movement, dizziness, sudden, numbness, confusion, severe, headache, vision, loss, muscle, stiffness, shaking, hands, difficulty, walking, balance, problems, rigid, muscles, fatigue",Parkinson's
"headache, intense, head, pain, vomiting, fatigue, blurred, vision, seizure, loss, consciousness, muscle, jerks, confusion",Migraine
"nausea, seizure, loss, consciousness, muscle, jerks, confusion, dizziness, resting, tremor, slow, speech, reduced, movement, sudden, collapse, twitching, awareness",Epilepsy
"dizziness, intense, head, pain, vomiting, fatigue, blurred, vision, throbbing, headache, visual, aura, sensitivity, sound, severe, nausea, light",Migraine
"weakness, forgetfulness, personality, changes, cognitive, decline, memory, loss, confusion, difficulty, thinking, disorientation, pain, sudden, collapse, twitching, awareness",Dementia
"pain, weakness, intense, head, vomiting, fatigue, blurred, vision",Migraine
"fatigue, memory, loss, confusion, difficulty, thinking, disorientation, nausea",Dementia
"severe, headache, nausea, light, sensitivity, vomiting, memory, loss, confusion, difficulty, thinking, disorientation, weakness, intense, head, pain, fatigue, blurred, vision, throbbing, visual, aura, dizziness, sound",Migraine
"fatigue, memory, loss, confusion, difficulty, thinking, disorientation, headache, facial, drooping, arm, weakness, speech",Dementia
"seizure, loss, consciousness, muscle, jerks, confusion, sudden, collapse, twitching, awareness, convulsions, staring, spells, body, shaking, unconsciousness, headache, nausea",Epilepsy
"facial, drooping, arm, weakness, speech, difficulty, intense, head, pain, vomiting, fatigue, blurred, vision, headache",Migraine
"forgetfulness, personality, changes, cognitive, decline, dizziness, fatigue",Dementia
"sudden, collapse, twitching, loss, awareness, throbbing, headache, visual, aura, dizziness, sensitivity, sound, convulsions, staring, spells, body, shaking, unconsciousness, pain, weakness",Epilepsy
"resting, tremor, slow, speech, reduced, movement, nausea, headache",Parkinson's
"pain, intense, head, vomiting, fatigue, blurred, vision, weakness, sudden, numbness, confusion, severe, headache, loss, facial, drooping, arm, speech, difficulty",Stroke
"language, problems, poor, judgment, memory, impairment, loss, confusion, difficulty, thinking, disorientation, fatigue, dizziness, forgetfulness, personality, changes, cognitive, decline, sudden, numbness, severe, headache, vision",Dementia
"fatigue, forgetfulness, personality, changes, cognitive, decline, language, problems, poor, judgment, memory, impairment, nausea",Dementia
"nausea, memory, loss, confusion, difficulty, thinking, disorientation, dizziness, language, problems, poor, judgment, impairment",Dementia
"resting, tremor, slow, speech, reduced, movement, weakness, difficulty, walking, balance, problems, rigid, muscles, muscle, stiffness, shaking, hands, headache, forgetfulness, personality, changes, cognitive, decline",Parkinson's
"slurred, speech, weakness, paralysis, dizziness, loss, balance, resting, tremor, slow, reduced, movement, difficulty, walking, problems, rigid, muscles, muscle, stiffness, shaking, hands",Parkinson's
"seizure, loss, consciousness, muscle, jerks, confusion, memory, difficulty, thinking, disorientation, nausea, weakness",Dementia
"headache, throbbing, visual, aura, dizziness, sensitivity, sound, nausea, intense, head, pain, vomiting, fatigue, blurred, vision, facial, drooping, arm, weakness, speech, difficulty",Migraine
"seizure, loss, consciousness, muscle, jerks, confusion, convulsions, staring, spells, body, shaking, unconsciousness, sudden, collapse, twitching, awareness, pain, slurred, speech, weakness, paralysis, dizziness, balance, fatigue",Epilepsy
"dizziness, language, problems, poor, judgment, memory, impairment, pain",Dementia
"intense, head, pain, vomiting, fatigue, blurred, vision, weakness, dizziness, memory, loss, confusion, difficulty, thinking, disorientation",Dementia
"nausea, severe, headache, light, sensitivity, vomiting, fatigue, tremor, slow, movement, muscle, stiffness, shaking, hands",Parkinson's
"resting, tremor, slow, speech, reduced, movement, difficulty, walking, balance, problems, rigid, muscles, dizziness, muscle, stiffness, shaking, hands, weakness, memory, loss, confusion, thinking, disorientation",Parkinson's
"forgetfulness, personality, changes, cognitive, decline, fatigue, sudden, numbness, confusion, severe, headache, vision, loss, pain, slurred, speech, weakness, paralysis, dizziness, balance, facial, drooping, arm, difficulty",Stroke
"seizure, loss, consciousness, muscle, jerks, confusion, forgetfulness, personality, changes, cognitive, decline, pain, weakness, convulsions, staring, spells, body, shaking, unconsciousness",Epilepsy
"nausea, sudden, collapse, twitching, loss, awareness, numbness, confusion, severe, headache, vision, seizure, consciousness, muscle, jerks, dizziness",Epilepsy
"tremor, slow, movement, muscle, stiffness, shaking, hands, nausea, weakness, convulsions, staring, spells, body, unconsciousness, resting, speech, reduced",Parkinson's
"headache, seizure, loss, consciousness, muscle, jerks, confusion, nausea, convulsions, staring, spells, body, shaking, unconsciousness, sudden, collapse, twitching, awareness, intense, head, pain, vomiting, fatigue, blurred, vision",Epilepsy
"language, problems, poor, judgment, memory, impairment, weakness, headache, seizure, loss, consciousness, muscle, jerks, confusion",Epilepsy
"sudden, collapse, twitching, loss, awareness, intense, head, pain, vomiting, fatigue, blurred, vision, convulsions, staring, spells, body, shaking, unconsciousness, weakness",Epilepsy
"weakness, forgetfulness, personality, changes, cognitive, decline, headache, seizure, loss, consciousness, muscle, jerks, confusion",Epilepsy
"slurred, speech, weakness, paralysis, dizziness, loss, balance, nausea, severe, headache, light, sensitivity, vomiting",Migraine
"pain, forgetfulness, personality, changes, cognitive, decline, tremor, slow, movement, muscle, stiffness, shaking, hands, fatigue, difficulty, walking, balance, problems, rigid, muscles",Parkinson's
"convulsions, staring, spells, body, shaking, unconsciousness, throbbing, headache, visual, aura, dizziness, sensitivity, sound",Migraine
"forgetfulness, personality, changes, cognitive, decline, dizziness, sudden, collapse, twitching, loss, awareness, headache, memory, confusion, difficulty, thinking, disorientation",Dementia
"nausea, weakness, intense, head, pain, vomiting, fatigue, blurred, vision, severe, headache, light, sensitivity, throbbing, visual, aura, dizziness, sound, sudden, collapse, twitching, loss, awareness",Migraine
"convulsions, staring, spells, body, shaking, unconsciousness, throbbing, headache, visual, aura, dizziness, sensitivity, sound, severe, nausea, light, vomiting, pain, intense, head, fatigue, blurred, vision",Migraine
"headache, weakness, sudden, collapse, twitching, loss, awareness, seizure, consciousness, muscle, jerks, confusion, memory, difficulty, thinking, disorientation",Epilepsy
"forgetfulness, personality, changes, cognitive, decline, resting, tremor, slow, speech, reduced, movement, language, problems, poor, judgment, memory, impairment, dizziness, loss, confusion, difficulty, thinking, disorientation, nausea",Dementia
"nausea, pain, slurred, speech, weakness, paralysis, dizziness, loss, balance, facial, drooping, arm, difficulty",Stroke
"pain, dizziness, language, problems, poor, judgment, memory, impairment, tremor, slow, movement, muscle, stiffness, shaking, hands",Dementia
"throbbing, headache, visual, aura, dizziness, sensitivity, sound, sudden, collapse, twitching, loss, awareness, nausea",Migraine
"language, problems, poor, judgment, memory, impairment, loss, confusion, difficulty, thinking, disorientation, forgetfulness, personality, changes, cognitive, decline, fatigue, dizziness",Dementia
"headache, slurred, speech, weakness, paralysis, dizziness, loss, balance, fatigue, severe, nausea, light, sensitivity, vomiting",Migraine
"slurred, speech, weakness, paralysis, dizziness, loss, balance, intense, head, pain, vomiting, fatigue, blurred, vision, throbbing, headache, visual, aura, sensitivity, sound",Migraine
"pain, language, problems, poor, judgment, memory, impairment, weakness",Dementia
"pain, nausea, slurred, speech, weakness, paralysis, dizziness, loss, balance, throbbing, headache, visual, aura, sensitivity, sound",Migraine
"pain, dizziness, difficulty, walking, balance, problems, rigid, muscles, language, poor, judgment, memory, impairment, forgetfulness, personality, changes, cognitive, decline",Dementia
"pain, weakness, resting, tremor, slow, speech, reduced, movement",Parkinson's
"severe, headache, nausea, light, sensitivity, vomiting, facial, drooping, arm, weakness, speech, difficulty, fatigue",Stroke
"sudden, numbness, confusion, severe, headache, vision, loss, dizziness, language, problems, poor, judgment, memory, impairment, facial, drooping, arm, weakness, speech, difficulty, fatigue, slurred, paralysis, balance",Stroke
"forgetfulness, personality, changes, cognitive, decline, language, problems, poor, judgment, memory, impairment, headache, seizure, loss, consciousness, muscle, jerks, confusion, fatigue, difficulty, thinking, disorientation",Dementia
"dizziness, sudden, collapse, twitching, loss, awareness, fatigue, numbness, confusion, severe, headache, vision",Stroke
"slurred, speech, weakness, paralysis, dizziness, loss, balance, facial, drooping, arm, difficulty, nausea, language, problems, poor, judgment, memory, impairment",Stroke
"dizziness, facial, drooping, arm, weakness, speech, difficulty, forgetfulness, personality, changes, cognitive, decline, pain, memory, loss, confusion, thinking, disorientation, language, problems, poor, judgment, impairment",Dementia
"facial, drooping, arm, weakness, speech, difficulty, fatigue, sudden, numbness, confusion, severe, headache, vision, loss, slurred, paralysis, dizziness, balance, intense, head, pain, vomiting, blurred, nausea",Stroke
"facial, drooping, arm, weakness, speech, difficulty, language, problems, poor, judgment, memory, impairment, headache, forgetfulness, personality, changes, cognitive, decline",Dementia
"slurred, speech, weakness, paralysis, dizziness, loss, balance, headache, fatigue, sudden, numbness, confusion, severe, vision",Stroke
"memory, loss, confusion, difficulty, thinking, disorientation, weakness, nausea, language, problems, poor, judgment, impairment",Dementia
"fatigue, headache, sudden, numbness, confusion, severe, vision, loss, memory, difficulty, thinking, disorientation",Dementia
"weakness, pain, resting, tremor, slow, speech, reduced, movement",Parkinson's
"forgetfulness, personality, changes, cognitive, decline, dizziness, intense, head, pain, vomiting, fatigue, blurred, vision",Migraine
"headache, memory, loss, confusion, difficulty, thinking, disorientation, weakness, language, problems, poor, judgment, impairment",Dementia
"difficulty, walking, balance, problems, rigid, muscles, headache, memory, loss, confusion, thinking, disorientation, resting, tremor, slow, speech, reduced, movement, dizziness",Parkinson's
"sudden, numbness, confusion, severe, headache, vision, loss, tremor, slow, movement, muscle, stiffness, shaking, hands, pain, difficulty, walking, balance, problems, rigid, muscles, resting, speech, reduced",Parkinson's
"weakness, throbbing, headache, visual, aura, dizziness, sensitivity, sound, intense, head, pain, vomiting, fatigue, blurred, vision, severe, nausea, light",Migraine
"slurred, speech, weakness, paralysis, dizziness, loss, balance, difficulty, walking, problems, rigid, muscles, fatigue, tremor, slow, movement, muscle, stiffness, shaking, hands, resting, reduced, headache",Parkinson's
"pain, convulsions, staring, spells, body, shaking, unconsciousness, sudden, collapse, twitching, loss, awareness, nausea",Epilepsy
"language, problems, poor, judgment, memory, impairment, dizziness, forgetfulness, personality, changes, cognitive, decline, headache, loss, confusion, difficulty, thinking, disorientation, walking, balance, rigid, muscles",Dementia
"difficulty, walking, balance, problems, rigid, muscles, weakness, resting, tremor, slow, speech, reduced, movement, muscle, stiffness, shaking, hands, pain",Parkinson's
"throbbing, headache, visual, aura, dizziness, sensitivity, sound, severe, nausea, light, vomiting, pain, sudden, numbness, confusion, vision, loss",Migraine
"weakness, memory, loss, confusion, difficulty, thinking, disorientation, forgetfulness, personality, changes, cognitive, decline, headache",Dementia
"memory, loss, confusion, difficulty, thinking, disorientation, facial, drooping, arm, weakness, speech, dizziness, fatigue",Stroke
"fatigue, sudden, collapse, twitching, loss, awareness, nausea, intense, head, pain, vomiting, blurred, vision",Migraine
"seizure, loss, consciousness, muscle, jerks, confusion, sudden, collapse, twitching, awareness, fatigue, weakness, convulsions, staring, spells, body, shaking, unconsciousness, forgetfulness, personality, changes, cognitive, decline",Epilepsy
"resting, tremor, slow, speech, reduced, movement, difficulty, walking, balance, problems, rigid, muscles, weakness, muscle, stiffness, shaking, hands, pain",Parkinson's
"resting, tremor, slow, speech, reduced, movement, difficulty, walking, balance, problems, rigid, muscles, weakness, sudden, numbness, confusion, severe, headache, vision, loss, muscle, stiffness, shaking, hands",Parkinson's
"sudden, numbness, confusion, severe, headache, vision, loss, nausea, pain, slurred, speech, weakness, paralysis, dizziness, balance, light, sensitivity, vomiting, facial, drooping, arm, difficulty",Stroke
"pain, difficulty, walking, balance, problems, rigid, muscles, dizziness, throbbing, headache, visual, aura, sensitivity, sound",Migraine
"language, problems, poor, judgment, memory, impairment, dizziness, fatigue, facial, drooping, arm, weakness, speech, difficulty",Stroke
"resting, tremor, slow, speech, reduced, movement, nausea, headache, muscle, stiffness, shaking, hands, memory, loss, confusion, difficulty, thinking, disorientation",Parkinson's
"nausea, facial, drooping, arm, weakness, speech, difficulty, dizziness, sudden, numbness, confusion, severe, headache, vision, loss, slurred, paralysis, balance",Stroke
"sudden, numbness, confusion, severe, headache, vision, loss, fatigue, pain, memory, difficulty, thinking, disorientation",Stroke
"seizure, loss, consciousness, muscle, jerks, confusion, language, problems, poor, judgment, memory, impairment, dizziness, weakness",Epilepsy
"weakness, nausea, resting, tremor, slow, speech, reduced, movement, throbbing, headache, visual, aura, dizziness, sensitivity, sound, severe, light, vomiting, intense, head, pain, fatigue, blurred, vision",Migraine
"forgetfulness, personality, changes, cognitive, decline, nausea, tremor, slow, movement, muscle, stiffness, shaking, hands, weakness",Parkinson's
"facial, drooping, arm, weakness, speech, difficulty, slurred, paralysis, dizziness, loss, balance, walking, problems, rigid, muscles, pain, sudden, numbness, confusion, severe, headache, vision",Stroke
"seizure, loss, consciousness, muscle, jerks, confusion, fatigue, sudden, numbness, severe, headache, vision, pain, convulsions, staring, spells, body, shaking, unconsciousness",Epilepsy
"fatigue, convulsions, staring, spells, body, shaking, unconsciousness, language, problems, poor, judgment, memory, impairment, sudden, collapse, twitching, loss, awareness, dizziness, seizure, consciousness, muscle, jerks, confusion",Epilepsy
"sudden, numbness, confusion, severe, headache, vision, loss, nausea, forgetfulness, personality, changes, cognitive, decline, weakness, slurred, speech, paralysis, dizziness, balance",Stroke
"fatigue, pain, forgetfulness, personality, changes, cognitive, decline, seizure, loss, consciousness, muscle, jerks, confusion, memory, difficulty, thinking, disorientation",Dementia
"nausea, seizure, loss, consciousness, muscle, jerks, confusion, dizziness, convulsions, staring, spells, body, shaking, unconsciousness, forgetfulness, personality, changes, cognitive, decline",Epilepsy
"sudden, collapse, twitching, loss, awareness, fatigue, difficulty, walking, balance, problems, rigid, muscles, tremor, slow, movement, muscle, stiffness, shaking, hands, dizziness, resting, speech, reduced",Parkinson's
"sudden, numbness, confusion, severe, headache, vision, loss, tremor, slow, movement, muscle, stiffness, shaking, hands, dizziness",Parkinson's
"nausea, resting, tremor, slow, speech, reduced, movement, difficulty, walking, balance, problems, rigid, muscles, muscle, stiffness, shaking, hands, weakness, language, poor, judgment, memory, impairment",Parkinson's
"memory, loss, confusion, difficulty, thinking, disorientation, slurred, speech, weakness, paralysis, dizziness, balance, language, problems, poor, judgment, impairment, fatigue",Dementia
"headache, dizziness, seizure, loss, consciousness, muscle, jerks, confusion, tremor, slow, movement, stiffness, shaking, hands, sudden, collapse, twitching, awareness",Epilepsy
"headache, difficulty, walking, balance, problems, rigid, muscles, throbbing, visual, aura, dizziness, sensitivity, sound, severe, nausea, light, vomiting, intense, head, pain, fatigue, blurred, vision",Migraine
"sudden, numbness, confusion, severe, headache, vision, loss, weakness, facial, drooping, arm, speech, difficulty, forgetfulness, personality, changes, cognitive, decline",Stroke
"fatigue, facial, drooping, arm, weakness, speech, difficulty, slurred, paralysis, dizziness, loss, balance, sudden, numbness, confusion, severe, headache, vision",Stroke
"facial, drooping, arm, weakness, speech, difficulty, slurred, paralysis, dizziness, loss, balance, severe, headache, nausea, light, sensitivity, vomiting, sudden, numbness, confusion, vision",Stroke
"severe, headache, nausea, light, sensitivity, vomiting, weakness, convulsions, staring, spells, body, shaking, unconsciousness",Epilepsy
"memory, loss, confusion, difficulty, thinking, disorientation, weakness, language, problems, poor, judgment, impairment, fatigue, forgetfulness, personality, changes, cognitive, decline, facial, drooping, arm, speech",Dementia
"headache, convulsions, staring, spells, body, shaking, unconsciousness, pain, resting, tremor, slow, speech, reduced, movement",Epilepsy
"throbbing, headache, visual, aura, dizziness, sensitivity, sound, fatigue, resting, tremor, slow, speech, reduced, movement, difficulty, walking, balance, problems, rigid, muscles",Parkinson's
"fatigue, sudden, collapse, twitching, loss, awareness, convulsions, staring, spells, body, shaking, unconsciousness, weakness, seizure, consciousness, muscle, jerks, confusion",Epilepsy
"dizziness, language, problems, poor, judgment, memory, impairment, pain, facial, drooping, arm, weakness, speech, difficulty, loss, confusion, thinking, disorientation, forgetfulness, personality, changes, cognitive, decline",Dementia
"tremor, slow, movement, muscle, stiffness, shaking, hands, fatigue, dizziness, sudden, numbness, confusion, severe, headache, vision, loss",Stroke
"pain, headache, memory, loss, confusion, difficulty, thinking, disorientation",Dementia
"facial, drooping, arm, weakness, speech, difficulty, fatigue, pain, seizure, loss, consciousness, muscle, jerks, confusion",Epilepsy
"pain, convulsions, staring, spells, body, shaking, unconsciousness, seizure, loss, consciousness, muscle, jerks, confusion, headache",Epilepsy
"nausea, forgetfulness, personality, changes, cognitive, decline, fatigue, memory, loss, confusion, difficulty, thinking, disorientation",Dementia
"pain, nausea, slurred, speech, weakness, paralysis, dizziness, loss, balance, facial, drooping, arm, difficulty, convulsions, staring, spells, body, shaking, unconsciousness, sudden, numbness, confusion, severe, headache, vision",Stroke
"facial, drooping, arm, weakness, speech, difficulty, throbbing, headache, visual, aura, dizziness, sensitivity, sound, severe, nausea, light, vomiting, fatigue",Migraine
"resting, tremor, slow, speech, reduced, movement, weakness, throbbing, headache, visual, aura, dizziness, sensitivity, sound, severe, nausea, light, vomiting",Migraine
"nausea, sudden, numbness, confusion, severe, headache, vision, loss, fatigue, facial, drooping, arm, weakness, speech, difficulty, language, problems, poor, judgment, memory, impairment, slurred, paralysis, dizziness, balance",Stroke
"throbbing, headache, visual, aura, dizziness, sensitivity, sound, difficulty, walking, balance, problems, rigid, muscles, intense, head, pain, vomiting, fatigue, blurred, vision, severe, nausea, light, weakness",Migraine
"seizure, loss, consciousness, muscle, jerks, confusion, severe, headache, nausea, light, sensitivity, vomiting, sudden, collapse, twitching, awareness, fatigue, convulsions, staring, spells, body, shaking, unconsciousness",Epilepsy
"sudden, numbness, confusion, severe, headache, vision, loss, facial, drooping, arm, weakness, speech, difficulty, nausea, slurred, paralysis, dizziness, balance, resting, tremor, slow, reduced, movement",Stroke
"throbbing, headache, visual, aura, dizziness, sensitivity, sound, resting, tremor, slow, speech, reduced, movement, fatigue, severe, nausea, light, vomiting, pain",Migraine
"sudden, collapse, twitching, loss, awareness, weakness, convulsions, staring, spells, body, shaking, unconsciousness, headache",Epilepsy
"forgetfulness, personality, changes, cognitive, decline, severe, headache, nausea, light, sensitivity, vomiting, weakness, language, problems, poor, judgment, memory, impairment, loss, confusion, difficulty, thinking, disorientation",Dementia
"pain, nausea, convulsions, staring, spells, body, shaking, unconsciousness, slurred, speech, weakness, paralysis, dizziness, loss, balance, sudden, numbness, confusion, severe, headache, vision",Stroke
"intense, head, pain, vomiting, fatigue, blurred, vision, forgetfulness, personality, changes, cognitive, decline, severe, headache, nausea, light, sensitivity, throbbing, visual, aura, dizziness, sound",Migraine
"headache, weakness, tremor, slow, movement, muscle, stiffness, shaking, hands, throbbing, visual, aura, dizziness, sensitivity, sound, intense, head, pain, vomiting, fatigue, blurred, vision",Migraine
"facial, drooping, arm, weakness, speech, difficulty, slurred, paralysis, dizziness, loss, balance, fatigue, sudden, numbness, confusion, severe, headache, vision, collapse, twitching, awareness",Stroke
"pain, slurred, speech, weakness, paralysis, dizziness, loss, balance, nausea, seizure, consciousness, muscle, jerks, confusion",Epilepsy
"weakness, forgetfulness, personality, changes, cognitive, decline, sudden, numbness, confusion, severe, headache, vision, loss, language, problems, poor, judgment, memory, impairment, nausea",Dementia
"dizziness, tremor, slow, movement, muscle, stiffness, shaking, hands, sudden, numbness, confusion, severe, headache, vision, loss, weakness",Stroke
"severe, headache, nausea, light, sensitivity, vomiting, slurred, speech, weakness, paralysis, dizziness, loss, balance, pain, sudden, numbness, confusion, vision",Stroke
"weakness, nausea, slurred, speech, paralysis, dizziness, loss, balance, sudden, numbness, confusion, severe, headache, vision",Stroke
"forgetfulness, personality, changes, cognitive, decline, weakness, pain, language, problems, poor, judgment, memory, impairment, resting, tremor, slow, speech, reduced, movement, loss, confusion, difficulty, thinking, disorientation",Dementia
"severe, headache, nausea, light, sensitivity, vomiting, memory, loss, confusion, difficulty, thinking, disorientation, pain, fatigue",Migraine
"slurred, speech, weakness, paralysis, dizziness, loss, balance, facial, drooping, arm, difficulty, headache, resting, tremor, slow, reduced, movement, fatigue",Stroke
"intense, head, pain, vomiting, fatigue, blurred, vision, throbbing, headache, visual, aura, dizziness, sensitivity, sound, severe, nausea, light, seizure, loss, consciousness, muscle, jerks, confusion",Migraine
"slurred, speech, weakness, paralysis, dizziness, loss, balance, convulsions, staring, spells, body, shaking, unconsciousness, pain",Stroke
"fatigue, tremor, slow, movement, muscle, stiffness, shaking, hands, seizure, loss, consciousness, jerks, confusion, nausea",Epilepsy
"seizure, loss, consciousness, muscle, jerks, confusion, sudden, numbness, severe, headache, vision, dizziness",Stroke
"convulsions, staring, spells, body, shaking, unconsciousness, fatigue, pain, tremor, slow, movement, muscle, stiffness, hands",Parkinson's
"headache, nausea, sudden, collapse, twitching, loss, awareness, convulsions, staring, spells, body, shaking, unconsciousness, severe, light, sensitivity, vomiting",Epilepsy
"sudden, numbness, confusion, severe, headache, vision, loss, fatigue, throbbing, visual, aura, dizziness, sensitivity, sound, weakness",Stroke
"headache, weakness, sudden, numbness, confusion, severe, vision, loss, facial, drooping, arm, speech, difficulty, convulsions, staring, spells, body, shaking, unconsciousness, slurred, paralysis, dizziness, balance",Stroke
"nausea, throbbing, headache, visual, aura, dizziness, sensitivity, sound, severe, light, vomiting, pain",Migraine
"nausea, headache, convulsions, staring, spells, body, shaking, unconsciousness, tremor, slow, movement, muscle, stiffness, hands",Parkinson's
"slurred, speech, weakness, paralysis, dizziness, loss, balance, nausea, headache, sudden, numbness, confusion, severe, vision, facial, drooping, arm, difficulty",Stroke
"seizure, loss, consciousness, muscle, jerks, confusion, slurred, speech, weakness, paralysis, dizziness, balance, pain",Epilepsy
"sudden, collapse, twitching, loss, awareness, throbbing, headache, visual, aura, dizziness, sensitivity, sound, convulsions, staring, spells, body, shaking, unconsciousness, seizure, consciousness, muscle, jerks, confusion, fatigue",Epilepsy
"dizziness, weakness, language, problems, poor, judgment, memory, impairment, throbbing, headache, visual, aura, sensitivity, sound, loss, confusion, difficulty, thinking, disorientation",Dementia
"seizure, loss, consciousness, muscle, jerks, confusion, throbbing, headache, visual, aura, dizziness, sensitivity, sound, sudden, collapse, twitching, awareness, fatigue, convulsions, staring, spells, body, shaking, unconsciousness",Epilepsy
"nausea, language, problems, poor, judgment, memory, impairment, headache, facial, drooping, arm, weakness, speech, difficulty",Stroke
"weakness, convulsions, staring, spells, body, shaking, unconsciousness, language, problems, poor, judgment, memory, impairment, loss, confusion, difficulty, thinking, disorientation, headache",Dementia
"intense, head, pain, vomiting, fatigue, blurred, vision, throbbing, headache, visual, aura, dizziness, sensitivity, sound, weakness, severe, nausea, light",Migraine
"sudden, collapse, twitching, loss, awareness, slurred, speech, weakness, paralysis, dizziness, balance, pain",Epilepsy
"sudden, collapse, twitching, loss, awareness, seizure, consciousness, muscle, jerks, confusion, convulsions, staring, spells, body, shaking, unconsciousness, pain, dizziness",Epilepsy
"sudden, numbness, confusion, severe, headache, vision, loss, dizziness, slurred, speech, weakness, paralysis, balance, nausea, facial, drooping, arm, difficulty, convulsions, staring, spells, body, shaking, unconsciousness",Stroke
"resting, tremor, slow, speech, reduced, movement, forgetfulness, personality, changes, cognitive, decline, nausea, weakness",Parkinson's
"headache, memory, loss, confusion, difficulty, thinking, disorientation, nausea",Dementia
"forgetfulness, personality, changes, cognitive, decline, pain, nausea, seizure, loss, consciousness, muscle, jerks, confusion, language, problems, poor, judgment, memory, impairment, difficulty, thinking, disorientation",Dementia
"memory, loss, confusion, difficulty, thinking, disorientation, nausea, intense, head, pain, vomiting, fatigue, blurred, vision, weakness",Dementia
"severe, headache, nausea, light, sensitivity, vomiting, weakness, intense, head, pain, fatigue, blurred, vision, throbbing, visual, aura, dizziness, sound",Migraine
"headache, slurred, speech, weakness, paralysis, dizziness, loss, balance, tremor, slow, movement, muscle, stiffness, shaking, hands, resting, reduced",Parkinson's
"pain, forgetfulness, personality, changes, cognitive, decline, resting, tremor, slow, speech, reduced, movement, dizziness",Dementia
"intense, head, pain, vomiting, fatigue, blurred, vision, severe, headache, nausea, light, sensitivity, throbbing, visual, aura, dizziness, sound",Migraine
"convulsions, staring, spells, body, shaking, unconsciousness, nausea, dizziness",Epilepsy
"intense, head, pain, vomiting, fatigue, blurred, vision, severe, headache, nausea, light, sensitivity, weakness, tremor, slow, movement, muscle, stiffness, shaking, hands",Migraine
"fatigue, nausea, sudden, collapse, twitching, loss, awareness, language, problems, poor, judgment, memory, impairment",Dementia
"pain, slurred, speech, weakness, paralysis, dizziness, loss, balance, language, problems, poor, judgment, memory, impairment, nausea",Dementia
"fatigue, language, problems, poor, judgment, memory, impairment, pain, throbbing, headache, visual, aura, dizziness, sensitivity, sound",Migraine
"facial, drooping, arm, weakness, speech, difficulty, sudden, collapse, twitching, loss, awareness, fatigue",Epilepsy
"nausea, slurred, speech, weakness, paralysis, dizziness, loss, balance, sudden, numbness, confusion, severe, headache, vision, pain, language, problems, poor, judgment, memory, impairment, facial, drooping, arm, difficulty",Stroke
"pain, resting, tremor, slow, speech, reduced, movement, muscle, stiffness, shaking, hands, slurred, weakness, paralysis, dizziness, loss, balance",Parkinson's
"fatigue, sudden, numbness, confusion, severe, headache, vision, loss, dizziness, facial, drooping, arm, weakness, speech, difficulty",Stroke
"facial, drooping, arm, weakness, speech, difficulty, language, problems, poor, judgment, memory, impairment, dizziness, slurred, paralysis, loss, balance",Stroke
"pain, resting, tremor, slow, speech, reduced, movement, intense, head, vomiting, fatigue, blurred, vision, severe, headache, nausea, light, sensitivity, throbbing, visual, aura, dizziness, sound",Migraine
"resting, tremor, slow, speech, reduced, movement, pain, severe, headache, nausea, light, sensitivity, vomiting, muscle, stiffness, shaking, hands, difficulty, walking, balance, problems, rigid, muscles",Parkinson's
"severe, headache, nausea, light, sensitivity, vomiting, intense, head, pain, fatigue, blurred, vision, throbbing, visual, aura, dizziness, sound, language, problems, poor, judgment, memory, impairment",Migraine
"sudden, numbness, confusion, severe, headache, vision, loss, dizziness, facial, drooping, arm, weakness, speech, difficulty, nausea",Stroke
"fatigue, nausea, throbbing, headache, visual, aura, dizziness, sensitivity, sound, slurred, speech, weakness, paralysis, loss, balance, intense, head, pain, vomiting, blurred, vision",Migraine
"resting, tremor, slow, speech, reduced, movement, muscle, stiffness, shaking, hands, difficulty, walking, balance, problems, rigid, muscles, fatigue, pain, facial, drooping, arm, weakness",Parkinson's
"weakness, fatigue, memory, loss, confusion, difficulty, thinking, disorientation",Dementia
"language, problems, poor, judgment, memory, impairment, convulsions, staring, spells, body, shaking, unconsciousness, seizure, loss, consciousness, muscle, jerks, confusion, weakness, dizziness",Epilepsy
"fatigue, slurred, speech, weakness, paralysis, dizziness, loss, balance, memory, confusion, difficulty, thinking, disorientation, headache",Stroke
"memory, loss, confusion, difficulty, thinking, disorientation, tremor, slow, movement, muscle, stiffness, shaking, hands, headache, dizziness, forgetfulness, personality, changes, cognitive, decline",Dementia
"headache, dizziness, difficulty, walking, balance, problems, rigid, muscles",Parkinson's
"language, problems, poor, judgment, memory, impairment, weakness, forgetfulness, personality, changes, cognitive, decline, loss, confusion, difficulty, thinking, disorientation, fatigue",Dementia
"resting, tremor, slow, speech, reduced, movement, weakness, throbbing, headache, visual, aura, dizziness, sensitivity, sound, difficulty, walking, balance, problems, rigid, muscles, fatigue",Parkinson's
"headache, weakness, intense, head, pain, vomiting, fatigue, blurred, vision, throbbing, visual, aura, dizziness, sensitivity, sound, severe, nausea, light",Migraine
"intense, head, pain, vomiting, fatigue, blurred, vision, dizziness, forgetfulness, personality, changes, cognitive, decline",Dementia
"headache, forgetfulness, personality, changes, cognitive, decline, memory, loss, confusion, difficulty, thinking, disorientation, slurred, speech, weakness, paralysis, dizziness, balance, language, problems, poor, judgment, impairment",Dementia
"nausea, difficulty, walking, balance, problems, rigid, muscles, memory, loss, confusion, thinking, disorientation, resting, tremor, slow, speech, reduced, movement, pain, muscle, stiffness, shaking, hands",Parkinson's
"difficulty, walking, balance, problems, rigid, muscles, resting, tremor, slow, speech, reduced, movement, memory, loss, confusion, thinking, disorientation, dizziness, headache",Parkinson's
"intense, head, pain, vomiting, fatigue, blurred, vision, sudden, numbness, confusion, severe, headache, loss, throbbing, visual, aura, dizziness, sensitivity, sound",Migraine
"facial, drooping, arm, weakness, speech, difficulty, fatigue, slurred, paralysis, dizziness, loss, balance, tremor, slow, movement, muscle, stiffness, shaking, hands, sudden, numbness, confusion, severe, headache, vision",Stroke
"weakness, resting, tremor, slow, speech, reduced, movement, intense, head, pain, vomiting, fatigue, blurred, vision, headache",Migraine
"fatigue, language, problems, poor, judgment, memory, impairment, loss, confusion, difficulty, thinking, disorientation, convulsions, staring, spells, body, shaking, unconsciousness, weakness, forgetfulness, personality, changes, cognitive, decline",Dementia
"seizure, loss, consciousness, muscle, jerks, confusion, nausea, weakness, slurred, speech, paralysis, dizziness, balance, convulsions, staring, spells, body, shaking, unconsciousness",Epilepsy
"nausea, headache, forgetfulness, personality, changes, cognitive, decline, language, problems, poor, judgment, memory, impairment, loss, confusion, difficulty, thinking, disorientation",Dementia
"pain, memory, loss, confusion, difficulty, thinking, disorientation, intense, head, vomiting, fatigue, blurred, vision, dizziness",Migraine
"weakness, tremor, slow, movement, muscle, stiffness, shaking, hands, intense, head, pain, vomiting, fatigue, blurred, vision",Migraine
"nausea, pain, memory, loss, confusion, difficulty, thinking, disorientation, language, problems, poor, judgment, impairment, facial, drooping, arm, weakness, speech",Dementia
"forgetfulness, personality, changes, cognitive, decline, nausea, language, problems, poor, judgment, memory, impairment, weakness, sudden, collapse, twitching, loss, awareness",Dementia
"severe, headache, nausea, light, sensitivity, vomiting, dizziness, slurred, speech, weakness, paralysis, loss, balance, throbbing, visual, aura, sound",Migraine
"pain, sudden, collapse, twitching, loss, awareness, weakness, resting, tremor, slow, speech, reduced, movement",Epilepsy
"slurred, speech, weakness, paralysis, dizziness, loss, balance, tremor, slow, movement, muscle, stiffness, shaking, hands, fatigue, sudden, numbness, confusion, severe, headache, vision, nausea",Stroke
"nausea, weakness, forgetfulness, personality, changes, cognitive, decline, sudden, collapse, twitching, loss, awareness, convulsions, staring, spells, body, shaking, unconsciousness, seizure, consciousness, muscle, jerks, confusion",Epilepsy
"intense, head, pain, vomiting, fatigue, blurred, vision, headache, memory, loss, confusion, difficulty, thinking, disorientation",Migraine
"memory, loss, confusion, difficulty, thinking, disorientation, headache, slurred, speech, weakness, paralysis, dizziness, balance, fatigue, language, problems, poor, judgment, impairment",Dementia
"dizziness, fatigue, seizure, loss, consciousness, muscle, jerks, confusion, convulsions, staring, spells, body, shaking, unconsciousness, sudden, collapse, twitching, awareness",Epilepsy
"seizure, loss, consciousness, muscle, jerks, confusion, headache, tremor, slow, movement, stiffness, shaking, hands, fatigue",Parkinson's
"slurred, speech, weakness, paralysis, dizziness, loss, balance, fatigue, facial, drooping, arm, difficulty, pain, tremor, slow, movement, muscle, stiffness, shaking, hands, sudden, numbness, confusion, severe, headache, vision",Stroke
"headache, weakness, seizure, loss, consciousness, muscle, jerks, confusion, sudden, numbness, severe, vision",Epilepsy
"fatigue, memory, loss, confusion, difficulty, thinking, disorientation, headache, language, problems, poor, judgment, impairment, seizure, consciousness, muscle, jerks",Dementia
"intense, head, pain, vomiting, fatigue, blurred, vision, dizziness, facial, drooping, arm, weakness, speech, difficulty",Migraine
"headache, fatigue, intense, head, pain, vomiting, blurred, vision",Migraine
"language, problems, poor, judgment, memory, impairment, loss, confusion, difficulty, thinking, disorientation, dizziness, resting, tremor, slow, speech, reduced, movement, nausea",Dementia
"fatigue, slurred, speech, weakness, paralysis, dizziness, loss, balance, facial, drooping, arm, difficulty, intense, head, pain, vomiting, blurred, vision",Stroke
"sudden, numbness, confusion, severe, headache, vision, loss, memory, difficulty, thinking, disorientation, fatigue, weakness",Stroke
"memory, loss, confusion, difficulty, thinking, disorientation, forgetfulness, personality, changes, cognitive, decline, headache, pain, convulsions, staring, spells, body, shaking, unconsciousness",Dementia
"dizziness, nausea, tremor, slow, movement, muscle, stiffness, shaking, hands, difficulty, walking, balance, problems, rigid, muscles",Parkinson's
"seizure, loss, consciousness, muscle, jerks, confusion, tremor, slow, movement, stiffness, shaking, hands, pain, weakness, resting, speech, reduced",Parkinson's
"pain, dizziness, seizure, loss, consciousness, muscle, jerks, confusion",Epilepsy
"fatigue, throbbing, headache, visual, aura, dizziness, sensitivity, sound, slurred, speech, weakness, paralysis, loss, balance, pain",Stroke
"nausea, sudden, numbness, confusion, severe, headache, vision, loss, pain",Stroke
"fatigue, intense, head, pain, vomiting, blurred, vision, headache",Migraine
"nausea, forgetfulness, personality, changes, cognitive, decline, pain, sudden, collapse, twitching, loss, awareness, memory, confusion, difficulty, thinking, disorientation",Dementia
"facial, drooping, arm, weakness, speech, difficulty, slurred, paralysis, dizziness, loss, balance, pain, sudden, numbness, confusion, severe, headache, vision, collapse, twitching, awareness",Stroke
"language, problems, poor, judgment, memory, impairment, convulsions, staring, spells, body, shaking, unconsciousness, forgetfulness, personality, changes, cognitive, decline, fatigue, dizziness, loss, confusion, difficulty, thinking, disorientation",Dementia
"slurred, speech, weakness, paralysis, dizziness, loss, balance, fatigue, language, problems, poor, judgment, memory, impairment, confusion, difficulty, thinking, disorientation",Dementia
"memory, loss, confusion, difficulty, thinking, disorientation, forgetfulness, personality, changes, cognitive, decline, dizziness, language, problems, poor, judgment, impairment, weakness",Dementia
"headache, seizure, loss, consciousness, muscle, jerks, confusion, convulsions, staring, spells, body, shaking, unconsciousness, difficulty, walking, balance, problems, rigid, muscles, nausea",Epilepsy
"weakness, sudden, numbness, confusion, severe, headache, vision, loss, slurred, speech, paralysis, dizziness, balance, facial, drooping, arm, difficulty",Stroke
"sudden, collapse, twitching, loss, awareness, nausea, convulsions, staring, spells, body, shaking, unconsciousness, dizziness, seizure, consciousness, muscle, jerks, confusion",Epilepsy
"fatigue, forgetfulness, personality, changes, cognitive, decline, resting, tremor, slow, speech, reduced, movement, memory, loss, confusion, difficulty, thinking, disorientation, headache",Dementia
"severe, headache, nausea, light, sensitivity, vomiting, throbbing, visual, aura, dizziness, sound, intense, head, pain, fatigue, blurred, vision",Migraine
"seizure, loss, consciousness, muscle, jerks, confusion, fatigue, sudden, numbness, severe, headache, vision, pain",Epilepsy
"nausea, slurred, speech, weakness, paralysis, dizziness, loss, balance, facial, drooping, arm, difficulty, convulsions, staring, spells, body, shaking, unconsciousness",Stroke
"sudden, numbness, confusion, severe, headache, vision, loss, pain, difficulty, walking, balance, problems, rigid, muscles",Parkinson's
"nausea, convulsions, staring, spells, body, shaking, unconsciousness, pain, sudden, collapse, twitching, loss, awareness, seizure, consciousness, muscle, jerks, confusion, resting, tremor, slow, speech, reduced, movement",Epilepsy
"resting, tremor, slow, speech, reduced, movement, throbbing, headache, visual, aura, dizziness, sensitivity, sound, muscle, stiffness, shaking, hands, difficulty, walking, balance, problems, rigid, muscles, nausea",Parkinson's
"weakness, severe, headache, nausea, light, sensitivity, vomiting, throbbing, visual, aura, dizziness, sound, intense, head, pain, fatigue, blurred, vision, seizure, loss, consciousness, muscle, jerks, confusion",Migraine
"convulsions, staring, spells, body, shaking, unconsciousness, fatigue, nausea, seizure, loss, consciousness, muscle, jerks, confusion, sudden, collapse, twitching, awareness, difficulty, walking, balance, problems, rigid, muscles",Epilepsy
"seizure, loss, consciousness, muscle, jerks, confusion, weakness, facial, drooping, arm, speech, difficulty, headache, sudden, numbness, severe, vision",Stroke
"language, problems, poor, judgment, memory, impairment, fatigue, intense, head, pain, vomiting, blurred, vision, weakness",Migraine
"language, problems, poor, judgment, memory, impairment, headache, fatigue, forgetfulness, personality, changes, cognitive, decline, throbbing, visual, aura, dizziness, sensitivity, sound",Dementia
"resting, tremor, slow, speech, reduced, movement, weakness, slurred, paralysis, dizziness, loss, balance, nausea",Stroke
"intense, head, pain, vomiting, fatigue, blurred, vision, weakness, throbbing, headache, visual, aura, dizziness, sensitivity, sound, severe, nausea, light, facial, drooping, arm, speech, difficulty",Migraine
"sudden, collapse, twitching, loss, awareness, resting, tremor, slow, speech, reduced, movement, fatigue, seizure, consciousness, muscle, jerks, confusion, weakness",Epilepsy
"language, problems, poor, judgment, memory, impairment, weakness, pain, facial, drooping, arm, speech, difficulty",Dementia
"forgetfulness, personality, changes, cognitive, decline, nausea, weakness, language, problems, poor, judgment, memory, impairment, loss, confusion, difficulty, thinking, disorientation",Dementia
"seizure, loss, consciousness, muscle, jerks, confusion, fatigue, severe, headache, nausea, light, sensitivity, vomiting, throbbing, visual, aura, dizziness, sound",Migraine
"nausea, headache, sudden, numbness, confusion, severe, vision, loss, throbbing, visual, aura, dizziness, sensitivity, sound",Stroke
"headache, throbbing, visual, aura, dizziness, sensitivity, sound, difficulty, walking, balance, problems, rigid, muscles, resting, tremor, slow, speech, reduced, movement, muscle, stiffness, shaking, hands",Parkinson's
"fatigue, sudden, numbness, confusion, severe, headache, vision, loss, slurred, speech, weakness, paralysis, dizziness, balance, facial, drooping, arm, difficulty, pain",Stroke
"pain, fatigue, difficulty, walking, balance, problems, rigid, muscles",Parkinson's
"resting, tremor, slow, speech, reduced, movement, difficulty, walking, balance, problems, rigid, muscles, headache, muscle, stiffness, shaking, hands, weakness",Parkinson's
"intense, head, pain, vomiting, fatigue, blurred, vision, headache, throbbing, visual, aura, dizziness, sensitivity, sound, severe, nausea, light",Migraine
"headache, memory, loss, confusion, difficulty, thinking, disorientation, dizziness",Dementia
"forgetfulness, personality, changes, cognitive, decline, language, problems, poor, judgment, memory, impairment, loss, confusion, difficulty, thinking, disorientation, weakness, headache",Dementia
"pain, forgetfulness, personality, changes, cognitive, decline, language, problems, poor, judgment, memory, impairment, nausea, tremor, slow, movement, muscle, stiffness, shaking, hands, loss, confusion, difficulty, thinking, disorientation",Dementia
"pain, severe, headache, nausea, light, sensitivity, vomiting, intense, head, fatigue, blurred, vision, weakness, throbbing, visual, aura, dizziness, sound",Migraine
"pain, headache, memory, loss, confusion, difficulty, thinking, disorientation, language, problems, poor, judgment, impairment, forgetfulness, personality, changes, cognitive, decline",Dementia
"convulsions, staring, spells, body, shaking, unconsciousness, memory, loss, confusion, difficulty, thinking, disorientation, fatigue, sudden, collapse, twitching, awareness, weakness",Epilepsy
"difficulty, walking, balance, problems, rigid, muscles, facial, drooping, arm, weakness, speech, dizziness, headache, resting, tremor, slow, reduced, movement, muscle, stiffness, shaking, hands",Parkinson's
"sudden, collapse, twitching, loss, awareness, intense, head, pain, vomiting, fatigue, blurred, vision, headache, nausea, seizure, consciousness, muscle, jerks, confusion",Epilepsy
"sudden, numbness, confusion, severe, headache, vision, loss, slurred, speech, weakness, paralysis, dizziness, balance, seizure, consciousness, muscle, jerks, pain",Stroke
"nausea, severe, headache, light, sensitivity, vomiting, pain, difficulty, walking, balance, problems, rigid, muscles",Migraine
"seizure, loss, consciousness, muscle, jerks, confusion, convulsions, staring, spells, body, shaking, unconsciousness, headache, difficulty, walking, balance, problems, rigid, muscles, sudden, collapse, twitching, awareness, weakness",Epilepsy
"weakness, slurred, speech, paralysis, dizziness, loss, balance, pain",Stroke
"seizure, loss, consciousness, muscle, jerks, confusion, weakness, dizziness, convulsions, staring, spells, body, shaking, unconsciousness, difficulty, walking, balance, problems, rigid, muscles",Epilepsy
"weakness, sudden, collapse, twitching, loss, awareness, severe, headache, nausea, light, sensitivity, vomiting, pain",Migraine
"intense, head, pain, vomiting, fatigue, blurred, vision, severe, headache, nausea, light, sensitivity, weakness, difficulty, walking, balance, problems, rigid, muscles, throbbing, visual, aura, dizziness, sound",Migraine
"language, problems, poor, judgment, memory, impairment, tremor, slow, movement, muscle, stiffness, shaking, hands, fatigue, dizziness, difficulty, walking, balance, rigid, muscles, resting, speech, reduced",Parkinson's
"headache, difficulty, walking, balance, problems, rigid, muscles, resting, tremor, slow, speech, reduced, movement, memory, loss, confusion, thinking, disorientation, dizziness",Parkinson's
"intense, head, pain, vomiting, fatigue, blurred, vision, throbbing, headache, visual, aura, dizziness, sensitivity, sound, sudden, collapse, twitching, loss, awareness, severe, nausea, light",Migraine
"fatigue, pain, memory, loss, confusion, difficulty, thinking, disorientation, forgetfulness, personality, changes, cognitive, decline",Dementia
"dizziness, tremor, slow, movement, muscle, stiffness, shaking, hands, sudden, collapse, twitching, loss, awareness, convulsions, staring, spells, body, unconsciousness, seizure, consciousness, jerks, confusion, nausea",Epilepsy
"language, problems, poor, judgment, memory, impairment, fatigue, nausea, forgetfulness, personality, changes, cognitive, decline, loss, confusion, difficulty, thinking, disorientation",Dementia
"dizziness, sudden, collapse, twitching, loss, awareness, pain, throbbing, headache, visual, aura, sensitivity, sound, convulsions, staring, spells, body, shaking, unconsciousness",Epilepsy
"pain, language, problems, poor, judgment, memory, impairment, fatigue, forgetfulness, personality, changes, cognitive, decline",Dementia
"severe, headache, nausea, light, sensitivity, vomiting, slurred, speech, weakness, paralysis, dizziness, loss, balance, pain",Stroke
"pain, weakness, difficulty, walking, balance, problems, rigid, muscles, severe, headache, nausea, light, sensitivity, vomiting, tremor, slow, movement, muscle, stiffness, shaking, hands",Parkinson's
"headache, nausea, throbbing, visual, aura, dizziness, sensitivity, sound",Migraine
"language, problems, poor, judgment, memory, impairment, loss, confusion, difficulty, thinking, disorientation, headache, forgetfulness, personality, changes, cognitive, decline, weakness",Dementia
"severe, headache, nausea, light, sensitivity, vomiting, fatigue, memory, loss, confusion, difficulty, thinking, disorientation, intense, head, pain, blurred, vision, throbbing, visual, aura, dizziness, sound",Migraine
"intense, head, pain, vomiting, fatigue, blurred, vision, memory, loss, confusion, difficulty, thinking, disorientation, severe, headache, nausea, light, sensitivity, dizziness",Migraine
"convulsions, staring, spells, body, shaking, unconsciousness, throbbing, headache, visual, aura, dizziness, sensitivity, sound, nausea, intense, head, pain, vomiting, fatigue, blurred, vision, severe, light",Migraine
"memory, loss, confusion, difficulty, thinking, disorientation, language, problems, poor, judgment, impairment, fatigue, facial, drooping, arm, weakness, speech, headache",Dementia
"sudden, numbness, confusion, severe, headache, vision, loss, facial, drooping, arm, weakness, speech, difficulty, nausea, light, sensitivity, vomiting, pain, slurred, paralysis, dizziness, balance",Stroke
"headache, severe, nausea, light, sensitivity, vomiting, weakness, intense, head, pain, fatigue, blurred, vision",Migraine
"resting, tremor, slow, speech, reduced, movement, pain, severe, headache, nausea, light, sensitivity, vomiting, fatigue",Parkinson's
"pain, difficulty, walking, balance, problems, rigid, muscles, forgetfulness, personality, changes, cognitive, decline, memory, loss, confusion, thinking, disorientation, fatigue",Dementia
"tremor, slow, movement, muscle, stiffness, shaking, hands, headache, pain, resting, speech, reduced, difficulty, walking, balance, problems, rigid, muscles, throbbing, visual, aura, dizziness, sensitivity, sound",Parkinson's
"dizziness, slurred, speech, weakness, paralysis, loss, balance, fatigue, tremor, slow, movement, muscle, stiffness, shaking, hands",Parkinson's
"nausea, resting, tremor, slow, speech, reduced, movement, muscle, stiffness, shaking, hands, convulsions, staring, spells, body, unconsciousness, dizziness",Parkinson's
"sudden, collapse, twitching, loss, awareness, convulsions, staring, spells, body, shaking, unconsciousness, fatigue, weakness, seizure, consciousness, muscle, jerks, confusion",Epilepsy
"weakness, fatigue, sudden, collapse, twitching, loss, awareness, intense, head, pain, vomiting, blurred, vision",Migraine
"resting, tremor, slow, speech, reduced, movement, headache, nausea, memory, loss, confusion, difficulty, thinking, disorientation, walking, balance, problems, rigid, muscles",Parkinson's
"resting, tremor, slow, speech, reduced, movement, nausea, weakness, facial, drooping, arm, difficulty",Stroke
"facial, drooping, arm, weakness, speech, difficulty, headache, sudden, collapse, twitching, loss, awareness",Epilepsy
"dizziness, weakness, seizure, loss, consciousness, muscle, jerks, confusion",Epilepsy
"fatigue, nausea, slurred, speech, weakness, paralysis, dizziness, loss, balance, severe, headache, light, sensitivity, vomiting, intense, head, pain, blurred, vision",Migraine
"headache, language, problems, poor, judgment, memory, impairment, convulsions, staring, spells, body, shaking, unconsciousness, pain, forgetfulness, personality, changes, cognitive, decline",Dementia
"sudden, numbness, confusion, severe, headache, vision, loss, intense, head, pain, vomiting, fatigue, blurred, weakness, throbbing, visual, aura, dizziness, sensitivity, sound",Migraine
"fatigue, slurred, speech, weakness, paralysis, dizziness, loss, balance, headache, facial, drooping, arm, difficulty",Stroke
"nausea, difficulty, walking, balance, problems, rigid, muscles, tremor, slow, movement, muscle, stiffness, shaking, hands, weakness",Parkinson's
"severe, headache, nausea, light, sensitivity, vomiting, weakness, seizure, loss, consciousness, muscle, jerks, confusion",Migraine
"language, problems, poor, judgment, memory, impairment, weakness, pain, sudden, numbness, confusion, severe, headache, vision, loss",Dementia
"fatigue, sudden, collapse, twitching, loss, awareness, numbness, confusion, severe, headache, vision, weakness",Epilepsy
"throbbing, headache, visual, aura, dizziness, sensitivity, sound, severe, nausea, light, vomiting, weakness",Migraine
"forgetfulness, personality, changes, cognitive, decline, language, problems, poor, judgment, memory, impairment, tremor, slow, movement, muscle, stiffness, shaking, hands, nausea, loss, confusion, difficulty, thinking, disorientation, fatigue",Dementia
"slurred, speech, weakness, paralysis, dizziness, loss, balance, seizure, consciousness, muscle, jerks, confusion, pain",Epilepsy
"language, problems, poor, judgment, memory, impairment, forgetfulness, personality, changes, cognitive, decline, pain, dizziness, loss, confusion, difficulty, thinking, disorientation",Dementia
"facial, drooping, arm, weakness, speech, difficulty, dizziness, sudden, numbness, confusion, severe, headache, vision, loss, slurred, paralysis, balance, nausea, light, sensitivity, vomiting",Stroke
"sudden, numbness, confusion, severe, headache, vision, loss, difficulty, walking, balance, problems, rigid, muscles, pain, fatigue",Parkinson's
"sudden, numbness, confusion, severe, headache, vision, loss, pain, slurred, speech, weakness, paralysis, dizziness, balance, facial, drooping, arm, difficulty, intense, head, vomiting, fatigue, blurred",Stroke
"tremor, slow, movement, muscle, stiffness, shaking, hands, slurred, speech, weakness, paralysis, dizziness, loss, balance, fatigue, nausea",Stroke
"fatigue, slurred, speech, weakness, paralysis, dizziness, loss, balance, difficulty, walking, problems, rigid, muscles, facial, drooping, arm",Stroke
"fatigue, severe, headache, nausea, light, sensitivity, vomiting, intense, head, pain, blurred, vision, throbbing, visual, aura, dizziness, sound",Migraine
"resting, tremor, slow, speech, reduced, movement, sudden, numbness, confusion, severe, headache, vision, loss, weakness, pain, slurred, paralysis, dizziness, balance",Stroke
"headache, facial, drooping, arm, weakness, speech, difficulty, sudden, numbness, confusion, severe, vision, loss, language, problems, poor, judgment, memory, impairment, dizziness",Stroke
"dizziness, sudden, collapse, twitching, loss, awareness, resting, tremor, slow, speech, reduced, movement, pain, muscle, stiffness, shaking, hands",Parkinson's
"tremor, slow, movement, muscle, stiffness, shaking, hands, difficulty, walking, balance, problems, rigid, muscles, facial, drooping, arm, weakness, speech, pain, headache",Parkinson's
"intense, head, pain, vomiting, fatigue, blurred, vision, nausea, tremor, slow, movement, muscle, stiffness, shaking, hands, headache",Parkinson's
"convulsions, staring, spells, body, shaking, unconsciousness, sudden, collapse, twitching, loss, awareness, pain, seizure, consciousness, muscle, jerks, confusion, headache",Epilepsy
"convulsions, staring, spells, body, shaking, unconsciousness, sudden, collapse, twitching, loss, awareness, weakness, nausea",Epilepsy
"throbbing, headache, visual, aura, dizziness, sensitivity, sound, convulsions, staring, spells, body, shaking, unconsciousness, fatigue, sudden, collapse, twitching, loss, awareness",Epilepsy
"weakness, convulsions, staring, spells, body, shaking, unconsciousness, fatigue",Epilepsy
"memory, loss, confusion, difficulty, thinking, disorientation, fatigue, facial, drooping, arm, weakness, speech, dizziness",Stroke
"nausea, language, problems, poor, judgment, memory, impairment, loss, confusion, difficulty, thinking, disorientation, headache, sudden, collapse, twitching, awareness",Dementia
"fatigue, dizziness, severe, headache, nausea, light, sensitivity, vomiting, throbbing, visual, aura, sound, intense, head, pain, blurred, vision",Migraine
"throbbing, headache, visual, aura, dizziness, sensitivity, sound, severe, nausea, light, vomiting, weakness, intense, head, pain, fatigue, blurred, vision, facial, drooping, arm, speech, difficulty",Migraine
"dizziness, severe, headache, nausea, light, sensitivity, vomiting, convulsions, staring, spells, body, shaking, unconsciousness, intense, head, pain, fatigue, blurred, vision",Migraine
"sudden, collapse, twitching, loss, awareness, pain, weakness",Epilepsy
"weakness, intense, head, pain, vomiting, fatigue, blurred, vision, dizziness",Migraine
"severe, headache, nausea, light, sensitivity, vomiting, intense, head, pain, fatigue, blurred, vision, throbbing, visual, aura, dizziness, sound, weakness, slurred, speech, paralysis, loss, balance",Migraine
"slurred, speech, weakness, paralysis, dizziness, loss, balance, intense, head, pain, vomiting, fatigue, blurred, vision, sudden, numbness, confusion, severe, headache",Stroke
"throbbing, headache, visual, aura, dizziness, sensitivity, sound, memory, loss, confusion, difficulty, thinking, disorientation, severe, nausea, light, vomiting, intense, head, pain, fatigue, blurred, vision",Migraine
"pain, intense, head, vomiting, fatigue, blurred, vision, dizziness, throbbing, headache, visual, aura, sensitivity, sound",Migraine
"fatigue, severe, headache, nausea, light, sensitivity, vomiting, memory, loss, confusion, difficulty, thinking, disorientation",Dementia
"sudden, numbness, confusion, severe, headache, vision, loss, fatigue, slurred, speech, weakness, paralysis, dizziness, balance, facial, drooping, arm, difficulty, forgetfulness, personality, changes, cognitive, decline",Stroke
"throbbing, headache, visual, aura, dizziness, sensitivity, sound, intense, head, pain, vomiting, fatigue, blurred, vision, weakness, memory, loss, confusion, difficulty, thinking, disorientation",Migraine
"forgetfulness, personality, changes, cognitive, decline, dizziness, resting, tremor, slow, speech, reduced, movement, weakness, memory, loss, confusion, difficulty, thinking, disorientation, language, problems, poor, judgment, impairment",Dementia
"convulsions, staring, spells, body, shaking, unconsciousness, fatigue, memory, loss, confusion, difficulty, thinking, disorientation, weakness",Epilepsy
"headache, tremor, slow, movement, muscle, stiffness, shaking, hands, seizure, loss, consciousness, jerks, confusion, difficulty, walking, balance, problems, rigid, muscles, resting, speech, reduced, fatigue",Parkinson's
"nausea, tremor, slow, movement, muscle, stiffness, shaking, hands, dizziness, difficulty, walking, balance, problems, rigid, muscles, resting, speech, reduced, seizure, loss, consciousness, jerks, confusion",Parkinson's
"resting, tremor, slow, speech, reduced, movement, severe, headache, nausea, light, sensitivity, vomiting, muscle, stiffness, shaking, hands, dizziness, pain",Parkinson's
"language, problems, poor, judgment, memory, impairment, pain, nausea, severe, headache, light, sensitivity, vomiting",Dementia
"seizure, loss, consciousness, muscle, jerks, confusion, headache, dizziness",Epilepsy
"dizziness, nausea, facial, drooping, arm, weakness, speech, difficulty, convulsions, staring, spells, body, shaking, unconsciousness, slurred, paralysis, loss, balance",Stroke
"resting, tremor, slow, speech, reduced, movement, fatigue, facial, drooping, arm, weakness, difficulty, slurred, paralysis, dizziness, loss, balance, nausea",Stroke
"nausea, seizure, loss, consciousness, muscle, jerks, confusion, pain",Epilepsy
"pain, fatigue, slurred, speech, weakness, paralysis, dizziness, loss, balance, throbbing, headache, visual, aura, sensitivity, sound, facial, drooping, arm, difficulty",Stroke
"headache, severe, nausea, light, sensitivity, vomiting, facial, drooping, arm, weakness, speech, difficulty, sudden, numbness, confusion, vision, loss",Stroke
"nausea, facial, drooping, arm, weakness, speech, difficulty, pain, forgetfulness, personality, changes, cognitive, decline, memory, loss, confusion, thinking, disorientation, language, problems, poor, judgment, impairment",Dementia
"nausea, resting, tremor, slow, speech, reduced, movement, slurred, weakness, paralysis, dizziness, loss, balance, sudden, numbness, confusion, severe, headache, vision, facial, drooping, arm, difficulty",Stroke
"seizure, loss, consciousness, muscle, jerks, confusion, sudden, collapse, twitching, awareness, convulsions, staring, spells, body, shaking, unconsciousness, weakness, pain",Epilepsy
"tremor, slow, movement, muscle, stiffness, shaking, hands, difficulty, walking, balance, problems, rigid, muscles, sudden, collapse, twitching, loss, awareness, pain, fatigue",Parkinson's
"dizziness, headache, sudden, numbness, confusion, severe, vision, loss, throbbing, visual, aura, sensitivity, sound, nausea, light, vomiting",Migraine
"pain, fatigue, intense, head, vomiting, blurred, vision, difficulty, walking, balance, problems, rigid, muscles",Migraine
"facial, drooping, arm, weakness, speech, difficulty, sudden, numbness, confusion, severe, headache, vision, loss, fatigue, slurred, paralysis, dizziness, balance",Stroke
"pain, sudden, numbness, confusion, severe, headache, vision, loss, collapse, twitching, awareness, slurred, speech, weakness, paralysis, dizziness, balance, nausea, facial, drooping, arm, difficulty",Stroke
"weakness, nausea, throbbing, headache, visual, aura, dizziness, sensitivity, sound, resting, tremor, slow, speech, reduced, movement",Migraine
"pain, headache, slurred, speech, weakness, paralysis, dizziness, loss, balance, facial, drooping, arm, difficulty, tremor, slow, movement, muscle, stiffness, shaking, hands",Stroke
"language, problems, poor, judgment, memory, impairment, facial, drooping, arm, weakness, speech, difficulty, headache, fatigue, forgetfulness, personality, changes, cognitive, decline",Dementia
"dizziness, headache, sudden, collapse, twitching, loss, awareness, convulsions, staring, spells, body, shaking, unconsciousness, facial, drooping, arm, weakness, speech, difficulty",Epilepsy
"sudden, collapse, twitching, loss, awareness, nausea, convulsions, staring, spells, body, shaking, unconsciousness, forgetfulness, personality, changes, cognitive, decline, pain, seizure, consciousness, muscle, jerks, confusion",Epilepsy
"fatigue, intense, head, pain, vomiting, blurred, vision",Migraine
"seizure, loss, consciousness, muscle, jerks, confusion, sudden, numbness, severe, headache, vision, slurred, speech, weakness, paralysis, dizziness, balance, nausea, facial, drooping, arm, difficulty",Stroke
"headache, throbbing, visual, aura, dizziness, sensitivity, sound, nausea, slurred, speech, weakness, paralysis, loss, balance, intense, head, pain, vomiting, fatigue, blurred, vision",Migraine
"fatigue, resting, tremor, slow, speech, reduced, movement, pain, muscle, stiffness, shaking, hands, memory, loss, confusion, difficulty, thinking, disorientation",Parkinson's
"dizziness, nausea, memory, loss, confusion, difficulty, thinking, disorientation, sudden, numbness, severe, headache, vision",Dementia
"severe, headache, nausea, light, sensitivity, vomiting, facial, drooping, arm, weakness, speech, difficulty",Stroke
"language, problems, poor, judgment, memory, impairment, forgetfulness, personality, changes, cognitive, decline, fatigue, loss, confusion, difficulty, thinking, disorientation, headache",Dementia
"weakness, sudden, collapse, twitching, loss, awareness, tremor, slow, movement, muscle, stiffness, shaking, hands, convulsions, staring, spells, body, unconsciousness, pain",Epilepsy
"nausea, throbbing, headache, visual, aura, dizziness, sensitivity, sound, difficulty, walking, balance, problems, rigid, muscles",Migraine
"fatigue, slurred, speech, weakness, paralysis, dizziness, loss, balance, headache, severe, nausea, light, sensitivity, vomiting",Migraine
"facial, drooping, arm, weakness, speech, difficulty, intense, head, pain, vomiting, fatigue, blurred, vision, sudden, numbness, confusion, severe, headache, loss, slurred, paralysis, dizziness, balance",Stroke
"sudden, collapse, twitching, loss, awareness, seizure, consciousness, muscle, jerks, confusion, weakness, fatigue",Epilepsy
"dizziness, seizure, loss, consciousness, muscle, jerks, confusion, sudden, collapse, twitching, awareness, nausea, slurred, speech, weakness, paralysis, balance",Epilepsy
"forgetfulness, personality, changes, cognitive, decline, fatigue, dizziness, throbbing, headache, visual, aura, sensitivity, sound",Migraine
"fatigue, seizure, loss, consciousness, muscle, jerks, confusion, resting, tremor, slow, speech, reduced, movement, weakness",Epilepsy
"slurred, speech, weakness, paralysis, dizziness, loss, balance, sudden, numbness, confusion, severe, headache, vision, language, problems, poor, judgment, memory, impairment, fatigue",Stroke
"difficulty, walking, balance, problems, rigid, muscles, pain, headache, memory, loss, confusion, thinking, disorientation",Dementia
"throbbing, headache, visual, aura, dizziness, sensitivity, sound, severe, nausea, light, vomiting, resting, tremor, slow, speech, reduced, movement, intense, head, pain, fatigue, blurred, vision, weakness",Migraine
"severe, headache, nausea, light, sensitivity, vomiting, slurred, speech, weakness, paralysis, dizziness, loss, balance",Stroke
"throbbing, headache, visual, aura, dizziness, sensitivity, sound, pain, convulsions, staring, spells, body, shaking, unconsciousness",Epilepsy
"severe, headache, nausea, light, sensitivity, vomiting, forgetfulness, personality, changes, cognitive, decline, dizziness, fatigue, language, problems, poor, judgment, memory, impairment, loss, confusion, difficulty, thinking, disorientation",Dementia
"facial, drooping, arm, weakness, speech, difficulty, nausea",Stroke
"forgetfulness, personality, changes, cognitive, decline, severe, headache, nausea, light, sensitivity, vomiting, pain, memory, loss, confusion, difficulty, thinking, disorientation, dizziness",Dementia
"language, problems, poor, judgment, memory, impairment, nausea, difficulty, walking, balance, rigid, muscles, loss, confusion, thinking, disorientation, forgetfulness, personality, changes, cognitive, decline, weakness",Dementia
"sudden, collapse, twitching, loss, awareness, headache, seizure, consciousness, muscle, jerks, confusion, nausea, language, problems, poor, judgment, memory, impairment, convulsions, staring, spells, body, shaking, unconsciousness",Epilepsy
"forgetfulness, personality, changes, cognitive, decline, weakness, tremor, slow, movement, muscle, stiffness, shaking, hands, language, problems, poor, judgment, memory, impairment, pain",Dementia
"memory, loss, confusion, difficulty, thinking, disorientation, language, problems, poor, judgment, impairment, weakness, forgetfulness, personality, changes, cognitive, decline, severe, headache, nausea, light, sensitivity, vomiting",Dementia
"resting, tremor, slow, speech, reduced, movement, weakness, difficulty, walking, balance, problems, rigid, muscles, dizziness, muscle, stiffness, shaking, hands, memory, loss, confusion, thinking, disorientation",Parkinson's
"convulsions, staring, spells, body, shaking, unconsciousness, weakness, forgetfulness, personality, changes, cognitive, decline, dizziness, seizure, loss, consciousness, muscle, jerks, confusion, sudden, collapse, twitching, awareness",Epilepsy
"resting, tremor, slow, speech, reduced, movement, difficulty, walking, balance, problems, rigid, muscles, seizure, loss, consciousness, muscle, jerks, confusion, dizziness, stiffness, shaking, hands, pain",Parkinson's
"fatigue, severe, headache, nausea, light, sensitivity, vomiting, intense, head, pain, blurred, vision, forgetfulness, personality, changes, cognitive, decline",Migraine
"resting, tremor, slow, speech, reduced, movement, language, problems, poor, judgment, memory, impairment, weakness, pain",Dementia
"dizziness, tremor, slow, movement, muscle, stiffness, shaking, hands, fatigue, language, problems, poor, judgment, memory, impairment, difficulty, walking, balance, rigid, muscles, resting, speech, reduced",Parkinson's
"fatigue, severe, headache, nausea, light, sensitivity, vomiting, weakness, sudden, numbness, confusion, vision, loss, throbbing, visual, aura, dizziness, sound",Migraine
"fatigue, pain, sudden, numbness, confusion, severe, headache, vision, loss, facial, drooping, arm, weakness, speech, difficulty, collapse, twitching, awareness, slurred, paralysis, dizziness, balance",Stroke
"fatigue, language, problems, poor, judgment, memory, impairment, difficulty, walking, balance, rigid, muscles, weakness",Parkinson's
"nausea, severe, headache, light, sensitivity, vomiting, tremor, slow, movement, muscle, stiffness, shaking, hands, fatigue, resting, speech, reduced",Parkinson's
"tremor, slow, movement, muscle, stiffness, shaking, hands, headache, resting, speech, reduced, nausea, difficulty, walking, balance, problems, rigid, muscles",Parkinson's
"severe, headache, nausea, light, sensitivity, vomiting, fatigue, pain",Migraine
"throbbing, headache, visual, aura, dizziness, sensitivity, sound, nausea, difficulty, walking, balance, problems, rigid, muscles",Migraine
"pain, slurred, speech, weakness, paralysis, dizziness, loss, balance, language, problems, poor, judgment, memory, impairment",Dementia
"headache, memory, loss, confusion, difficulty, thinking, disorientation, pain",Dementia
"intense, head, pain, vomiting, fatigue, blurred, vision, difficulty, walking, balance, problems, rigid, muscles, severe, headache, nausea, light, sensitivity",Migraine
"fatigue, headache, throbbing, visual, aura, dizziness, sensitivity, sound, memory, loss, confusion, difficulty, thinking, disorientation",Dementia
"pain, fatigue, resting, tremor, slow, speech, reduced, movement, memory, loss, confusion, difficulty, thinking, disorientation",Parkinson's
"weakness, memory, loss, confusion, difficulty, thinking, disorientation, pain, slurred, speech, paralysis, dizziness, balance",Dementia
"headache, language, problems, poor, judgment, memory, impairment, difficulty, walking, balance, rigid, muscles, fatigue, loss, confusion, thinking, disorientation",Dementia
"severe, headache, nausea, light, sensitivity, vomiting, weakness, difficulty, walking, balance, problems, rigid, muscles",Migraine
"tremor, slow, movement, muscle, stiffness, shaking, hands, nausea, pain, facial, drooping, arm, weakness, speech, difficulty, resting, reduced, walking, balance, problems, rigid, muscles",Parkinson's
"memory, loss, confusion, difficulty, thinking, disorientation, fatigue, language, problems, poor, judgment, impairment, forgetfulness, personality, changes, cognitive, decline, dizziness",Dementia
"language, problems, poor, judgment, memory, impairment, headache, seizure, loss, consciousness, muscle, jerks, confusion, sudden, collapse, twitching, awareness, convulsions, staring, spells, body, shaking, unconsciousness, nausea",Epilepsy
"pain, dizziness, difficulty, walking, balance, problems, rigid, muscles, severe, headache, nausea, light, sensitivity, vomiting, resting, tremor, slow, speech, reduced, movement",Parkinson's
"weakness, throbbing, headache, visual, aura, dizziness, sensitivity, sound, severe, nausea, light, vomiting, memory, loss, confusion, difficulty, thinking, disorientation, intense, head, pain, fatigue, blurred, vision",Migraine
"difficulty, walking, balance, problems, rigid, muscles, dizziness, weakness, tremor, slow, movement, muscle, stiffness, shaking, hands, memory, loss, confusion, thinking, disorientation, resting, speech, reduced",Parkinson's
"convulsions, staring, spells, body, shaking, unconsciousness, seizure, loss, consciousness, muscle, jerks, confusion, resting, tremor, slow, speech, reduced, movement, pain, nausea",Epilepsy
"intense, head, pain, vomiting, fatigue, blurred, vision, convulsions, staring, spells, body, shaking, unconsciousness, nausea, sudden, collapse, twitching, loss, awareness, seizure, consciousness, muscle, jerks, confusion",Epilepsy
"memory, loss, confusion, difficulty, thinking, disorientation, severe, headache, nausea, light, sensitivity, vomiting, forgetfulness, personality, changes, cognitive, decline, pain, dizziness, language, problems, poor, judgment, impairment",Dementia
"pain, dizziness, difficulty, walking, balance, problems, rigid, muscles, memory, loss, confusion, thinking, disorientation",Dementia
"dizziness, throbbing, headache, visual, aura, sensitivity, sound, severe, nausea, light, vomiting, fatigue, intense, head, pain, blurred, vision, tremor, slow, movement, muscle, stiffness, shaking, hands",Migraine
"nausea, resting, tremor, slow, speech, reduced, movement, slurred, weakness, paralysis, dizziness, loss, balance, headache",Stroke
"pain, memory, loss, confusion, difficulty, thinking, disorientation, forgetfulness, personality, changes, cognitive, decline, sudden, collapse, twitching, awareness, nausea, language, problems, poor, judgment, impairment",Dementia
"nausea, fatigue, tremor, slow, movement, muscle, stiffness, shaking, hands, throbbing, headache, visual, aura, dizziness, sensitivity, sound",Migraine
"difficulty, walking, balance, problems, rigid, muscles, nausea, resting, tremor, slow, speech, reduced, movement, seizure, loss, consciousness, muscle, jerks, confusion, stiffness, shaking, hands, pain",Parkinson's
"memory, loss, confusion, difficulty, thinking, disorientation, fatigue, sudden, numbness, severe, headache, vision, facial, drooping, arm, weakness, speech, nausea",Stroke
"dizziness, convulsions, staring, spells, body, shaking, unconsciousness, forgetfulness, personality, changes, cognitive, decline, seizure, loss, consciousness, muscle, jerks, confusion, nausea, sudden, collapse, twitching, awareness",Epilepsy
"language, problems, poor, judgment, memory, impairment, headache, slurred, speech, weakness, paralysis, dizziness, loss, balance, forgetfulness, personality, changes, cognitive, decline, pain, confusion, difficulty, thinking, disorientation",Dementia
"convulsions, staring, spells, body, shaking, unconsciousness, weakness, tremor, slow, movement, muscle, stiffness, hands, sudden, collapse, twitching, loss, awareness, pain",Epilepsy
"dizziness, tremor, slow, movement, muscle, stiffness, shaking, hands, throbbing, headache, visual, aura, sensitivity, sound",Migraine
"forgetfulness, personality, changes, cognitive, decline, nausea, dizziness, tremor, slow, movement, muscle, stiffness, shaking, hands",Parkinson's
"pain, headache, memory, loss, confusion, difficulty, thinking, disorientation, convulsions, staring, spells, body, shaking, unconsciousness, sudden, collapse, twitching, awareness, seizure, consciousness, muscle, jerks",Epilepsy
"language, problems, poor, judgment, memory, impairment, tremor, slow, movement, muscle, stiffness, shaking, hands, pain, forgetfulness, personality, changes, cognitive, decline, nausea",Dementia
"tremor, slow, movement, muscle, stiffness, shaking, hands, weakness, throbbing, headache, visual, aura, dizziness, sensitivity, sound, pain",Migraine
"nausea, weakness, difficulty, walking, balance, problems, rigid, muscles, sudden, numbness, confusion, severe, headache, vision, loss",Parkinson's
"pain, resting, tremor, slow, speech, reduced, movement, muscle, stiffness, shaking, hands, fatigue, difficulty, walking, balance, problems, rigid, muscles, throbbing, headache, visual, aura, dizziness, sensitivity, sound",Parkinson's
"pain, sudden, collapse, twitching, loss, awareness, numbness, confusion, severe, headache, vision, facial, drooping, arm, weakness, speech, difficulty",Stroke
"language, problems, poor, judgment, memory, impairment, forgetfulness, personality, changes, cognitive, decline, headache, nausea, severe, light, sensitivity, vomiting, loss, confusion, difficulty, thinking, disorientation",Dementia
"forgetfulness, personality, changes, cognitive, decline, memory, loss, confusion, difficulty, thinking, disorientation, headache, fatigue, language, problems, poor, judgment, impairment, tremor, slow, movement, muscle, stiffness, shaking, hands",Dementia
"nausea, sudden, collapse, twitching, loss, awareness, throbbing, headache, visual, aura, dizziness, sensitivity, sound",Epilepsy
"headache, pain, sudden, numbness, confusion, severe, vision, loss",Stroke
"tremor, slow, movement, muscle, stiffness, shaking, hands, forgetfulness, personality, changes, cognitive, decline, difficulty, walking, balance, problems, rigid, muscles, headache, resting, speech, reduced, pain",Parkinson's
"forgetfulness, personality, changes, cognitive, decline, fatigue, facial, drooping, arm, weakness, speech, difficulty, headache",Stroke
"nausea, seizure, loss, consciousness, muscle, jerks, confusion, facial, drooping, arm, weakness, speech, difficulty, headache",Epilepsy
"severe, headache, nausea, light, sensitivity, vomiting, memory, loss, confusion, difficulty, thinking, disorientation, pain, fatigue, language, problems, poor, judgment, impairment",Dementia
"pain, memory, loss, confusion, difficulty, thinking, disorientation, nausea, throbbing, headache, visual, aura, dizziness, sensitivity, sound",Migraine
"nausea, memory, loss, confusion, difficulty, thinking, disorientation, walking, balance, problems, rigid, muscles, fatigue",Parkinson's
"tremor, slow, movement, muscle, stiffness, shaking, hands, fatigue, weakness, severe, headache, nausea, light, sensitivity, vomiting",Parkinson's
"facial, drooping, arm, weakness, speech, difficulty, sudden, numbness, confusion, severe, headache, vision, loss, slurred, paralysis, dizziness, balance, nausea, light, sensitivity, vomiting, fatigue",Stroke
"resting, tremor, slow, speech, reduced, movement, forgetfulness, personality, changes, cognitive, decline, nausea, fatigue",Dementia
"throbbing, headache, visual, aura, dizziness, sensitivity, sound, tremor, slow, movement, muscle, stiffness, shaking, hands, fatigue, difficulty, walking, balance, problems, rigid, muscles",Parkinson's
"pain, severe, headache, nausea, light, sensitivity, vomiting, fatigue, resting, tremor, slow, speech, reduced, movement",Migraine
"tremor, slow, movement, muscle, stiffness, shaking, hands, pain, intense, head, vomiting, fatigue, blurred, vision, severe, headache, nausea, light, sensitivity, throbbing, visual, aura, dizziness, sound",Migraine
"difficulty, walking, balance, problems, rigid, muscles, resting, tremor, slow, speech, reduced, movement, pain, convulsions, staring, spells, body, shaking, unconsciousness, weakness",Parkinson's
"severe, headache, nausea, light, sensitivity, vomiting, throbbing, visual, aura, dizziness, sound, seizure, loss, consciousness, muscle, jerks, confusion, weakness, intense, head, pain, fatigue, blurred, vision",Migraine
"fatigue, dizziness, slurred, speech, weakness, paralysis, loss, balance, severe, headache, nausea, light, sensitivity, vomiting",Migraine
"seizure, loss, consciousness, muscle, jerks, confusion, weakness, dizziness, slurred, speech, paralysis, balance, sudden, collapse, twitching, awareness",Epilepsy
"nausea, language, problems, poor, judgment, memory, impairment, fatigue, convulsions, staring, spells, body, shaking, unconsciousness, forgetfulness, personality, changes, cognitive, decline",Dementia
"weakness, forgetfulness, personality, changes, cognitive, decline, sudden, collapse, twitching, loss, awareness, headache",Dementia
"difficulty, walking, balance, problems, rigid, muscles, nausea, resting, tremor, slow, speech, reduced, movement, dizziness, sudden, numbness, confusion, severe, headache, vision, loss",Parkinson's
"fatigue, resting, tremor, slow, speech, reduced, movement, forgetfulness, personality, changes, cognitive, decline, weakness",Parkinson's
"fatigue, sudden, collapse, twitching, loss, awareness, pain, severe, headache, nausea, light, sensitivity, vomiting, seizure, consciousness, muscle, jerks, confusion",Epilepsy
"seizure, loss, consciousness, muscle, jerks, confusion, sudden, collapse, twitching, awareness, tremor, slow, movement, stiffness, shaking, hands, dizziness, convulsions, staring, spells, body, unconsciousness, pain",Epilepsy
"weakness, pain, throbbing, headache, visual, aura, dizziness, sensitivity, sound, sudden, collapse, twitching, loss, awareness",Epilepsy
"convulsions, staring, spells, body, shaking, unconsciousness, nausea, headache, throbbing, visual, aura, dizziness, sensitivity, sound",Migraine
"slurred, speech, weakness, paralysis, dizziness, loss, balance, facial, drooping, arm, difficulty, pain, walking, problems, rigid, muscles, sudden, numbness, confusion, severe, headache, vision",Stroke
"intense, head, pain, vomiting, fatigue, blurred, vision, dizziness, sudden, numbness, confusion, severe, headache, loss, throbbing, visual, aura, sensitivity, sound",Migraine
"language, problems, poor, judgment, memory, impairment, loss, confusion, difficulty, thinking, disorientation, weakness, dizziness, facial, drooping, arm, speech",Dementia
"headache, sudden, numbness, confusion, severe, vision, loss, weakness, forgetfulness, personality, changes, cognitive, decline",Dementia
"nausea, pain, convulsions, staring, spells, body, shaking, unconsciousness",Epilepsy
"resting, tremor, slow, speech, reduced, movement, weakness, difficulty, walking, balance, problems, rigid, muscles, convulsions, staring, spells, body, shaking, unconsciousness, pain, muscle, stiffness, hands",Parkinson's
"pain, severe, headache, nausea, light, sensitivity, vomiting, throbbing, visual, aura, dizziness, sound, intense, head, fatigue, blurred, vision, facial, drooping, arm, weakness, speech, difficulty",Migraine
"severe, headache, nausea, light, sensitivity, vomiting, weakness, slurred, speech, paralysis, dizziness, loss, balance, fatigue",Migraine
"throbbing, headache, visual, aura, dizziness, sensitivity, sound, intense, head, pain, vomiting, fatigue, blurred, vision, resting, tremor, slow, speech, reduced, movement",Migraine
"fatigue, difficulty, walking, balance, problems, rigid, muscles, headache, tremor, slow, movement, muscle, stiffness, shaking, hands",Parkinson's
"difficulty, walking, balance, problems, rigid, muscles, headache, fatigue",Parkinson's
"throbbing, headache, visual, aura, dizziness, sensitivity, sound, weakness, pain",Migraine
"intense, head, pain, vomiting, fatigue, blurred, vision, facial, drooping, arm, weakness, speech, difficulty",Stroke
"pain, sudden, numbness, confusion, severe, headache, vision, loss, facial, drooping, arm, weakness, speech, difficulty, forgetfulness, personality, changes, cognitive, decline, slurred, paralysis, dizziness, balance",Stroke
"pain, intense, head, vomiting, fatigue, blurred, vision, language, problems, poor, judgment, memory, impairment",Migraine
"memory, loss, confusion, difficulty, thinking, disorientation, forgetfulness, personality, changes, cognitive, decline, language, problems, poor, judgment, impairment, fatigue, weakness",Dementia
"memory, loss, confusion, difficulty, thinking, disorientation, headache, fatigue, walking, balance, problems, rigid, muscles",Parkinson's
"pain, dizziness, sudden, collapse, twitching, loss, awareness, resting, tremor, slow, speech, reduced, movement, difficulty, walking, balance, problems, rigid, muscles",Parkinson's
"headache, sudden, collapse, twitching, loss, awareness, dizziness",Epilepsy
"severe, headache, nausea, light, sensitivity, vomiting, weakness, facial, drooping, arm, speech, difficulty",Migraine
"throbbing, headache, visual, aura, dizziness, sensitivity, sound, tremor, slow, movement, muscle, stiffness, shaking, hands",Migraine
"dizziness, memory, loss, confusion, difficulty, thinking, disorientation, seizure, consciousness, muscle, jerks, forgetfulness, personality, changes, cognitive, decline, pain, language, problems, poor, judgment, impairment",Dementia
"throbbing, headache, visual, aura, dizziness, sensitivity, sound, resting, tremor, slow, speech, reduced, movement, muscle, stiffness, shaking, hands, weakness, difficulty, walking, balance, problems, rigid, muscles",Parkinson's
"convulsions, staring, spells, body, shaking, unconsciousness, headache, pain, seizure, loss, consciousness, muscle, jerks, confusion, sudden, numbness, severe, vision",Epilepsy
"sudden, numbness, confusion, severe, headache, vision, loss, pain, fatigue, facial, drooping, arm, weakness, speech, difficulty",Stroke
"pain, seizure, loss, consciousness, muscle, jerks, confusion, dizziness, sudden, numbness, severe, headache, vision",Stroke
"nausea, throbbing, headache, visual, aura, dizziness, sensitivity, sound, weakness, convulsions, staring, spells, body, shaking, unconsciousness, seizure, loss, consciousness, muscle, jerks, confusion",Epilepsy
"slurred, speech, weakness, paralysis, dizziness, loss, balance, pain, severe, headache, nausea, light, sensitivity, vomiting, fatigue",Stroke
"weakness, facial, drooping, arm, speech, difficulty, pain, tremor, slow, movement, muscle, stiffness, shaking, hands",Parkinson's
"pain, weakness, severe, headache, nausea, light, sensitivity, vomiting, throbbing, visual, aura, dizziness, sound, tremor, slow, movement, muscle, stiffness, shaking, hands",Migraine
"facial, drooping, arm, weakness, speech, difficulty, sudden, collapse, twitching, loss, awareness, dizziness, slurred, paralysis, balance",Stroke
"difficulty, walking, balance, problems, rigid, muscles, fatigue, pain, memory, loss, confusion, thinking, disorientation, language, poor, judgment, impairment, forgetfulness, personality, changes, cognitive, decline",Dementia
"pain, throbbing, headache, visual, aura, dizziness, sensitivity, sound, severe, nausea, light, vomiting, weakness, convulsions, staring, spells, body, shaking, unconsciousness, intense, head, fatigue, blurred, vision",Migraine
"forgetfulness, personality, changes, cognitive, decline, seizure, loss, consciousness, muscle, jerks, confusion, pain, language, problems, poor, judgment, memory, impairment, nausea",Dementia
"pain, language, problems, poor, judgment, memory, impairment, forgetfulness, personality, changes, cognitive, decline, fatigue, throbbing, headache, visual, aura, dizziness, sensitivity, sound",Dementia
"weakness, fatigue, convulsions, staring, spells, body, shaking, unconsciousness, language, problems, poor, judgment, memory, impairment",Epilepsy
"intense, head, pain, vomiting, fatigue, blurred, vision, severe, headache, nausea, light, sensitivity, weakness, language, problems, poor, judgment, memory, impairment",Migraine
"severe, headache, nausea, light, sensitivity, vomiting, throbbing, visual, aura, dizziness, sound, intense, head, pain, fatigue, blurred, vision",Migraine
"fatigue, seizure, loss, consciousness, muscle, jerks, confusion, nausea, language, problems, poor, judgment, memory, impairment",Epilepsy
"headache, nausea, facial, drooping, arm, weakness, speech, difficulty, forgetfulness, personality, changes, cognitive, decline",Dementia
"throbbing, headache, visual, aura, dizziness, sensitivity, sound, resting, tremor, slow, speech, reduced, movement, weakness",Parkinson's
"nausea, throbbing, headache, visual, aura, dizziness, sensitivity, sound, fatigue, seizure, loss, consciousness, muscle, jerks, confusion",Migraine
"memory, loss, confusion, difficulty, thinking, disorientation, slurred, speech, weakness, paralysis, dizziness, balance, nausea, facial, drooping, arm, sudden, numbness, severe, headache, vision",Stroke
"throbbing, headache, visual, aura, dizziness, sensitivity, sound, fatigue",Migraine
"forgetfulness, personality, changes, cognitive, decline, nausea, slurred, speech, weakness, paralysis, dizziness, loss, balance, facial, drooping, arm, difficulty, fatigue",Stroke
"convulsions, staring, spells, body, shaking, unconsciousness, language, problems, poor, judgment, memory, impairment, seizure, loss, consciousness, muscle, jerks, confusion, weakness, nausea, sudden, collapse, twitching, awareness",Epilepsy
"facial, drooping, arm, weakness, speech, difficulty, nausea, slurred, paralysis, dizziness, loss, balance, forgetfulness, personality, changes, cognitive, decline",Stroke
"fatigue, throbbing, headache, visual, aura, dizziness, sensitivity, sound, severe, nausea, light, vomiting, weakness, intense, head, pain, blurred, vision",Migraine
"dizziness, tremor, slow, movement, muscle, stiffness, shaking, hands, fatigue, difficulty, walking, balance, problems, rigid, muscles, resting, speech, reduced",Parkinson's
"sudden, collapse, twitching, loss, awareness, numbness, confusion, severe, headache, vision, weakness, fatigue, slurred, speech, paralysis, dizziness, balance, facial, drooping, arm, difficulty",Stroke
"forgetfulness, personality, changes, cognitive, decline, headache, language, problems, poor, judgment, memory, impairment, weakness, tremor, slow, movement, muscle, stiffness, shaking, hands, loss, confusion, difficulty, thinking, disorientation",Dementia
"language, problems, poor, judgment, memory, impairment, loss, confusion, difficulty, thinking, disorientation, nausea, weakness, forgetfulness, personality, changes, cognitive, decline, facial, drooping, arm, speech",Dementia
"seizure, loss, consciousness, muscle, jerks, confusion, weakness, convulsions, staring, spells, body, shaking, unconsciousness, difficulty, walking, balance, problems, rigid, muscles, fatigue",Epilepsy
"dizziness, weakness, sudden, collapse, twitching, loss, awareness, intense, head, pain, vomiting, fatigue, blurred, vision",Epilepsy
"dizziness, seizure, loss, consciousness, muscle, jerks, confusion, sudden, collapse, twitching, awareness, difficulty, walking, balance, problems, rigid, muscles, convulsions, staring, spells, body, shaking, unconsciousness, nausea",Epilepsy
"convulsions, staring, spells, body, shaking, unconsciousness, facial, drooping, arm, weakness, speech, difficulty, dizziness, headache, sudden, collapse, twitching, loss, awareness",Epilepsy
"intense, head, pain, vomiting, fatigue, blurred, vision, throbbing, headache, visual, aura, dizziness, sensitivity, sound, severe, nausea, light, convulsions, staring, spells, body, shaking, unconsciousness",Migraine
"headache, dizziness, facial, drooping, arm, weakness, speech, difficulty, sudden, numbness, confusion, severe, vision, loss, memory, thinking, disorientation, slurred, paralysis, balance",Stroke
"dizziness, sudden, numbness, confusion, severe, headache, vision, loss, difficulty, walking, balance, problems, rigid, muscles, pain",Parkinson's
"throbbing, headache, visual, aura, dizziness, sensitivity, sound, difficulty, walking, balance, problems, rigid, muscles, fatigue",Parkinson's
"memory, loss, confusion, difficulty, thinking, disorientation, slurred, speech, weakness, paralysis, dizziness, balance, headache, sudden, numbness, severe, vision, nausea, facial, drooping, arm",Stroke
"headache, sudden, numbness, confusion, severe, vision, loss, language, problems, poor, judgment, memory, impairment, weakness",Dementia
"dizziness, language, problems, poor, judgment, memory, impairment, pain, difficulty, walking, balance, rigid, muscles, tremor, slow, movement, muscle, stiffness, shaking, hands",Parkinson's
"sudden, collapse, twitching, loss, awareness, convulsions, staring, spells, body, shaking, unconsciousness, headache, seizure, consciousness, muscle, jerks, confusion, difficulty, walking, balance, problems, rigid, muscles, dizziness",Epilepsy
"headache, throbbing, visual, aura, dizziness, sensitivity, sound, pain, facial, drooping, arm, weakness, speech, difficulty, slurred, paralysis, loss, balance",Stroke
"pain, seizure, loss, consciousness, muscle, jerks, confusion, sudden, collapse, twitching, awareness, nausea, convulsions, staring, spells, body, shaking, unconsciousness",Epilepsy
"resting, tremor, slow, speech, reduced, movement, difficulty, walking, balance, problems, rigid, muscles, dizziness, muscle, stiffness, shaking, hands, pain, memory, loss, confusion, thinking, disorientation",Parkinson's
"resting, tremor, slow, speech, reduced, movement, headache, nausea, throbbing, visual, aura, dizziness, sensitivity, sound",Parkinson's
"nausea, pain, sudden, collapse, twitching, loss, awareness, slurred, speech, weakness, paralysis, dizziness, balance",Stroke
"difficulty, walking, balance, problems, rigid, muscles, sudden, collapse, twitching, loss, awareness, fatigue, weakness",Epilepsy
"slurred, speech, weakness, paralysis, dizziness, loss, balance, nausea, resting, tremor, slow, reduced, movement, pain",Stroke
"seizure, loss, consciousness, muscle, jerks, confusion, convulsions, staring, spells, body, shaking, unconsciousness, sudden, collapse, twitching, awareness, fatigue, weakness, throbbing, headache, visual, aura, dizziness, sensitivity, sound",Epilepsy
"weakness, forgetfulness, personality, changes, cognitive, decline, pain, language, problems, poor, judgment, memory, impairment, difficulty, walking, balance, rigid, muscles, loss, confusion, thinking, disorientation",Dementia
"headache, dizziness, memory, loss, confusion, difficulty, thinking, disorientation",Dementia
"resting, tremor, slow, speech, reduced, movement, dizziness, muscle, stiffness, shaking, hands, fatigue",Parkinson's
"dizziness, pain, intense, head, vomiting, fatigue, blurred, vision, resting, tremor, slow, speech, reduced, movement",Migraine
"pain, facial, drooping, arm, weakness, speech, difficulty, fatigue, slurred, paralysis, dizziness, loss, balance, sudden, numbness, confusion, severe, headache, vision",Stroke
"headache, sudden, collapse, twitching, loss, awareness, weakness, language, problems, poor, judgment, memory, impairment, forgetfulness, personality, changes, cognitive, decline",Dementia
"severe, headache, nausea, light, sensitivity, vomiting, intense, head, pain, fatigue, blurred, vision, forgetfulness, personality, changes, cognitive, decline",Migraine
"headache, resting, tremor, slow, speech, reduced, movement, dizziness, muscle, stiffness, shaking, hands",Parkinson's
"weakness, facial, drooping, arm, speech, difficulty, slurred, paralysis, dizziness, loss, balance, seizure, consciousness, muscle, jerks, confusion, pain",Stroke
"language, problems, poor, judgment, memory, impairment, sudden, numbness, confusion, severe, headache, vision, loss, weakness, dizziness",Dementia
"headache, fatigue, intense, head, pain, vomiting, blurred, vision",Migraine
"language, problems, poor, judgment, memory, impairment, throbbing, headache, visual, aura, dizziness, sensitivity, sound, pain, severe, nausea, light, vomiting",Migraine
"slurred, speech, weakness, paralysis, dizziness, loss, balance, convulsions, staring, spells, body, shaking, unconsciousness, sudden, collapse, twitching, awareness, seizure, consciousness, muscle, jerks, confusion, nausea, fatigue",Epilepsy
"memory, loss, confusion, difficulty, thinking, disorientation, language, problems, poor, judgment, impairment, headache, nausea",Dementia
"dizziness, pain, tremor, slow, movement, muscle, stiffness, shaking, hands, language, problems, poor, judgment, memory, impairment",Dementia
"dizziness, difficulty, walking, balance, problems, rigid, muscles, headache, tremor, slow, movement, muscle, stiffness, shaking, hands, forgetfulness, personality, changes, cognitive, decline",Parkinson's
"seizure, loss, consciousness, muscle, jerks, confusion, sudden, numbness, severe, headache, vision, convulsions, staring, spells, body, shaking, unconsciousness, weakness, nausea",Epilepsy
"severe, headache, nausea, light, sensitivity, vomiting, facial, drooping, arm, weakness, speech, difficulty, throbbing, visual, aura, dizziness, sound, fatigue",Migraine
"difficulty, walking, balance, problems, rigid, muscles, slurred, speech, weakness, paralysis, dizziness, loss, pain, fatigue",Parkinson's
"difficulty, walking, balance, problems, rigid, muscles, language, poor, judgment, memory, impairment, forgetfulness, personality, changes, cognitive, decline, headache, nausea, loss, confusion, thinking, disorientation",Dementia
"severe, headache, nausea, light, sensitivity, vomiting, throbbing, visual, aura, dizziness, sound, convulsions, staring, spells, body, shaking, unconsciousness",Migraine
"seizure, loss, consciousness, muscle, jerks, confusion, sudden, collapse, twitching, awareness, fatigue, difficulty, walking, balance, problems, rigid, muscles, dizziness",Epilepsy
"memory, loss, confusion, difficulty, thinking, disorientation, headache, forgetfulness, personality, changes, cognitive, decline, throbbing, visual, aura, dizziness, sensitivity, sound, nausea, language, problems, poor, judgment, impairment",Dementia
"headache, throbbing, visual, aura, dizziness, sensitivity, sound, weakness, intense, head, pain, vomiting, fatigue, blurred, vision, sudden, collapse, twitching, loss, awareness",Migraine
"pain, sudden, collapse, twitching, loss, awareness, intense, head, vomiting, fatigue, blurred, vision, seizure, consciousness, muscle, jerks, confusion, convulsions, staring, spells, body, shaking, unconsciousness, headache",Epilepsy
"resting, tremor, slow, speech, reduced, movement, nausea, pain, intense, head, vomiting, fatigue, blurred, vision",Migraine
"intense, head, pain, vomiting, fatigue, blurred, vision, dizziness, facial, drooping, arm, weakness, speech, difficulty, severe, headache, nausea, light, sensitivity, throbbing, visual, aura, sound",Migraine
"nausea, intense, head, pain, vomiting, fatigue, blurred, vision, tremor, slow, movement, muscle, stiffness, shaking, hands",Parkinson's
"facial, drooping, arm, weakness, speech, difficulty, fatigue, language, problems, poor, judgment, memory, impairment, pain",Stroke
"fatigue, memory, loss, confusion, difficulty, thinking, disorientation, severe, headache, nausea, light, sensitivity, vomiting, language, problems, poor, judgment, impairment, forgetfulness, personality, changes, cognitive, decline, pain",Dementia
"resting, tremor, slow, speech, reduced, movement, fatigue, muscle, stiffness, shaking, hands, headache, language, problems, poor, judgment, memory, impairment",Parkinson's
"seizure, loss, consciousness, muscle, jerks, confusion, nausea, difficulty, walking, balance, problems, rigid, muscles, resting, tremor, slow, speech, reduced, movement, headache",Parkinson's
"sudden, collapse, twitching, loss, awareness, pain, dizziness, seizure, consciousness, muscle, jerks, confusion, convulsions, staring, spells, body, shaking, unconsciousness",Epilepsy
"weakness, forgetfulness, personality, changes, cognitive, decline, convulsions, staring, spells, body, shaking, unconsciousness, dizziness, language, problems, poor, judgment, memory, impairment, loss, confusion, difficulty, thinking, disorientation",Dementia
"headache, convulsions, staring, spells, body, shaking, unconsciousness, facial, drooping, arm, weakness, speech, difficulty",Epilepsy
"fatigue, throbbing, headache, visual, aura, dizziness, sensitivity, sound, difficulty, walking, balance, problems, rigid, muscles, intense, head, pain, vomiting, blurred, vision, severe, nausea, light",Migraine
"sudden, numbness, confusion, severe, headache, vision, loss, nausea, dizziness, memory, difficulty, thinking, disorientation, facial, drooping, arm, weakness, speech",Stroke
"dizziness, severe, headache, nausea, light, sensitivity, vomiting",Migraine
"pain, throbbing, headache, visual, aura, dizziness, sensitivity, sound, nausea, intense, head, vomiting, fatigue, blurred, vision, severe, light, memory, loss, confusion, difficulty, thinking, disorientation",Migraine
"resting, tremor, slow, speech, reduced, movement, difficulty, walking, balance, problems, rigid, muscles, muscle, stiffness, shaking, hands, weakness, nausea, language, poor, judgment, memory, impairment",Parkinson's
"forgetfulness, personality, changes, cognitive, decline, weakness, nausea, language, problems, poor, judgment, memory, impairment",Dementia
"forgetfulness, personality, changes, cognitive, decline, fatigue, nausea, facial, drooping, arm, weakness, speech, difficulty",Stroke
"headache, nausea, throbbing, visual, aura, dizziness, sensitivity, sound, sudden, numbness, confusion, severe, vision, loss",Stroke
"resting, tremor, slow, speech, reduced, movement, difficulty, walking, balance, problems, rigid, muscles, muscle, stiffness, shaking, hands, sudden, collapse, twitching, loss, awareness, weakness, fatigue",Parkinson's
"weakness, nausea, facial, drooping, arm, speech, difficulty",Stroke
"dizziness, resting, tremor, slow, speech, reduced, movement, facial, drooping, arm, weakness, difficulty, sudden, numbness, confusion, severe, headache, vision, loss, slurred, paralysis, balance, nausea",Stroke
"facial, drooping, arm, weakness, speech, difficulty, memory, loss, confusion, thinking, disorientation, language, problems, poor, judgment, impairment, forgetfulness, personality, changes, cognitive, decline, dizziness, pain",Dementia
"nausea, facial, drooping, arm, weakness, speech, difficulty, fatigue, sudden, numbness, confusion, severe, headache, vision, loss, forgetfulness, personality, changes, cognitive, decline",Stroke
"fatigue, difficulty, walking, balance, problems, rigid, muscles, pain, sudden, collapse, twitching, loss, awareness, tremor, slow, movement, muscle, stiffness, shaking, hands, resting, speech, reduced",Parkinson's
"throbbing, headache, visual, aura, dizziness, sensitivity, sound, weakness, severe, nausea, light, vomiting, sudden, numbness, confusion, vision, loss, intense, head, pain, fatigue, blurred",Migraine
"sudden, numbness, confusion, severe, headache, vision, loss, dizziness, nausea",Stroke
"pain, intense, head, vomiting, fatigue, blurred, vision, dizziness",Migraine
"language, problems, poor, judgment, memory, impairment, intense, head, pain, vomiting, fatigue, blurred, vision, dizziness, headache",Dementia
"sudden, collapse, twitching, loss, awareness, resting, tremor, slow, speech, reduced, movement, dizziness, pain",Parkinson's
"pain, nausea, resting, tremor, slow, speech, reduced, movement, difficulty, walking, balance, problems, rigid, muscles",Parkinson's
"seizure, loss, consciousness, muscle, jerks, confusion, resting, tremor, slow, speech, reduced, movement, stiffness, shaking, hands, difficulty, walking, balance, problems, rigid, muscles, weakness, headache",Parkinson's
"nausea, seizure, loss, consciousness, muscle, jerks, confusion, headache",Epilepsy
"forgetfulness, personality, changes, cognitive, decline, headache, fatigue, language, problems, poor, judgment, memory, impairment, sudden, numbness, confusion, severe, vision, loss, difficulty, thinking, disorientation",Dementia
"slurred, speech, weakness, paralysis, dizziness, loss, balance, headache, facial, drooping, arm, difficulty, severe, nausea, light, sensitivity, vomiting",Stroke
"pain, slurred, speech, weakness, paralysis, dizziness, loss, balance, intense, head, vomiting, fatigue, blurred, vision, throbbing, headache, visual, aura, sensitivity, sound, nausea",Migraine
"headache, forgetfulness, personality, changes, cognitive, decline, memory, loss, confusion, difficulty, thinking, disorientation, tremor, slow, movement, muscle, stiffness, shaking, hands, language, problems, poor, judgment, impairment, dizziness",Dementia
"dizziness, fatigue, throbbing, headache, visual, aura, sensitivity, sound, intense, head, pain, vomiting, blurred, vision, language, problems, poor, judgment, memory, impairment",Migraine
"pain, slurred, speech, weakness, paralysis, dizziness, loss, balance, resting, tremor, slow, reduced, movement",Stroke
"facial, drooping, arm, weakness, speech, difficulty, resting, tremor, slow, reduced, movement, nausea, dizziness",Stroke
"forgetfulness, personality, changes, cognitive, decline, pain, memory, loss, confusion, difficulty, thinking, disorientation, fatigue, intense, head, vomiting, blurred, vision",Dementia
"memory, loss, confusion, difficulty, thinking, disorientation, weakness, headache",Dementia
"headache, nausea, throbbing, visual, aura, dizziness, sensitivity, sound, forgetfulness, personality, changes, cognitive, decline",Dementia
"tremor, slow, movement, muscle, stiffness, shaking, hands, fatigue, convulsions, staring, spells, body, unconsciousness, headache, seizure, loss, consciousness, jerks, confusion, sudden, collapse, twitching, awareness",Epilepsy
"weakness, tremor, slow, movement, muscle, stiffness, shaking, hands, pain",Parkinson's
"weakness, pain, throbbing, headache, visual, aura, dizziness, sensitivity, sound, severe, nausea, light, vomiting",Migraine
"headache, sudden, numbness, confusion, severe, vision, loss, convulsions, staring, spells, body, shaking, unconsciousness, pain, collapse, twitching, awareness, seizure, consciousness, muscle, jerks",Epilepsy
"sudden, collapse, twitching, loss, awareness, pain, difficulty, walking, balance, problems, rigid, muscles, resting, tremor, slow, speech, reduced, movement, dizziness",Parkinson's
"pain, intense, head, vomiting, fatigue, blurred, vision, sudden, numbness, confusion, severe, headache, loss",Migraine
"weakness, fatigue, severe, headache, nausea, light, sensitivity, vomiting, difficulty, walking, balance, problems, rigid, muscles",Migraine
"resting, tremor, slow, speech, reduced, movement, muscle, stiffness, shaking, hands, fatigue, facial, drooping, arm, weakness, difficulty, headache, walking, balance, problems, rigid, muscles",Parkinson's
"seizure, loss, consciousness, muscle, jerks, confusion, weakness, severe, headache, nausea, light, sensitivity, vomiting, sudden, collapse, twitching, awareness, convulsions, staring, spells, body, shaking, unconsciousness",Epilepsy
"facial, drooping, arm, weakness, speech, difficulty, fatigue, pain, slurred, paralysis, dizziness, loss, balance",Stroke
"difficulty, walking, balance, problems, rigid, muscles, nausea, facial, drooping, arm, weakness, speech, headache, resting, tremor, slow, reduced, movement, muscle, stiffness, shaking, hands",Parkinson's
"weakness, severe, headache, nausea, light, sensitivity, vomiting, sudden, collapse, twitching, loss, awareness, pain, seizure, consciousness, muscle, jerks, confusion",Epilepsy
"slurred, speech, weakness, paralysis, dizziness, loss, balance, language, problems, poor, judgment, memory, impairment, fatigue, forgetfulness, personality, changes, cognitive, decline",Dementia
"memory, loss, confusion, difficulty, thinking, disorientation, slurred, speech, weakness, paralysis, dizziness, balance, nausea, forgetfulness, personality, changes, cognitive, decline, pain",Dementia
"headache, nausea, intense, head, pain, vomiting, fatigue, blurred, vision, seizure, loss, consciousness, muscle, jerks, confusion",Migraine
"nausea, seizure, loss, consciousness, muscle, jerks, confusion, weakness, intense, head, pain, vomiting, fatigue, blurred, vision",Epilepsy
"fatigue, intense, head, pain, vomiting, blurred, vision, severe, headache, nausea, light, sensitivity, throbbing, visual, aura, dizziness, sound, sudden, numbness, confusion, loss",Migraine
"language, problems, poor, judgment, memory, impairment, dizziness, weakness",Dementia
"headache, forgetfulness, personality, changes, cognitive, decline, pain, severe, nausea, light, sensitivity, vomiting",Dementia
"severe, headache, nausea, light, sensitivity, vomiting, throbbing, visual, aura, dizziness, sound, intense, head, pain, fatigue, blurred, vision, weakness",Migraine
"language, problems, poor, judgment, memory, impairment, forgetfulness, personality, changes, cognitive, decline, slurred, speech, weakness, paralysis, dizziness, loss, balance, nausea, headache",Dementia
"throbbing, headache, visual, aura, dizziness, sensitivity, sound, weakness, pain, sudden, numbness, confusion, severe, vision, loss",Stroke
"tremor, slow, movement, muscle, stiffness, shaking, hands, weakness, forgetfulness, personality, changes, cognitive, decline, pain, resting, speech, reduced",Parkinson's
"weakness, memory, loss, confusion, difficulty, thinking, disorientation, facial, drooping, arm, speech, headache",Dementia
"severe, headache, nausea, light, sensitivity, vomiting, weakness, convulsions, staring, spells, body, shaking, unconsciousness, throbbing, visual, aura, dizziness, sound, intense, head, pain, fatigue, blurred, vision",Migraine
"headache, memory, loss, confusion, difficulty, thinking, disorientation, slurred, speech, weakness, paralysis, dizziness, balance, fatigue",Stroke
"seizure, loss, consciousness, muscle, jerks, confusion, dizziness, sudden, collapse, twitching, awareness, convulsions, staring, spells, body, shaking, unconsciousness, fatigue, throbbing, headache, visual, aura, sensitivity, sound",Epilepsy
"difficulty, walking, balance, problems, rigid, muscles, pain, tremor, slow, movement, muscle, stiffness, shaking, hands, weakness",Parkinson's
"memory, loss, confusion, difficulty, thinking, disorientation, headache, dizziness, sudden, numbness, severe, vision, language, problems, poor, judgment, impairment",Dementia
"tremor, slow, movement, muscle, stiffness, shaking, hands, pain, dizziness, resting, speech, reduced, intense, head, vomiting, fatigue, blurred, vision, difficulty, walking, balance, problems, rigid, muscles",Parkinson's
"nausea, sudden, collapse, twitching, loss, awareness, numbness, confusion, severe, headache, vision, convulsions, staring, spells, body, shaking, unconsciousness, weakness",Epilepsy
"headache, severe, nausea, light, sensitivity, vomiting, slurred, speech, weakness, paralysis, dizziness, loss, balance, fatigue",Migraine
"fatigue, sudden, collapse, twitching, loss, awareness, convulsions, staring, spells, body, shaking, unconsciousness, pain, resting, tremor, slow, speech, reduced, movement",Epilepsy
"seizure, loss, consciousness, muscle, jerks, confusion, headache, weakness, throbbing, visual, aura, dizziness, sensitivity, sound",Migraine
"language, problems, poor, judgment, memory, impairment, nausea, slurred, speech, weakness, paralysis, dizziness, loss, balance, confusion, difficulty, thinking, disorientation, headache",Dementia
"memory, loss, confusion, difficulty, thinking, disorientation, nausea, dizziness, severe, headache, light, sensitivity, vomiting",Migraine
"dizziness, headache, sudden, collapse, twitching, loss, awareness",Epilepsy
"seizure, loss, consciousness, muscle, jerks, confusion, weakness, sudden, collapse, twitching, awareness, pain, convulsions, staring, spells, body, shaking, unconsciousness, facial, drooping, arm, speech, difficulty",Epilepsy
"nausea, slurred, speech, weakness, paralysis, dizziness, loss, balance, resting, tremor, slow, reduced, movement, sudden, numbness, confusion, severe, headache, vision",Stroke
"severe, headache, nausea, light, sensitivity, vomiting, weakness, sudden, collapse, twitching, loss, awareness",Epilepsy
"throbbing, headache, visual, aura, dizziness, sensitivity, sound, severe, nausea, light, vomiting, weakness",Migraine
"forgetfulness, personality, changes, cognitive, decline, language, problems, poor, judgment, memory, impairment, intense, head, pain, vomiting, fatigue, blurred, vision, nausea, loss, confusion, difficulty, thinking, disorientation",Dementia
"sudden, numbness, confusion, severe, headache, vision, loss, weakness, slurred, speech, paralysis, dizziness, balance, facial, drooping, arm, difficulty, convulsions, staring, spells, body, shaking, unconsciousness",Stroke
"memory, loss, confusion, difficulty, thinking, disorientation, weakness, headache, language, problems, poor, judgment, impairment, forgetfulness, personality, changes, cognitive, decline, slurred, speech, paralysis, dizziness, balance",Dementia
"tremor, slow, movement, muscle, stiffness, shaking, hands, headache, sudden, collapse, twitching, loss, awareness, seizure, consciousness, jerks, confusion, pain",Epilepsy
"headache, nausea, tremor, slow, movement, muscle, stiffness, shaking, hands",Parkinson's
"sudden, collapse, twitching, loss, awareness, seizure, consciousness, muscle, jerks, confusion, pain, fatigue",Epilepsy
"intense, head, pain, vomiting, fatigue, blurred, vision, dizziness, difficulty, walking, balance, problems, rigid, muscles",Migraine
"sudden, numbness, confusion, severe, headache, vision, loss, fatigue, weakness, difficulty, walking, balance, problems, rigid, muscles, slurred, speech, paralysis, dizziness",Stroke
"memory, loss, confusion, difficulty, thinking, disorientation, dizziness, headache, forgetfulness, personality, changes, cognitive, decline, language, problems, poor, judgment, impairment",Dementia
"fatigue, pain, tremor, slow, movement, muscle, stiffness, shaking, hands, difficulty, walking, balance, problems, rigid, muscles",Parkinson's
"intense, head, pain, vomiting, fatigue, blurred, vision, throbbing, headache, visual, aura, dizziness, sensitivity, sound, weakness, difficulty, walking, balance, problems, rigid, muscles, severe, nausea, light",Migraine
"sudden, collapse, twitching, loss, awareness, facial, drooping, arm, weakness, speech, difficulty, numbness, confusion, severe, headache, vision, dizziness, slurred, paralysis, balance, pain",Stroke
"forgetfulness, personality, changes, cognitive, decline, pain, tremor, slow, movement, muscle, stiffness, shaking, hands, dizziness",Dementia
"pain, slurred, speech, weakness, paralysis, dizziness, loss, balance, throbbing, headache, visual, aura, sensitivity, sound",Stroke
"dizziness, convulsions, staring, spells, body, shaking, unconsciousness, severe, headache, nausea, light, sensitivity, vomiting, fatigue",Migraine
"headache, convulsions, staring, spells, body, shaking, unconsciousness, dizziness, tremor, slow, movement, muscle, stiffness, hands",Parkinson's
"sudden, numbness, confusion, severe, headache, vision, loss, pain, tremor, slow, movement, muscle, stiffness, shaking, hands, difficulty, walking, balance, problems, rigid, muscles, fatigue, resting, speech, reduced",Parkinson's
"forgetfulness, personality, changes, cognitive, decline, tremor, slow, movement, muscle, stiffness, shaking, hands, language, problems, poor, judgment, memory, impairment, loss, confusion, difficulty, thinking, disorientation, dizziness, nausea",Dementia
"fatigue, resting, tremor, slow, speech, reduced, movement, nausea, difficulty, walking, balance, problems, rigid, muscles, muscle, stiffness, shaking, hands",Parkinson's
"fatigue, difficulty, walking, balance, problems, rigid, muscles, throbbing, headache, visual, aura, dizziness, sensitivity, sound, nausea",Parkinson's
"seizure, loss, consciousness, muscle, jerks, confusion, fatigue, weakness, slurred, speech, paralysis, dizziness, balance, convulsions, staring, spells, body, shaking, unconsciousness",Epilepsy
"nausea, throbbing, headache, visual, aura, dizziness, sensitivity, sound, pain, difficulty, walking, balance, problems, rigid, muscles, intense, head, vomiting, fatigue, blurred, vision, severe, light",Migraine
"intense, head, pain, vomiting, fatigue, blurred, vision, throbbing, headache, visual, aura, dizziness, sensitivity, sound, nausea, severe, light, facial, drooping, arm, weakness, speech, difficulty",Migraine
"memory, loss, confusion, difficulty, thinking, disorientation, fatigue, seizure, consciousness, muscle, jerks, convulsions, staring, spells, body, shaking, unconsciousness, sudden, collapse, twitching, awareness, pain",Epilepsy
"difficulty, walking, balance, problems, rigid, muscles, sudden, numbness, confusion, severe, headache, vision, loss, pain, slurred, speech, weakness, paralysis, dizziness, facial, drooping, arm",Stroke
"language, problems, poor, judgment, memory, impairment, loss, confusion, difficulty, thinking, disorientation, slurred, speech, weakness, paralysis, dizziness, balance, fatigue, headache, forgetfulness, personality, changes, cognitive, decline",Dementia
"forgetfulness, personality, changes, cognitive, decline, nausea, weakness",Dementia
"sudden, numbness, confusion, severe, headache, vision, loss, nausea, intense, head, pain, vomiting, fatigue, blurred, light, sensitivity, dizziness, throbbing, visual, aura, sound",Migraine
"forgetfulness, personality, changes, cognitive, decline, headache, fatigue, language, problems, poor, judgment, memory, impairment, throbbing, visual, aura, dizziness, sensitivity, sound, loss, confusion, difficulty, thinking, disorientation",Dementia
"severe, headache, nausea, light, sensitivity, vomiting, fatigue, slurred, speech, weakness, paralysis, dizziness, loss, balance",Migraine
"slurred, speech, weakness, paralysis, dizziness, loss, balance, sudden, collapse, twitching, awareness, fatigue, numbness, confusion, severe, headache, vision, facial, drooping, arm, difficulty",Stroke
"slurred, speech, weakness, paralysis, dizziness, loss, balance, severe, headache, nausea, light, sensitivity, vomiting, pain",Migraine
"sudden, numbness, confusion, severe, headache, vision, loss, pain, forgetfulness, personality, changes, cognitive, decline, language, problems, poor, judgment, memory, impairment, difficulty, thinking, disorientation",Dementia
"throbbing, headache, visual, aura, dizziness, sensitivity, sound, weakness, fatigue",Migraine
"fatigue, intense, head, pain, vomiting, blurred, vision, sudden, numbness, confusion, severe, headache, loss",Stroke
"throbbing, headache, visual, aura, dizziness, sensitivity, sound, intense, head, pain, vomiting, fatigue, blurred, vision, nausea, sudden, numbness, confusion, severe, loss",Migraine
"seizure, loss, consciousness, muscle, jerks, confusion, nausea, headache",Epilepsy
"resting, tremor, slow, speech, reduced, movement, difficulty, walking, balance, problems, rigid, muscles, pain, dizziness",Parkinson's
"difficulty, walking, balance, problems, rigid, muscles, seizure, loss, consciousness, muscle, jerks, confusion, dizziness, headache, convulsions, staring, spells, body, shaking, unconsciousness, sudden, collapse, twitching, awareness",Epilepsy
"tremor, slow, movement, muscle, stiffness, shaking, hands, dizziness, fatigue, intense, head, pain, vomiting, blurred, vision, throbbing, headache, visual, aura, sensitivity, sound",Migraine
"sudden, collapse, twitching, loss, awareness, fatigue, tremor, slow, movement, muscle, stiffness, shaking, hands, pain, seizure, consciousness, jerks, confusion, convulsions, staring, spells, body, unconsciousness",Epilepsy
"seizure, loss, consciousness, muscle, jerks, confusion, nausea, pain, forgetfulness, personality, changes, cognitive, decline",Epilepsy
"tremor, slow, movement, muscle, stiffness, shaking, hands, difficulty, walking, balance, problems, rigid, muscles, weakness, resting, speech, reduced, seizure, loss, consciousness, jerks, confusion, fatigue",Parkinson's
"resting, tremor, slow, speech, reduced, movement, difficulty, walking, balance, problems, rigid, muscles, muscle, stiffness, shaking, hands, fatigue, nausea, sudden, numbness, confusion, severe, headache, vision, loss",Parkinson's
"sudden, collapse, twitching, loss, awareness, nausea, facial, drooping, arm, weakness, speech, difficulty, dizziness, slurred, paralysis, balance",Stroke
"memory, loss, confusion, difficulty, thinking, disorientation, dizziness, convulsions, staring, spells, body, shaking, unconsciousness, pain",Epilepsy
"fatigue, pain, memory, loss, confusion, difficulty, thinking, disorientation",Dementia
"fatigue, forgetfulness, personality, changes, cognitive, decline, weakness, resting, tremor, slow, speech, reduced, movement",Dementia
"weakness, language, problems, poor, judgment, memory, impairment, headache, convulsions, staring, spells, body, shaking, unconsciousness",Epilepsy
"resting, tremor, slow, speech, reduced, movement, dizziness, headache, sudden, collapse, twitching, loss, awareness",Epilepsy
"fatigue, tremor, slow, movement, muscle, stiffness, shaking, hands, forgetfulness, personality, changes, cognitive, decline, memory, loss, confusion, difficulty, thinking, disorientation, language, problems, poor, judgment, impairment, pain",Dementia
"seizure, loss, consciousness, muscle, jerks, confusion, slurred, speech, weakness, paralysis, dizziness, balance, sudden, numbness, severe, headache, vision, nausea, facial, drooping, arm, difficulty",Stroke
"nausea, sudden, collapse, twitching, loss, awareness, language, problems, poor, judgment, memory, impairment, confusion, difficulty, thinking, disorientation, fatigue",Dementia
"dizziness, throbbing, headache, visual, aura, sensitivity, sound, weakness, resting, tremor, slow, speech, reduced, movement",Migraine
"intense, head, pain, vomiting, fatigue, blurred, vision, weakness",Migraine
"tremor, slow, movement, muscle, stiffness, shaking, hands, nausea, headache, resting, speech, reduced, difficulty, walking, balance, problems, rigid, muscles",Parkinson's
"sudden, collapse, twitching, loss, awareness, intense, head, pain, vomiting, fatigue, blurred, vision, headache",Migraine
"nausea, seizure, loss, consciousness, muscle, jerks, confusion, headache, resting, tremor, slow, speech, reduced, movement",Epilepsy
"resting, tremor, slow, speech, reduced, movement, dizziness, difficulty, walking, balance, problems, rigid, muscles, sudden, numbness, confusion, severe, headache, vision, loss, nausea",Parkinson's
"forgetfulness, personality, changes, cognitive, decline, weakness, nausea, language, problems, poor, judgment, memory, impairment",Dementia
"weakness, difficulty, walking, balance, problems, rigid, muscles, forgetfulness, personality, changes, cognitive, decline, nausea",Dementia
"pain, convulsions, staring, spells, body, shaking, unconsciousness, seizure, loss, consciousness, muscle, jerks, confusion, forgetfulness, personality, changes, cognitive, decline, sudden, collapse, twitching, awareness, fatigue",Epilepsy
"facial, drooping, arm, weakness, speech, difficulty, sudden, numbness, confusion, severe, headache, vision, loss, slurred, paralysis, dizziness, balance, walking, problems, rigid, muscles, nausea",Stroke
"facial, drooping, arm, weakness, speech, difficulty, fatigue, dizziness",Stroke
"forgetfulness, personality, changes, cognitive, decline, intense, head, pain, vomiting, fatigue, blurred, vision, dizziness, memory, loss, confusion, difficulty, thinking, disorientation",Dementia
"seizure, loss, consciousness, muscle, jerks, confusion, facial, drooping, arm, weakness, speech, difficulty, convulsions, staring, spells, body, shaking, unconsciousness, sudden, collapse, twitching, awareness, nausea",Epilepsy
"intense, head, pain, vomiting, fatigue, blurred, vision, headache, severe, nausea, light, sensitivity, weakness",Migraine
"memory, loss, confusion, difficulty, thinking, disorientation, sudden, numbness, severe, headache, vision, pain, facial, drooping, arm, weakness, speech, nausea",Stroke
"severe, headache, nausea, light, sensitivity, vomiting, fatigue, intense, head, pain, blurred, vision, dizziness, throbbing, visual, aura, sound",Migraine
"throbbing, headache, visual, aura, dizziness, sensitivity, sound, slurred, speech, weakness, paralysis, loss, balance, pain, intense, head, vomiting, fatigue, blurred, vision, severe, nausea, light",Migraine
"language, problems, poor, judgment, memory, impairment, sudden, collapse, twitching, loss, awareness, headache, fatigue, forgetfulness, personality, changes, cognitive, decline, confusion, difficulty, thinking, disorientation",Dementia
"sudden, numbness, confusion, severe, headache, vision, loss, convulsions, staring, spells, body, shaking, unconsciousness, facial, drooping, arm, weakness, speech, difficulty, nausea, slurred, paralysis, dizziness, balance",Stroke
"facial, drooping, arm, weakness, speech, difficulty, memory, loss, confusion, thinking, disorientation, fatigue",Dementia
"fatigue, pain, resting, tremor, slow, speech, reduced, movement, slurred, weakness, paralysis, dizziness, loss, balance, difficulty, walking, problems, rigid, muscles",Parkinson's
"dizziness, slurred, speech, weakness, paralysis, loss, balance, sudden, numbness, confusion, severe, headache, vision, nausea, throbbing, visual, aura, sensitivity, sound, facial, drooping, arm, difficulty",Stroke
"difficulty, walking, balance, problems, rigid, muscles, convulsions, staring, spells, body, shaking, unconsciousness, tremor, slow, movement, muscle, stiffness, hands, resting, speech, reduced, fatigue, pain",Parkinson's
"pain, weakness, convulsions, staring, spells, body, shaking, unconsciousness, severe, headache, nausea, light, sensitivity, vomiting, throbbing, visual, aura, dizziness, sound",Migraine
"difficulty, walking, balance, problems, rigid, muscles, tremor, slow, movement, muscle, stiffness, shaking, hands, dizziness, convulsions, staring, spells, body, unconsciousness, pain",Parkinson's
"dizziness, resting, tremor, slow, speech, reduced, movement, seizure, loss, consciousness, muscle, jerks, confusion, weakness",Epilepsy
"fatigue, difficulty, walking, balance, problems, rigid, muscles, facial, drooping, arm, weakness, speech, sudden, numbness, confusion, severe, headache, vision, loss",Stroke
"weakness, headache, seizure, loss, consciousness, muscle, jerks, confusion, facial, drooping, arm, speech, difficulty",Epilepsy
"pain, memory, loss, confusion, difficulty, thinking, disorientation, language, problems, poor, judgment, impairment, fatigue, resting, tremor, slow, speech, reduced, movement, forgetfulness, personality, changes, cognitive, decline",Dementia
"sudden, numbness, confusion, severe, headache, vision, loss, seizure, consciousness, muscle, jerks, dizziness, fatigue",Stroke
"severe, headache, nausea, light, sensitivity, vomiting, language, problems, poor, judgment, memory, impairment, loss, confusion, difficulty, thinking, disorientation, weakness",Dementia
"pain, nausea, resting, tremor, slow, speech, reduced, movement, convulsions, staring, spells, body, shaking, unconsciousness, muscle, stiffness, hands, difficulty, walking, balance, problems, rigid, muscles",Parkinson's
"nausea, convulsions, staring, spells, body, shaking, unconsciousness, language, problems, poor, judgment, memory, impairment, sudden, collapse, twitching, loss, awareness, dizziness",Epilepsy
"convulsions, staring, spells, body, shaking, unconsciousness, fatigue, intense, head, pain, vomiting, blurred, vision, nausea",Epilepsy
"dizziness, slurred, speech, weakness, paralysis, loss, balance, language, problems, poor, judgment, memory, impairment",Dementia
"memory, loss, confusion, difficulty, thinking, disorientation, language, problems, poor, judgment, impairment, weakness, forgetfulness, personality, changes, cognitive, decline, facial, drooping, arm, speech, headache",Dementia
"sudden, collapse, twitching, loss, awareness, fatigue, dizziness",Epilepsy
"headache, memory, loss, confusion, difficulty, thinking, disorientation, pain, resting, tremor, slow, speech, reduced, movement",Parkinson's
"sudden, collapse, twitching, loss, awareness, pain, convulsions, staring, spells, body, shaking, unconsciousness, dizziness, seizure, consciousness, muscle, jerks, confusion",Epilepsy
"throbbing, headache, visual, aura, dizziness, sensitivity, sound, fatigue, weakness, resting, tremor, slow, speech, reduced, movement",Migraine
"weakness, nausea, sudden, collapse, twitching, loss, awareness, resting, tremor, slow, speech, reduced, movement",Epilepsy
"forgetfulness, personality, changes, cognitive, decline, resting, tremor, slow, speech, reduced, movement, fatigue, nausea, language, problems, poor, judgment, memory, impairment, loss, confusion, difficulty, thinking, disorientation",Dementia
"severe, headache, nausea, light, sensitivity, vomiting, slurred, speech, weakness, paralysis, dizziness, loss, balance, pain",Migraine
"weakness, language, problems, poor, judgment, memory, impairment, loss, confusion, difficulty, thinking, disorientation, slurred, speech, paralysis, dizziness, balance, forgetfulness, personality, changes, cognitive, decline",Dementia
"convulsions, staring, spells, body, shaking, unconsciousness, fatigue, sudden, collapse, twitching, loss, awareness, nausea, numbness, confusion, severe, headache, vision",Epilepsy
"pain, intense, head, vomiting, fatigue, blurred, vision, weakness, severe, headache, nausea, light, sensitivity, throbbing, visual, aura, dizziness, sound, difficulty, walking, balance, problems, rigid, muscles",Migraine
"nausea, fatigue, severe, headache, light, sensitivity, vomiting",Migraine
"nausea, sudden, collapse, twitching, loss, awareness, fatigue, slurred, speech, weakness, paralysis, dizziness, balance, facial, drooping, arm, difficulty, numbness, confusion, severe, headache, vision",Stroke
"dizziness, headache, language, problems, poor, judgment, memory, impairment, tremor, slow, movement, muscle, stiffness, shaking, hands, resting, speech, reduced",Parkinson's
"pain, forgetfulness, personality, changes, cognitive, decline, weakness, tremor, slow, movement, muscle, stiffness, shaking, hands",Parkinson's
"tremor, slow, movement, muscle, stiffness, shaking, hands, dizziness, difficulty, walking, balance, problems, rigid, muscles, weakness",Parkinson's
"language, problems, poor, judgment, memory, impairment, dizziness, loss, confusion, difficulty, thinking, disorientation, forgetfulness, personality, changes, cognitive, decline, intense, head, pain, vomiting, fatigue, blurred, vision, nausea",Dementia
"dizziness, difficulty, walking, balance, problems, rigid, muscles, sudden, collapse, twitching, loss, awareness, weakness",Parkinson's
"dizziness, fatigue, throbbing, headache, visual, aura, sensitivity, sound, difficulty, walking, balance, problems, rigid, muscles, intense, head, pain, vomiting, blurred, vision",Migraine
"weakness, sudden, numbness, confusion, severe, headache, vision, loss, facial, drooping, arm, speech, difficulty, nausea",Stroke
"fatigue, difficulty, walking, balance, problems, rigid, muscles, throbbing, headache, visual, aura, dizziness, sensitivity, sound, tremor, slow, movement, muscle, stiffness, shaking, hands",Parkinson's
"weakness, sudden, numbness, confusion, severe, headache, vision, loss, facial, drooping, arm, speech, difficulty, nausea, light, sensitivity, vomiting",Stroke
"resting, tremor, slow, speech, reduced, movement, intense, head, pain, vomiting, fatigue, blurred, vision, dizziness, weakness, difficulty, walking, balance, problems, rigid, muscles, muscle, stiffness, shaking, hands",Parkinson's
"throbbing, headache, visual, aura, dizziness, sensitivity, sound, severe, nausea, light, vomiting",Migraine
"throbbing, headache, visual, aura, dizziness, sensitivity, sound, tremor, slow, movement, muscle, stiffness, shaking, hands, pain",Parkinson's
"sudden, collapse, twitching, loss, awareness, weakness, headache, facial, drooping, arm, speech, difficulty",Epilepsy
"fatigue, seizure, loss, consciousness, muscle, jerks, confusion, resting, tremor, slow, speech, reduced, movement, dizziness",Parkinson's
"slurred, speech, weakness, paralysis, dizziness, loss, balance, severe, headache, nausea, light, sensitivity, vomiting, intense, head, pain, fatigue, blurred, vision, throbbing, visual, aura, sound",Migraine
"slurred, speech, weakness, paralysis, dizziness, loss, balance, intense, head, pain, vomiting, fatigue, blurred, vision, throbbing, headache, visual, aura, sensitivity, sound",Migraine
"headache, weakness, forgetfulness, personality, changes, cognitive, decline, seizure, loss, consciousness, muscle, jerks, confusion, language, problems, poor, judgment, memory, impairment",Dementia
"pain, tremor, slow, movement, muscle, stiffness, shaking, hands, resting, speech, reduced, language, problems, poor, judgment, memory, impairment, nausea",Parkinson's
"seizure, loss, consciousness, muscle, jerks, confusion, dizziness, throbbing, headache, visual, aura, sensitivity, sound, weakness",Epilepsy
"facial, drooping, arm, weakness, speech, difficulty, fatigue, throbbing, headache, visual, aura, dizziness, sensitivity, sound",Migraine
"resting, tremor, slow, speech, reduced, movement, slurred, weakness, paralysis, dizziness, loss, balance, fatigue, muscle, stiffness, shaking, hands",Parkinson's
"dizziness, intense, head, pain, vomiting, fatigue, blurred, vision, headache, slurred, speech, weakness, paralysis, loss, balance",Stroke
"forgetfulness, personality, changes, cognitive, decline, difficulty, walking, balance, problems, rigid, muscles, tremor, slow, movement, muscle, stiffness, shaking, hands, headache, dizziness, resting, speech, reduced",Parkinson's
"fatigue, pain, resting, tremor, slow, speech, reduced, movement, difficulty, walking, balance, problems, rigid, muscles",Parkinson's
"resting, tremor, slow, speech, reduced, movement, slurred, weakness, paralysis, dizziness, loss, balance, facial, drooping, arm, difficulty, headache",Stroke
"headache, weakness, forgetfulness, personality, changes, cognitive, decline, language, problems, poor, judgment, memory, impairment, sudden, collapse, twitching, loss, awareness",Dementia
"language, problems, poor, judgment, memory, impairment, sudden, numbness, confusion, severe, headache, vision, loss, forgetfulness, personality, changes, cognitive, decline, weakness, fatigue",Dementia
"fatigue, weakness, tremor, slow, movement, muscle, stiffness, shaking, hands",Parkinson's
"fatigue, headache, language, problems, poor, judgment, memory, impairment, forgetfulness, personality, changes, cognitive, decline, resting, tremor, slow, speech, reduced, movement",Dementia
"difficulty, walking, balance, problems, rigid, muscles, language, poor, judgment, memory, impairment, tremor, slow, movement, muscle, stiffness, shaking, hands, dizziness, nausea",Parkinson's
"tremor, slow, movement, muscle, stiffness, shaking, hands, difficulty, walking, balance, problems, rigid, muscles, weakness, intense, head, pain, vomiting, fatigue, blurred, vision, resting, speech, reduced",Parkinson's
"seizure, loss, consciousness, muscle, jerks, confusion, dizziness, nausea, convulsions, staring, spells, body, shaking, unconsciousness, sudden, collapse, twitching, awareness",Epilepsy
"tremor, slow, movement, muscle, stiffness, shaking, hands, resting, speech, reduced, fatigue, headache, throbbing, visual, aura, dizziness, sensitivity, sound, difficulty, walking, balance, problems, rigid, muscles",Parkinson's
"fatigue, headache, forgetfulness, personality, changes, cognitive, decline, language, problems, poor, judgment, memory, impairment",Dementia
"weakness, sudden, collapse, twitching, loss, awareness, fatigue, language, problems, poor, judgment, memory, impairment",Epilepsy
"slurred, speech, weakness, paralysis, dizziness, loss, balance, fatigue, convulsions, staring, spells, body, shaking, unconsciousness, pain",Epilepsy
"weakness, slurred, speech, paralysis, dizziness, loss, balance, headache",Stroke
"tremor, slow, movement, muscle, stiffness, shaking, hands, fatigue, difficulty, walking, balance, problems, rigid, muscles, headache",Parkinson's
"pain, tremor, slow, movement, muscle, stiffness, shaking, hands, dizziness, difficulty, walking, balance, problems, rigid, muscles, memory, loss, confusion, thinking, disorientation",Parkinson's
"sudden, numbness, confusion, severe, headache, vision, loss, slurred, speech, weakness, paralysis, dizziness, balance, facial, drooping, arm, difficulty, seizure, consciousness, muscle, jerks, fatigue",Stroke
"dizziness, sudden, collapse, twitching, loss, awareness, seizure, consciousness, muscle, jerks, confusion, fatigue, convulsions, staring, spells, body, shaking, unconsciousness",Epilepsy
"headache, weakness, sudden, collapse, twitching, loss, awareness, seizure, consciousness, muscle, jerks, confusion",Epilepsy
"dizziness, language, problems, poor, judgment, memory, impairment, loss, confusion, difficulty, thinking, disorientation, fatigue, forgetfulness, personality, changes, cognitive, decline",Dementia
"weakness, nausea, convulsions, staring, spells, body, shaking, unconsciousness, throbbing, headache, visual, aura, dizziness, sensitivity, sound",Epilepsy
"convulsions, staring, spells, body, shaking, unconsciousness, headache, forgetfulness, personality, changes, cognitive, decline, fatigue",Epilepsy
"seizure, loss, consciousness, muscle, jerks, confusion, weakness, dizziness, convulsions, staring, spells, body, shaking, unconsciousness, sudden, collapse, twitching, awareness",Epilepsy
"weakness, pain, intense, head, vomiting, fatigue, blurred, vision, severe, headache, nausea, light, sensitivity, resting, tremor, slow, speech, reduced, movement",Migraine
"fatigue, resting, tremor, slow, speech, reduced, movement, dizziness, sudden, numbness, confusion, severe, headache, vision, loss",Stroke
"pain, slurred, speech, weakness, paralysis, dizziness, loss, balance, throbbing, headache, visual, aura, sensitivity, sound",Stroke
"slurred, speech, weakness, paralysis, dizziness, loss, balance, nausea, pain, memory, confusion, difficulty, thinking, disorientation",Stroke
"headache, forgetfulness, personality, changes, cognitive, decline, nausea, tremor, slow, movement, muscle, stiffness, shaking, hands",Dementia
"difficulty, walking, balance, problems, rigid, muscles, nausea, resting, tremor, slow, speech, reduced, movement, pain",Parkinson's
"fatigue, difficulty, walking, balance, problems, rigid, muscles, convulsions, staring, spells, body, shaking, unconsciousness, nausea, sudden, collapse, twitching, loss, awareness",Epilepsy
"pain, convulsions, staring, spells, body, shaking, unconsciousness, dizziness, seizure, loss, consciousness, muscle, jerks, confusion, difficulty, walking, balance, problems, rigid, muscles",Epilepsy
"nausea, resting, tremor, slow, speech, reduced, movement, forgetfulness, personality, changes, cognitive, decline, language, problems, poor, judgment, memory, impairment, weakness",Dementia
"headache, seizure, loss, consciousness, muscle, jerks, confusion, severe, nausea, light, sensitivity, vomiting, convulsions, staring, spells, body, shaking, unconsciousness, weakness, sudden, collapse, twitching, awareness",Epilepsy
"weakness, difficulty, walking, balance, problems, rigid, muscles, resting, tremor, slow, speech, reduced, movement, dizziness",Parkinson's
"headache, forgetfulness, personality, changes, cognitive, decline, dizziness, resting, tremor, slow, speech, reduced, movement",Dementia
"weakness, headache, resting, tremor, slow, speech, reduced, movement, difficulty, walking, balance, problems, rigid, muscles",Parkinson's
"resting, tremor, slow, speech, reduced, movement, forgetfulness, personality, changes, cognitive, decline, difficulty, walking, balance, problems, rigid, muscles, headache, pain",Parkinson's
"difficulty, walking, balance, problems, rigid, muscles, pain, weakness, forgetfulness, personality, changes, cognitive, decline, memory, loss, confusion, thinking, disorientation",Dementia
"throbbing, headache, visual, aura, dizziness, sensitivity, sound, tremor, slow, movement, muscle, stiffness, shaking, hands, weakness, intense, head, pain, vomiting, fatigue, blurred, vision",Migraine
"sudden, numbness, confusion, severe, headache, vision, loss, tremor, slow, movement, muscle, stiffness, shaking, hands, facial, drooping, arm, weakness, speech, difficulty, dizziness",Stroke
"throbbing, headache, visual, aura, dizziness, sensitivity, sound, intense, head, pain, vomiting, fatigue, blurred, vision, severe, nausea, light, slurred, speech, weakness, paralysis, loss, balance",Migraine
"nausea, seizure, loss, consciousness, muscle, jerks, confusion, sudden, collapse, twitching, awareness, difficulty, walking, balance, problems, rigid, muscles, pain",Epilepsy
"tremor, slow, movement, muscle, stiffness, shaking, hands, nausea, pain, severe, headache, light, sensitivity, vomiting",Migraine
"convulsions, staring, spells, body, shaking, unconsciousness, weakness, language, problems, poor, judgment, memory, impairment, nausea, seizure, loss, consciousness, muscle, jerks, confusion, sudden, collapse, twitching, awareness",Epilepsy
"weakness, headache, resting, tremor, slow, speech, reduced, movement, sudden, numbness, confusion, severe, vision, loss",Stroke
"fatigue, nausea, forgetfulness, personality, changes, cognitive, decline, seizure, loss, consciousness, muscle, jerks, confusion, memory, difficulty, thinking, disorientation",Dementia
"headache, sudden, numbness, confusion, severe, vision, loss, pain",Stroke
"slurred, speech, weakness, paralysis, dizziness, loss, balance, nausea, severe, headache, light, sensitivity, vomiting, sudden, numbness, confusion, vision",Stroke
"throbbing, headache, visual, aura, dizziness, sensitivity, sound, fatigue, facial, drooping, arm, weakness, speech, difficulty",Stroke
"dizziness, sudden, collapse, twitching, loss, awareness, convulsions, staring, spells, body, shaking, unconsciousness, nausea",Epilepsy
"sudden, numbness, confusion, severe, headache, vision, loss, slurred, speech, weakness, paralysis, dizziness, balance, resting, tremor, slow, reduced, movement, nausea, facial, drooping, arm, difficulty",Stroke
"facial, drooping, arm, weakness, speech, difficulty, slurred, paralysis, dizziness, loss, balance, throbbing, headache, visual, aura, sensitivity, sound, pain, sudden, numbness, confusion, severe, vision",Stroke
"seizure, loss, consciousness, muscle, jerks, confusion, convulsions, staring, spells, body, shaking, unconsciousness, nausea, resting, tremor, slow, speech, reduced, movement, fatigue, sudden, collapse, twitching, awareness",Epilepsy
"headache, throbbing, visual, aura, dizziness, sensitivity, sound, memory, loss, confusion, difficulty, thinking, disorientation, pain, intense, head, vomiting, fatigue, blurred, vision",Migraine
"dizziness, language, problems, poor, judgment, memory, impairment, headache",Dementia
"headache, sudden, numbness, confusion, severe, vision, loss, memory, difficulty, thinking, disorientation, language, problems, poor, judgment, impairment, nausea, forgetfulness, personality, changes, cognitive, decline",Dementia
"dizziness, fatigue, tremor, slow, movement, muscle, stiffness, shaking, hands, seizure, loss, consciousness, jerks, confusion, resting, speech, reduced",Parkinson's
"dizziness, weakness, facial, drooping, arm, speech, difficulty, forgetfulness, personality, changes, cognitive, decline",Stroke
"seizure, loss, consciousness, muscle, jerks, confusion, headache, throbbing, visual, aura, dizziness, sensitivity, sound, convulsions, staring, spells, body, shaking, unconsciousness, pain, sudden, collapse, twitching, awareness",Epilepsy
"headache, language, problems, poor, judgment, memory, impairment, dizziness, forgetfulness, personality, changes, cognitive, decline, slurred, speech, weakness, paralysis, loss, balance, confusion, difficulty, thinking, disorientation",Dementia
"language, problems, poor, judgment, memory, impairment, tremor, slow, movement, muscle, stiffness, shaking, hands, dizziness, loss, confusion, difficulty, thinking, disorientation, pain",Dementia
"convulsions, staring, spells, body, shaking, unconsciousness, headache, seizure, loss, consciousness, muscle, jerks, confusion, dizziness, sudden, collapse, twitching, awareness",Epilepsy
"throbbing, headache, visual, aura, dizziness, sensitivity, sound, seizure, loss, consciousness, muscle, jerks, confusion, fatigue, severe, nausea, light, vomiting",Migraine
"seizure, loss, consciousness, muscle, jerks, confusion, sudden, collapse, twitching, awareness, difficulty, walking, balance, problems, rigid, muscles, convulsions, staring, spells, body, shaking, unconsciousness, headache, dizziness",Epilepsy
"sudden, collapse, twitching, loss, awareness, difficulty, walking, balance, problems, rigid, muscles, headache, weakness, convulsions, staring, spells, body, shaking, unconsciousness",Epilepsy
"dizziness, sudden, numbness, confusion, severe, headache, vision, loss, forgetfulness, personality, changes, cognitive, decline, facial, drooping, arm, weakness, speech, difficulty",Stroke
"nausea, forgetfulness, personality, changes, cognitive, decline, slurred, speech, weakness, paralysis, dizziness, loss, balance, pain",Stroke
"convulsions, staring, spells, body, shaking, unconsciousness, language, problems, poor, judgment, memory, impairment, fatigue, headache, seizure, loss, consciousness, muscle, jerks, confusion",Epilepsy
"sudden, collapse, twitching, loss, awareness, convulsions, staring, spells, body, shaking, unconsciousness, weakness, difficulty, walking, balance, problems, rigid, muscles, headache",Epilepsy
"headache, seizure, loss, consciousness, muscle, jerks, confusion, difficulty, walking, balance, problems, rigid, muscles, pain, convulsions, staring, spells, body, shaking, unconsciousness, sudden, collapse, twitching, awareness",Epilepsy
"language, problems, poor, judgment, memory, impairment, fatigue, dizziness, throbbing, headache, visual, aura, sensitivity, sound",Migraine
"severe, headache, nausea, light, sensitivity, vomiting, tremor, slow, movement, muscle, stiffness, shaking, hands",Parkinson's
"nausea, severe, headache, light, sensitivity, vomiting, throbbing, visual, aura, dizziness, sound, intense, head, pain, fatigue, blurred, vision, weakness",Migraine
"memory, loss, confusion, difficulty, thinking, disorientation, fatigue, tremor, slow, movement, muscle, stiffness, shaking, hands, pain, language, problems, poor, judgment, impairment",Dementia
"dizziness, memory, loss, confusion, difficulty, thinking, disorientation, nausea, language, problems, poor, judgment, impairment, forgetfulness, personality, changes, cognitive, decline, walking, balance, rigid, muscles",Dementia
"throbbing, headache, visual, aura, dizziness, sensitivity, sound, memory, loss, confusion, difficulty, thinking, disorientation, weakness, severe, nausea, light, vomiting, intense, head, pain, fatigue, blurred, vision",Migraine
"facial, drooping, arm, weakness, speech, difficulty, pain, slurred, paralysis, dizziness, loss, balance, forgetfulness, personality, changes, cognitive, decline, sudden, numbness, confusion, severe, headache, vision",Stroke
"dizziness, throbbing, headache, visual, aura, sensitivity, sound, weakness",Migraine
"forgetfulness, personality, changes, cognitive, decline, sudden, collapse, twitching, loss, awareness, convulsions, staring, spells, body, shaking, unconsciousness, fatigue, seizure, consciousness, muscle, jerks, confusion, pain",Epilepsy
"difficulty, walking, balance, problems, rigid, muscles, headache, convulsions, staring, spells, body, shaking, unconsciousness, weakness",Epilepsy
"severe, headache, nausea, light, sensitivity, vomiting, sudden, numbness, confusion, vision, loss, weakness, dizziness, facial, drooping, arm, speech, difficulty",Stroke
"nausea, sudden, numbness, confusion, severe, headache, vision, loss, slurred, speech, weakness, paralysis, dizziness, balance, pain",Stroke
"severe, headache, nausea, light, sensitivity, vomiting, sudden, numbness, confusion, vision, loss, slurred, speech, weakness, paralysis, dizziness, balance, facial, drooping, arm, difficulty",Stroke
"facial, drooping, arm, weakness, speech, difficulty, dizziness, tremor, slow, movement, muscle, stiffness, shaking, hands, resting, reduced, headache, walking, balance, problems, rigid, muscles",Parkinson's
"language, problems, poor, judgment, memory, impairment, fatigue, pain, loss, confusion, difficulty, thinking, disorientation, walking, balance, rigid, muscles, forgetfulness, personality, changes, cognitive, decline",Dementia
"seizure, loss, consciousness, muscle, jerks, confusion, nausea, dizziness, slurred, speech, weakness, paralysis, balance, sudden, collapse, twitching, awareness",Epilepsy
"convulsions, staring, spells, body, shaking, unconsciousness, seizure, loss, consciousness, muscle, jerks, confusion, fatigue, pain, sudden, collapse, twitching, awareness",Epilepsy
"pain, convulsions, staring, spells, body, shaking, unconsciousness, seizure, loss, consciousness, muscle, jerks, confusion, dizziness, forgetfulness, personality, changes, cognitive, decline",Epilepsy
"headache, weakness, forgetfulness, personality, changes, cognitive, decline, seizure, loss, consciousness, muscle, jerks, confusion",Epilepsy
"pain, nausea, intense, head, vomiting, fatigue, blurred, vision, tremor, slow, movement, muscle, stiffness, shaking, hands",Migraine
"seizure, loss, consciousness, muscle, jerks, confusion, dizziness, pain, forgetfulness, personality, changes, cognitive, decline",Epilepsy
"sudden, collapse, twitching, loss, awareness, headache, language, problems, poor, judgment, memory, impairment, pain",Dementia
"sudden, collapse, twitching, loss, awareness, nausea, weakness, seizure, consciousness, muscle, jerks, confusion, intense, head, pain, vomiting, fatigue, blurred, vision",Epilepsy
"sudden, numbness, confusion, severe, headache, vision, loss, nausea, tremor, slow, movement, muscle, stiffness, shaking, hands",Parkinson's
"difficulty, walking, balance, problems, rigid, muscles, nausea, tremor, slow, movement, muscle, stiffness, shaking, hands, weakness",Parkinson's
"sudden, collapse, twitching, loss, awareness, dizziness, weakness",Epilepsy
"difficulty, walking, balance, problems, rigid, muscles, sudden, numbness, confusion, severe, headache, vision, loss, nausea, dizziness",Stroke
"pain, dizziness, memory, loss, confusion, difficulty, thinking, disorientation, forgetfulness, personality, changes, cognitive, decline, slurred, speech, weakness, paralysis, balance, language, problems, poor, judgment, impairment",Dementia
"forgetfulness, personality, changes, cognitive, decline, memory, loss, confusion, difficulty, thinking, disorientation, throbbing, headache, visual, aura, dizziness, sensitivity, sound, nausea",Dementia
"headache, dizziness, severe, nausea, light, sensitivity, vomiting, difficulty, walking, balance, problems, rigid, muscles, tremor, slow, movement, muscle, stiffness, shaking, hands",Parkinson's
"memory, loss, confusion, difficulty, thinking, disorientation, fatigue, nausea, language, problems, poor, judgment, impairment, facial, drooping, arm, weakness, speech, forgetfulness, personality, changes, cognitive, decline",Dementia
"throbbing, headache, visual, aura, dizziness, sensitivity, sound, pain, language, problems, poor, judgment, memory, impairment, severe, nausea, light, vomiting",Migraine
"seizure, loss, consciousness, muscle, jerks, confusion, nausea, sudden, collapse, twitching, awareness, dizziness",Epilepsy
"severe, headache, nausea, light, sensitivity, vomiting, pain, memory, loss, confusion, difficulty, thinking, disorientation, fatigue",Dementia
"memory, loss, confusion, difficulty, thinking, disorientation, severe, headache, nausea, light, sensitivity, vomiting, throbbing, visual, aura, dizziness, sound, intense, head, pain, fatigue, blurred, vision, weakness",Migraine
"weakness, sudden, numbness, confusion, severe, headache, vision, loss, facial, drooping, arm, speech, difficulty, collapse, twitching, awareness, slurred, paralysis, dizziness, balance",Stroke
"pain, weakness, seizure, loss, consciousness, muscle, jerks, confusion",Epilepsy
"dizziness, memory, loss, confusion, difficulty, thinking, disorientation, fatigue, sudden, collapse, twitching, awareness",Epilepsy
"seizure, loss, consciousness, muscle, jerks, confusion, pain, forgetfulness, personality, changes, cognitive, decline, headache",Dementia
"pain, language, problems, poor, judgment, memory, impairment, loss, confusion, difficulty, thinking, disorientation, forgetfulness, personality, changes, cognitive, decline, severe, headache, nausea, light, sensitivity, vomiting, fatigue",Dementia
"pain, sudden, numbness, confusion, severe, headache, vision, loss, slurred, speech, weakness, paralysis, dizziness, balance, facial, drooping, arm, difficulty, seizure, consciousness, muscle, jerks",Stroke
"intense, head, pain, vomiting, fatigue, blurred, vision, weakness, nausea, difficulty, walking, balance, problems, rigid, muscles",Parkinson's
"sudden, collapse, twitching, loss, awareness, weakness, headache, severe, nausea, light, sensitivity, vomiting",Migraine
"forgetfulness, personality, changes, cognitive, decline, pain, headache, sudden, numbness, confusion, severe, vision, loss",Stroke
"weakness, severe, headache, nausea, light, sensitivity, vomiting, language, problems, poor, judgment, memory, impairment, loss, confusion, difficulty, thinking, disorientation",Dementia
"intense, head, pain, vomiting, fatigue, blurred, vision, headache, nausea, resting, tremor, slow, speech, reduced, movement",Migraine
"nausea, forgetfulness, personality, changes, cognitive, decline, sudden, numbness, confusion, severe, headache, vision, loss, slurred, speech, weakness, paralysis, dizziness, balance, fatigue",Stroke
"intense, head, pain, vomiting, fatigue, blurred, vision, forgetfulness, personality, changes, cognitive, decline, memory, loss, confusion, difficulty, thinking, disorientation",Dementia
"headache, intense, head, pain, vomiting, fatigue, blurred, vision, tremor, slow, movement, muscle, stiffness, shaking, hands, nausea",Migraine
"dizziness, convulsions, staring, spells, body, shaking, unconsciousness, nausea",Epilepsy
"nausea, resting, tremor, slow, speech, reduced, movement, pain, difficulty, walking, balance, problems, rigid, muscles, intense, head, vomiting, fatigue, blurred, vision",Parkinson's
"nausea, intense, head, pain, vomiting, fatigue, blurred, vision",Migraine
"language, problems, poor, judgment, memory, impairment, forgetfulness, personality, changes, cognitive, decline, nausea, loss, confusion, difficulty, thinking, disorientation, headache, facial, drooping, arm, weakness, speech",Dementia
"nausea, pain, language, problems, poor, judgment, memory, impairment, intense, head, vomiting, fatigue, blurred, vision, severe, headache, light, sensitivity",Migraine
"tremor, slow, movement, muscle, stiffness, shaking, hands, weakness, difficulty, walking, balance, problems, rigid, muscles, pain, memory, loss, confusion, thinking, disorientation, resting, speech, reduced",Parkinson's
"dizziness, fatigue, sudden, collapse, twitching, loss, awareness, resting, tremor, slow, speech, reduced, movement, seizure, consciousness, muscle, jerks, confusion",Epilepsy
"dizziness, difficulty, walking, balance, problems, rigid, muscles, fatigue",Parkinson's
"pain, headache, forgetfulness, personality, changes, cognitive, decline, facial, drooping, arm, weakness, speech, difficulty",Stroke
"pain, resting, tremor, slow, speech, reduced, movement, fatigue, facial, drooping, arm, weakness, difficulty, walking, balance, problems, rigid, muscles, muscle, stiffness, shaking, hands",Parkinson's
"dizziness, weakness, sudden, numbness, confusion, severe, headache, vision, loss",Stroke
"convulsions, staring, spells, body, shaking, unconsciousness, intense, head, pain, vomiting, fatigue, blurred, vision, headache, nausea",Migraine
"weakness, slurred, speech, paralysis, dizziness, loss, balance, resting, tremor, slow, reduced, movement, fatigue",Parkinson's
"nausea, headache, intense, head, pain, vomiting, fatigue, blurred, vision, throbbing, visual, aura, dizziness, sensitivity, sound",Migraine
"pain, nausea, memory, loss, confusion, difficulty, thinking, disorientation, walking, balance, problems, rigid, muscles",Parkinson's
"fatigue, nausea, sudden, collapse, twitching, loss, awareness, facial, drooping, arm, weakness, speech, difficulty, numbness, confusion, severe, headache, vision",Stroke
"fatigue, pain, tremor, slow, movement, muscle, stiffness, shaking, hands, sudden, collapse, twitching, loss, awareness, seizure, consciousness, jerks, confusion",Epilepsy
"facial, drooping, arm, weakness, speech, difficulty, forgetfulness, personality, changes, cognitive, decline, language, problems, poor, judgment, memory, impairment, nausea, loss, confusion, thinking, disorientation, fatigue",Dementia
"difficulty, walking, balance, problems, rigid, muscles, throbbing, headache, visual, aura, dizziness, sensitivity, sound, nausea, tremor, slow, movement, muscle, stiffness, shaking, hands",Parkinson's
"difficulty, walking, balance, problems, rigid, muscles, throbbing, headache, visual, aura, dizziness, sensitivity, sound, weakness, intense, head, pain, vomiting, fatigue, blurred, vision",Migraine
"fatigue, resting, tremor, slow, speech, reduced, movement, headache, intense, head, pain, vomiting, blurred, vision",Parkinson's
"headache, language, problems, poor, judgment, memory, impairment, weakness, sudden, numbness, confusion, severe, vision, loss",Stroke
"slurred, speech, weakness, paralysis, dizziness, loss, balance, severe, headache, nausea, light, sensitivity, vomiting, throbbing, visual, aura, sound, pain",Migraine
"fatigue, headache, severe, nausea, light, sensitivity, vomiting, convulsions, staring, spells, body, shaking, unconsciousness, intense, head, pain, blurred, vision",Migraine
"intense, head, pain, vomiting, fatigue, blurred, vision, severe, headache, nausea, light, sensitivity, language, problems, poor, judgment, memory, impairment, throbbing, visual, aura, dizziness, sound",Migraine
"headache, throbbing, visual, aura, dizziness, sensitivity, sound, fatigue, resting, tremor, slow, speech, reduced, movement",Parkinson's
"difficulty, walking, balance, problems, rigid, muscles, headache, tremor, slow, movement, muscle, stiffness, shaking, hands, resting, speech, reduced, dizziness, facial, drooping, arm, weakness",Parkinson's
"nausea, headache, tremor, slow, movement, muscle, stiffness, shaking, hands",Parkinson's
"dizziness, sudden, numbness, confusion, severe, headache, vision, loss, facial, drooping, arm, weakness, speech, difficulty, resting, tremor, slow, reduced, movement, slurred, paralysis, balance",Stroke
"headache, sudden, collapse, twitching, loss, awareness, facial, drooping, arm, weakness, speech, difficulty, pain",Stroke
"nausea, severe, headache, light, sensitivity, vomiting, pain, difficulty, walking, balance, problems, rigid, muscles",Parkinson's
"headache, difficulty, walking, balance, problems, rigid, muscles, tremor, slow, movement, muscle, stiffness, shaking, hands, resting, speech, reduced, facial, drooping, arm, weakness, fatigue",Parkinson's
"fatigue, nausea, difficulty, walking, balance, problems, rigid, muscles",Parkinson's
"sudden, numbness, confusion, severe, headache, vision, loss, nausea, facial, drooping, arm, weakness, speech, difficulty, seizure, consciousness, muscle, jerks",Stroke
"pain, throbbing, headache, visual, aura, dizziness, sensitivity, sound, fatigue, difficulty, walking, balance, problems, rigid, muscles",Migraine
"language, problems, poor, judgment, memory, impairment, resting, tremor, slow, speech, reduced, movement, headache, muscle, stiffness, shaking, hands, fatigue, difficulty, walking, balance, rigid, muscles",Parkinson's
"weakness, severe, headache, nausea, light, sensitivity, vomiting, throbbing, visual, aura, dizziness, sound, convulsions, staring, spells, body, shaking, unconsciousness, intense, head, pain, fatigue, blurred, vision",Migraine
"weakness, slurred, speech, paralysis, dizziness, loss, balance, nausea, severe, headache, light, sensitivity, vomiting, facial, drooping, arm, difficulty, sudden, numbness, confusion, vision",Stroke
"dizziness, memory, loss, confusion, difficulty, thinking, disorientation, forgetfulness, personality, changes, cognitive, decline, intense, head, pain, vomiting, fatigue, blurred, vision, weakness",Dementia
"headache, dizziness, tremor, slow, movement, muscle, stiffness, shaking, hands, convulsions, staring, spells, body, unconsciousness",Epilepsy
"language, problems, poor, judgment, memory, impairment, dizziness, severe, headache, nausea, light, sensitivity, vomiting",Migraine
"slurred, speech, weakness, paralysis, dizziness, loss, balance, difficulty, walking, problems, rigid, muscles, nausea, tremor, slow, movement, muscle, stiffness, shaking, hands",Parkinson's
"nausea, resting, tremor, slow, speech, reduced, movement, fatigue",Parkinson's
"memory, loss, confusion, difficulty, thinking, disorientation, severe, headache, nausea, light, sensitivity, vomiting, weakness",Migraine
"fatigue, forgetfulness, personality, changes, cognitive, decline, dizziness, facial, drooping, arm, weakness, speech, difficulty, memory, loss, confusion, thinking, disorientation, language, problems, poor, judgment, impairment",Dementia
"seizure, loss, consciousness, muscle, jerks, confusion, fatigue, weakness, sudden, numbness, severe, headache, vision",Stroke
"memory, loss, confusion, difficulty, thinking, disorientation, weakness, headache",Dementia
"tremor, slow, movement, muscle, stiffness, shaking, hands, difficulty, walking, balance, problems, rigid, muscles, headache, resting, speech, reduced, pain, memory, loss, confusion, thinking, disorientation",Parkinson's
"intense, head, pain, vomiting, fatigue, blurred, vision, headache, throbbing, visual, aura, dizziness, sensitivity, sound, sudden, numbness, confusion, severe, loss",Migraine
"pain, dizziness, convulsions, staring, spells, body, shaking, unconsciousness, forgetfulness, personality, changes, cognitive, decline",Dementia
"sudden, collapse, twitching, loss, awareness, slurred, speech, weakness, paralysis, dizziness, balance, convulsions, staring, spells, body, shaking, unconsciousness, seizure, consciousness, muscle, jerks, confusion",Epilepsy
"nausea, sudden, numbness, confusion, severe, headache, vision, loss, difficulty, walking, balance, problems, rigid, muscles, facial, drooping, arm, weakness, speech, fatigue, slurred, paralysis, dizziness",Stroke
"facial, drooping, arm, weakness, speech, difficulty, slurred, paralysis, dizziness, loss, balance, nausea, fatigue, sudden, collapse, twitching, awareness, numbness, confusion, severe, headache, vision",Stroke
"forgetfulness, personality, changes, cognitive, decline, memory, loss, confusion, difficulty, thinking, disorientation, seizure, consciousness, muscle, jerks, pain, language, problems, poor, judgment, impairment, dizziness",Dementia
"language, problems, poor, judgment, memory, impairment, weakness, loss, confusion, difficulty, thinking, disorientation, walking, balance, rigid, muscles, dizziness",Dementia
"resting, tremor, slow, speech, reduced, movement, fatigue, language, problems, poor, judgment, memory, impairment, forgetfulness, personality, changes, cognitive, decline, pain",Dementia
"nausea, forgetfulness, personality, changes, cognitive, decline, intense, head, pain, vomiting, fatigue, blurred, vision, weakness, throbbing, headache, visual, aura, dizziness, sensitivity, sound",Migraine
"convulsions, staring, spells, body, shaking, unconsciousness, pain, sudden, numbness, confusion, severe, headache, vision, loss, nausea",Epilepsy
"severe, headache, nausea, light, sensitivity, vomiting, pain, throbbing, visual, aura, dizziness, sound, sudden, numbness, confusion, vision, loss",Migraine
"weakness, tremor, slow, movement, muscle, stiffness, shaking, hands, fatigue",Parkinson's
"tremor, slow, movement, muscle, stiffness, shaking, hands, dizziness, pain, resting, speech, reduced, slurred, weakness, paralysis, loss, balance, difficulty, walking, problems, rigid, muscles",Parkinson's
"seizure, loss, consciousness, muscle, jerks, confusion, sudden, collapse, twitching, awareness, slurred, speech, weakness, paralysis, dizziness, balance, convulsions, staring, spells, body, shaking, unconsciousness, nausea",Epilepsy
"language, problems, poor, judgment, memory, impairment, fatigue, tremor, slow, movement, muscle, stiffness, shaking, hands, difficulty, walking, balance, rigid, muscles, headache, resting, speech, reduced",Parkinson's
"slurred, speech, weakness, paralysis, dizziness, loss, balance, sudden, numbness, confusion, severe, headache, vision, memory, difficulty, thinking, disorientation",Stroke
"resting, tremor, slow, speech, reduced, movement, language, problems, poor, judgment, memory, impairment, nausea, pain",Dementia
"headache, weakness, language, problems, poor, judgment, memory, impairment, severe, nausea, light, sensitivity, vomiting",Dementia
"fatigue, resting, tremor, slow, speech, reduced, movement, severe, headache, nausea, light, sensitivity, vomiting",Migraine
"forgetfulness, personality, changes, cognitive, decline, convulsions, staring, spells, body, shaking, unconsciousness, weakness, memory, loss, confusion, difficulty, thinking, disorientation, nausea",Dementia
"nausea, forgetfulness, personality, changes, cognitive, decline, severe, headache, light, sensitivity, vomiting, memory, loss, confusion, difficulty, thinking, disorientation, language, problems, poor, judgment, impairment",Dementia
"dizziness, seizure, loss, consciousness, muscle, jerks, confusion, sudden, collapse, twitching, awareness, forgetfulness, personality, changes, cognitive, decline, weakness",Epilepsy
"slurred, speech, weakness, paralysis, dizziness, loss, balance, forgetfulness, personality, changes, cognitive, decline, language, problems, poor, judgment, memory, impairment, pain",Dementia
"sudden, collapse, twitching, loss, awareness, pain, intense, head, vomiting, fatigue, blurred, vision, convulsions, staring, spells, body, shaking, unconsciousness, dizziness",Epilepsy
"weakness, sudden, numbness, confusion, severe, headache, vision, loss, nausea, forgetfulness, personality, changes, cognitive, decline",Stroke
"facial, drooping, arm, weakness, speech, difficulty, severe, headache, nausea, light, sensitivity, vomiting, throbbing, visual, aura, dizziness, sound, pain",Migraine
"difficulty, walking, balance, problems, rigid, muscles, throbbing, headache, visual, aura, dizziness, sensitivity, sound, nausea, intense, head, pain, vomiting, fatigue, blurred, vision, severe, light",Migraine
"memory, loss, confusion, difficulty, thinking, disorientation, nausea, intense, head, pain, vomiting, fatigue, blurred, vision",Migraine
"fatigue, seizure, loss, consciousness, muscle, jerks, confusion, sudden, collapse, twitching, awareness, convulsions, staring, spells, body, shaking, unconsciousness, dizziness",Epilepsy
"convulsions, staring, spells, body, shaking, unconsciousness, resting, tremor, slow, speech, reduced, movement, weakness, nausea, difficulty, walking, balance, problems, rigid, muscles",Parkinson's
"tremor, slow, movement, muscle, stiffness, shaking, hands, nausea, difficulty, walking, balance, problems, rigid, muscles, pain",Parkinson's
"language, problems, poor, judgment, memory, impairment, pain, tremor, slow, movement, muscle, stiffness, shaking, hands, resting, speech, reduced, difficulty, walking, balance, rigid, muscles, fatigue",Parkinson's
"facial, drooping, arm, weakness, speech, difficulty, sudden, collapse, twitching, loss, awareness, nausea",Epilepsy
"nausea, sudden, collapse, twitching, loss, awareness, dizziness",Epilepsy
"memory, loss, confusion, difficulty, thinking, disorientation, forgetfulness, personality, changes, cognitive, decline, nausea, pain, severe, headache, light, sensitivity, vomiting",Dementia
"intense, head, pain, vomiting, fatigue, blurred, vision, dizziness, weakness",Migraine
"severe, headache, nausea, light, sensitivity, vomiting, pain, dizziness",Migraine
"sudden, numbness, confusion, severe, headache, vision, loss, memory, difficulty, thinking, disorientation, fatigue, weakness",Stroke
"sudden, numbness, confusion, severe, headache, vision, loss, collapse, twitching, awareness, dizziness, pain",Stroke
"severe, headache, nausea, light, sensitivity, vomiting, fatigue, weakness, throbbing, visual, aura, dizziness, sound, slurred, speech, paralysis, loss, balance",Migraine
"nausea, facial, drooping, arm, weakness, speech, difficulty, forgetfulness, personality, changes, cognitive, decline, slurred, paralysis, dizziness, loss, balance, fatigue",Stroke
"tremor, slow, movement, muscle, stiffness, shaking, hands, sudden, collapse, twitching, loss, awareness, dizziness, weakness, difficulty, walking, balance, problems, rigid, muscles",Parkinson's
"dizziness, sudden, numbness, confusion, severe, headache, vision, loss, throbbing, visual, aura, sensitivity, sound, nausea",Stroke
"seizure, loss, consciousness, muscle, jerks, confusion, sudden, collapse, twitching, awareness, throbbing, headache, visual, aura, dizziness, sensitivity, sound, nausea, convulsions, staring, spells, body, shaking, unconsciousness",Epilepsy
"fatigue, sudden, numbness, confusion, severe, headache, vision, loss, resting, tremor, slow, speech, reduced, movement, weakness",Stroke
"nausea, slurred, speech, weakness, paralysis, dizziness, loss, balance, facial, drooping, arm, difficulty, intense, head, pain, vomiting, fatigue, blurred, vision, sudden, numbness, confusion, severe, headache",Stroke
"pain, nausea, sudden, collapse, twitching, loss, awareness, tremor, slow, movement, muscle, stiffness, shaking, hands",Epilepsy
"memory, loss, confusion, difficulty, thinking, disorientation, dizziness, severe, headache, nausea, light, sensitivity, vomiting, forgetfulness, personality, changes, cognitive, decline",Dementia
"resting, tremor, slow, speech, reduced, movement, difficulty, walking, balance, problems, rigid, muscles, forgetfulness, personality, changes, cognitive, decline, muscle, stiffness, shaking, hands, headache, fatigue",Parkinson's
"convulsions, staring, spells, body, shaking, unconsciousness, dizziness, sudden, numbness, confusion, severe, headache, vision, loss, fatigue, collapse, twitching, awareness",Epilepsy
"forgetfulness, personality, changes, cognitive, decline, fatigue, pain, seizure, loss, consciousness, muscle, jerks, confusion",Epilepsy
"tremor, slow, movement, muscle, stiffness, shaking, hands, nausea, severe, headache, light, sensitivity, vomiting, fatigue",Parkinson's
"forgetfulness, personality, changes, cognitive, decline, fatigue, nausea, sudden, collapse, twitching, loss, awareness, seizure, consciousness, muscle, jerks, confusion",Epilepsy
"tremor, slow, movement, muscle, stiffness, shaking, hands, weakness, nausea, sudden, collapse, twitching, loss, awareness, seizure, consciousness, jerks, confusion",Epilepsy
"resting, tremor, slow, speech, reduced, movement, pain, seizure, loss, consciousness, muscle, jerks, confusion, weakness, stiffness, shaking, hands",Parkinson's
"language, problems, poor, judgment, memory, impairment, loss, confusion, difficulty, thinking, disorientation, dizziness, forgetfulness, personality, changes, cognitive, decline, pain, walking, balance, rigid, muscles",Dementia
"fatigue, resting, tremor, slow, speech, reduced, movement, slurred, weakness, paralysis, dizziness, loss, balance, facial, drooping, arm, difficulty, pain, sudden, numbness, confusion, severe, headache, vision",Stroke
"fatigue, throbbing, headache, visual, aura, dizziness, sensitivity, sound, sudden, collapse, twitching, loss, awareness, severe, nausea, light, vomiting, intense, head, pain, blurred, vision",Migraine
"tremor, slow, movement, muscle, stiffness, shaking, hands, pain, resting, speech, reduced, difficulty, walking, balance, problems, rigid, muscles, weakness, severe, headache, nausea, light, sensitivity, vomiting",Parkinson's
"pain, language, problems, poor, judgment, memory, impairment, weakness, loss, confusion, difficulty, thinking, disorientation, slurred, speech, paralysis, dizziness, balance",Dementia
"difficulty, walking, balance, problems, rigid, muscles, dizziness, sudden, numbness, confusion, severe, headache, vision, loss, weakness",Parkinson's
"intense, head, pain, vomiting, fatigue, blurred, vision, dizziness, severe, headache, nausea, light, sensitivity, language, problems, poor, judgment, memory, impairment, throbbing, visual, aura, sound",Migraine
"facial, drooping, arm, weakness, speech, difficulty, slurred, paralysis, dizziness, loss, balance, fatigue, pain, resting, tremor, slow, reduced, movement",Stroke
"headache, throbbing, visual, aura, dizziness, sensitivity, sound, intense, head, pain, vomiting, fatigue, blurred, vision, seizure, loss, consciousness, muscle, jerks, confusion",Migraine
"sudden, collapse, twitching, loss, awareness, fatigue, numbness, confusion, severe, headache, vision, nausea, facial, drooping, arm, weakness, speech, difficulty",Stroke
"weakness, memory, loss, confusion, difficulty, thinking, disorientation, forgetfulness, personality, changes, cognitive, decline, sudden, numbness, severe, headache, vision, nausea",Dementia
"dizziness, fatigue, forgetfulness, personality, changes, cognitive, decline, intense, head, pain, vomiting, blurred, vision",Dementia
"fatigue, headache, language, problems, poor, judgment, memory, impairment, loss, confusion, difficulty, thinking, disorientation",Dementia
"pain, convulsions, staring, spells, body, shaking, unconsciousness, severe, headache, nausea, light, sensitivity, vomiting, weakness",Migraine
"pain, throbbing, headache, visual, aura, dizziness, sensitivity, sound, nausea",Migraine
"weakness, severe, headache, nausea, light, sensitivity, vomiting, resting, tremor, slow, speech, reduced, movement",Parkinson's
"weakness, severe, headache, nausea, light, sensitivity, vomiting, language, problems, poor, judgment, memory, impairment",Migraine
"fatigue, sudden, numbness, confusion, severe, headache, vision, loss, nausea",Stroke
"dizziness, convulsions, staring, spells, body, shaking, unconsciousness, nausea",Epilepsy
"fatigue, throbbing, headache, visual, aura, dizziness, sensitivity, sound, severe, nausea, light, vomiting, weakness, convulsions, staring, spells, body, shaking, unconsciousness",Migraine
"memory, loss, confusion, difficulty, thinking, disorientation, language, problems, poor, judgment, impairment, forgetfulness, personality, changes, cognitive, decline, dizziness, pain, intense, head, vomiting, fatigue, blurred, vision",Dementia
"dizziness, intense, head, pain, vomiting, fatigue, blurred, vision, headache",Migraine
"weakness, sudden, collapse, twitching, loss, awareness, pain, facial, drooping, arm, speech, difficulty",Stroke
"fatigue, convulsions, staring, spells, body, shaking, unconsciousness, pain, slurred, speech, weakness, paralysis, dizziness, loss, balance",Epilepsy
"nausea, headache, difficulty, walking, balance, problems, rigid, muscles, sudden, collapse, twitching, loss, awareness",Parkinson's
"slurred, speech, weakness, paralysis, dizziness, loss, balance, fatigue, memory, confusion, difficulty, thinking, disorientation, language, problems, poor, judgment, impairment, nausea, forgetfulness, personality, changes, cognitive, decline",Dementia
"sudden, collapse, twitching, loss, awareness, throbbing, headache, visual, aura, dizziness, sensitivity, sound, convulsions, staring, spells, body, shaking, unconsciousness, nausea",Epilepsy
"weakness, nausea, memory, loss, confusion, difficulty, thinking, disorientation, language, problems, poor, judgment, impairment",Dementia
"intense, head, pain, vomiting, fatigue, blurred, vision, nausea, severe, headache, light, sensitivity",Migraine
"sudden, collapse, twitching, loss, awareness, fatigue, severe, headache, nausea, light, sensitivity, vomiting, pain, convulsions, staring, spells, body, shaking, unconsciousness",Epilepsy
"fatigue, sudden, collapse, twitching, loss, awareness, facial, drooping, arm, weakness, speech, difficulty, numbness, confusion, severe, headache, vision, slurred, paralysis, dizziness, balance",Stroke
"throbbing, headache, visual, aura, dizziness, sensitivity, sound, weakness, difficulty, walking, balance, problems, rigid, muscles",Parkinson's
"fatigue, headache, resting, tremor, slow, speech, reduced, movement, muscle, stiffness, shaking, hands, difficulty, walking, balance, problems, rigid, muscles",Parkinson's
"nausea, fatigue, throbbing, headache, visual, aura, dizziness, sensitivity, sound, facial, drooping, arm, weakness, speech, difficulty",Migraine
"forgetfulness, personality, changes, cognitive, decline, language, problems, poor, judgment, memory, impairment, headache, nausea",Dementia
"pain, dizziness, sudden, numbness, confusion, severe, headache, vision, loss",Stroke
"resting, tremor, slow, speech, reduced, movement, muscle, stiffness, shaking, hands, fatigue, memory, loss, confusion, difficulty, thinking, disorientation, nausea",Parkinson's
"facial, drooping, arm, weakness, speech, difficulty, headache, sudden, numbness, confusion, severe, vision, loss, collapse, twitching, awareness, slurred, paralysis, dizziness, balance",Stroke
"resting, tremor, slow, speech, reduced, movement, difficulty, walking, balance, problems, rigid, muscles, weakness, fatigue, intense, head, pain, vomiting, blurred, vision",Parkinson's
"dizziness, facial, drooping, arm, weakness, speech, difficulty, fatigue",Stroke
"dizziness, tremor, slow, movement, muscle, stiffness, shaking, hands, weakness, resting, speech, reduced",Parkinson's
"dizziness, headache, forgetfulness, personality, changes, cognitive, decline, facial, drooping, arm, weakness, speech, difficulty, sudden, numbness, confusion, severe, vision, loss",Stroke
"memory, loss, confusion, difficulty, thinking, disorientation, sudden, numbness, severe, headache, vision, dizziness, facial, drooping, arm, weakness, speech, slurred, paralysis, balance",Stroke
"convulsions, staring, spells, body, shaking, unconsciousness, nausea, headache",Epilepsy
"language, problems, poor, judgment, memory, impairment, forgetfulness, personality, changes, cognitive, decline, fatigue, weakness, loss, confusion, difficulty, thinking, disorientation",Dementia
"weakness, convulsions, staring, spells, body, shaking, unconsciousness, headache, sudden, collapse, twitching, loss, awareness",Epilepsy
"language, problems, poor, judgment, memory, impairment, headache, throbbing, visual, aura, dizziness, sensitivity, sound, forgetfulness, personality, changes, cognitive, decline, loss, confusion, difficulty, thinking, disorientation, nausea",Dementia
"language, problems, poor, judgment, memory, impairment, loss, confusion, difficulty, thinking, disorientation, dizziness, headache, intense, head, pain, vomiting, fatigue, blurred, vision",Dementia
"memory, loss, confusion, difficulty, thinking, disorientation, pain, facial, drooping, arm, weakness, speech, language, problems, poor, judgment, impairment, forgetfulness, personality, changes, cognitive, decline",Dementia
"language, problems, poor, judgment, memory, impairment, tremor, slow, movement, muscle, stiffness, shaking, hands, dizziness, resting, speech, reduced, fatigue, difficulty, walking, balance, rigid, muscles",Parkinson's
"sudden, collapse, twitching, loss, awareness, seizure, consciousness, muscle, jerks, confusion, numbness, severe, headache, vision, nausea, convulsions, staring, spells, body, shaking, unconsciousness",Epilepsy
"language, problems, poor, judgment, memory, impairment, forgetfulness, personality, changes, cognitive, decline, dizziness, difficulty, walking, balance, rigid, muscles, loss, confusion, thinking, disorientation, fatigue",Dementia
"weakness, nausea, difficulty, walking, balance, problems, rigid, muscles, convulsions, staring, spells, body, shaking, unconsciousness",Epilepsy
"slurred, speech, weakness, paralysis, dizziness, loss, balance, severe, headache, nausea, light, sensitivity, vomiting, facial, drooping, arm, difficulty, sudden, numbness, confusion, vision, pain",Stroke
"nausea, seizure, loss, consciousness, muscle, jerks, confusion, language, problems, poor, judgment, memory, impairment, forgetfulness, personality, changes, cognitive, decline, headache",Dementia
"dizziness, fatigue, memory, loss, confusion, difficulty, thinking, disorientation, language, problems, poor, judgment, impairment",Dementia
"weakness, forgetfulness, personality, changes, cognitive, decline, nausea, intense, head, pain, vomiting, fatigue, blurred, vision",Dementia
"severe, headache, nausea, light, sensitivity, vomiting, dizziness, forgetfulness, personality, changes, cognitive, decline",Dementia
"intense, head, pain, vomiting, fatigue, blurred, vision, severe, headache, nausea, light, sensitivity, throbbing, visual, aura, dizziness, sound, memory, loss, confusion, difficulty, thinking, disorientation",Migraine
"language, problems, poor, judgment, memory, impairment, sudden, collapse, twitching, loss, awareness, seizure, consciousness, muscle, jerks, confusion, convulsions, staring, spells, body, shaking, unconsciousness, weakness, pain",Epilepsy
"convulsions, staring, spells, body, shaking, unconsciousness, headache, throbbing, visual, aura, dizziness, sensitivity, sound, intense, head, pain, vomiting, fatigue, blurred, vision, weakness",Migraine
"forgetfulness, personality, changes, cognitive, decline, dizziness, headache, convulsions, staring, spells, body, shaking, unconsciousness",Epilepsy
"sudden, collapse, twitching, loss, awareness, convulsions, staring, spells, body, shaking, unconsciousness, weakness, language, problems, poor, judgment, memory, impairment, pain, seizure, consciousness, muscle, jerks, confusion",Epilepsy
"fatigue, throbbing, headache, visual, aura, dizziness, sensitivity, sound, resting, tremor, slow, speech, reduced, movement, severe, nausea, light, vomiting, intense, head, pain, blurred, vision",Migraine
"forgetfulness, personality, changes, cognitive, decline, fatigue, headache, intense, head, pain, vomiting, blurred, vision",Migraine
"dizziness, resting, tremor, slow, speech, reduced, movement, nausea, muscle, stiffness, shaking, hands, throbbing, headache, visual, aura, sensitivity, sound",Parkinson's
"throbbing, headache, visual, aura, dizziness, sensitivity, sound, sudden, collapse, twitching, loss, awareness, severe, nausea, light, vomiting, intense, head, pain, fatigue, blurred, vision",Migraine
"tremor, slow, movement, muscle, stiffness, shaking, hands, pain, slurred, speech, weakness, paralysis, dizziness, loss, balance, fatigue",Parkinson's
"headache, pain, difficulty, walking, balance, problems, rigid, muscles, tremor, slow, movement, muscle, stiffness, shaking, hands, seizure, loss, consciousness, jerks, confusion",Parkinson's
"pain, headache, difficulty, walking, balance, problems, rigid, muscles, language, poor, judgment, memory, impairment, loss, confusion, thinking, disorientation",Dementia
"pain, language, problems, poor, judgment, memory, impairment, convulsions, staring, spells, body, shaking, unconsciousness, nausea",Epilepsy
"forgetfulness, personality, changes, cognitive, decline, intense, head, pain, vomiting, fatigue, blurred, vision, severe, headache, nausea, light, sensitivity, dizziness",Migraine
"forgetfulness, personality, changes, cognitive, decline, fatigue, memory, loss, confusion, difficulty, thinking, disorientation, severe, headache, nausea, light, sensitivity, vomiting, pain",Dementia
"sudden, collapse, twitching, loss, awareness, language, problems, poor, judgment, memory, impairment, fatigue, nausea",Dementia
"dizziness, weakness, forgetfulness, personality, changes, cognitive, decline, difficulty, walking, balance, problems, rigid, muscles, resting, tremor, slow, speech, reduced, movement, muscle, stiffness, shaking, hands",Parkinson's
"throbbing, headache, visual, aura, dizziness, sensitivity, sound, pain, memory, loss, confusion, difficulty, thinking, disorientation, language, problems, poor, judgment, impairment, forgetfulness, personality, changes, cognitive, decline",Dementia
"fatigue, language, problems, poor, judgment, memory, impairment, loss, confusion, difficulty, thinking, disorientation, forgetfulness, personality, changes, cognitive, decline, pain, tremor, slow, movement, muscle, stiffness, shaking, hands",Dementia
"pain, tremor, slow, movement, muscle, stiffness, shaking, hands, resting, speech, reduced, dizziness, facial, drooping, arm, weakness, difficulty",Parkinson's
"forgetfulness, personality, changes, cognitive, decline, dizziness, memory, loss, confusion, difficulty, thinking, disorientation, headache, language, problems, poor, judgment, impairment",Dementia
"pain, seizure, loss, consciousness, muscle, jerks, confusion, fatigue",Epilepsy
"weakness, tremor, slow, movement, muscle, stiffness, shaking, hands, resting, speech, reduced, nausea",Parkinson's
"dizziness, sudden, numbness, confusion, severe, headache, vision, loss, memory, difficulty, thinking, disorientation, facial, drooping, arm, weakness, speech, pain, slurred, paralysis, balance",Stroke
"nausea, fatigue, seizure, loss, consciousness, muscle, jerks, confusion, tremor, slow, movement, stiffness, shaking, hands",Parkinson's
"fatigue, tremor, slow, movement, muscle, stiffness, shaking, hands, slurred, speech, weakness, paralysis, dizziness, loss, balance, sudden, numbness, confusion, severe, headache, vision, facial, drooping, arm, difficulty",Stroke
"forgetfulness, personality, changes, cognitive, decline, headache, weakness, memory, loss, confusion, difficulty, thinking, disorientation",Dementia
"weakness, forgetfulness, personality, changes, cognitive, decline, dizziness, memory, loss, confusion, difficulty, thinking, disorientation",Dementia
"tremor, slow, movement, muscle, stiffness, shaking, hands, dizziness, weakness",Parkinson's
"severe, headache, nausea, light, sensitivity, vomiting, fatigue, difficulty, walking, balance, problems, rigid, muscles",Migraine
"sudden, collapse, twitching, loss, awareness, tremor, slow, movement, muscle, stiffness, shaking, hands, dizziness, nausea, seizure, consciousness, jerks, confusion, convulsions, staring, spells, body, unconsciousness",Epilepsy
"nausea, language, problems, poor, judgment, memory, impairment, fatigue, sudden, collapse, twitching, loss, awareness",Dementia
"pain, throbbing, headache, visual, aura, dizziness, sensitivity, sound, forgetfulness, personality, changes, cognitive, decline",Migraine
"difficulty, walking, balance, problems, rigid, muscles, fatigue, slurred, speech, weakness, paralysis, dizziness, loss, pain",Parkinson's
"slurred, speech, weakness, paralysis, dizziness, loss, balance, nausea, forgetfulness, personality, changes, cognitive, decline",Stroke
"facial, drooping, arm, weakness, speech, difficulty, throbbing, headache, visual, aura, dizziness, sensitivity, sound, pain, nausea",Migraine
"nausea, tremor, slow, movement, muscle, stiffness, shaking, hands, weakness, language, problems, poor, judgment, memory, impairment",Parkinson's
"language, problems, poor, judgment, memory, impairment, throbbing, headache, visual, aura, dizziness, sensitivity, sound, nausea",Migraine
"tremor, slow, movement, muscle, stiffness, shaking, hands, seizure, loss, consciousness, jerks, confusion, weakness, convulsions, staring, spells, body, unconsciousness, nausea, sudden, collapse, twitching, awareness",Epilepsy
"sudden, collapse, twitching, loss, awareness, pain, slurred, speech, weakness, paralysis, dizziness, balance, fatigue",Stroke
"fatigue, severe, headache, nausea, light, sensitivity, vomiting, throbbing, visual, aura, dizziness, sound, sudden, numbness, confusion, vision, loss, weakness, intense, head, pain, blurred",Migraine
"pain, memory, loss, confusion, difficulty, thinking, disorientation, forgetfulness, personality, changes, cognitive, decline, nausea, language, problems, poor, judgment, impairment",Dementia
"difficulty, walking, balance, problems, rigid, muscles, forgetfulness, personality, changes, cognitive, decline, memory, loss, confusion, thinking, disorientation, headache, language, poor, judgment, impairment, fatigue",Dementia
"language, problems, poor, judgment, memory, impairment, facial, drooping, arm, weakness, speech, difficulty, slurred, paralysis, dizziness, loss, balance, sudden, numbness, confusion, severe, headache, vision, pain, nausea",Stroke
"weakness, severe, headache, nausea, light, sensitivity, vomiting, seizure, loss, consciousness, muscle, jerks, confusion, intense, head, pain, fatigue, blurred, vision",Migraine
"slurred, speech, weakness, paralysis, dizziness, loss, balance, sudden, numbness, confusion, severe, headache, vision, facial, drooping, arm, difficulty, nausea, convulsions, staring, spells, body, shaking, unconsciousness",Stroke
"memory, loss, confusion, difficulty, thinking, disorientation, dizziness, language, problems, poor, judgment, impairment, facial, drooping, arm, weakness, speech, forgetfulness, personality, changes, cognitive, decline, nausea",Dementia
"nausea, intense, head, pain, vomiting, fatigue, blurred, vision, dizziness, sudden, collapse, twitching, loss, awareness",Epilepsy
"fatigue, intense, head, pain, vomiting, blurred, vision, throbbing, headache, visual, aura, dizziness, sensitivity, sound",Migraine
"language, problems, poor, judgment, memory, impairment, difficulty, walking, balance, rigid, muscles, dizziness, headache",Dementia
"tremor, slow, movement, muscle, stiffness, shaking, hands, pain, forgetfulness, personality, changes, cognitive, decline, dizziness",Dementia
"dizziness, language, problems, poor, judgment, memory, impairment, facial, drooping, arm, weakness, speech, difficulty, sudden, numbness, confusion, severe, headache, vision, loss, slurred, paralysis, balance",Stroke
"intense, head, pain, vomiting, fatigue, blurred, vision, sudden, collapse, twitching, loss, awareness, convulsions, staring, spells, body, shaking, unconsciousness, seizure, consciousness, muscle, jerks, confusion, headache",Epilepsy
"difficulty, walking, balance, problems, rigid, muscles, dizziness, headache, tremor, slow, movement, muscle, stiffness, shaking, hands",Parkinson's
"intense, head, pain, vomiting, fatigue, blurred, vision, memory, loss, confusion, difficulty, thinking, disorientation, severe, headache, nausea, light, sensitivity, throbbing, visual, aura, dizziness, sound",Migraine
"headache, pain, severe, nausea, light, sensitivity, vomiting, forgetfulness, personality, changes, cognitive, decline, language, problems, poor, judgment, memory, impairment, loss, confusion, difficulty, thinking, disorientation",Dementia
"fatigue, nausea, resting, tremor, slow, speech, reduced, movement",Parkinson's
"seizure, loss, consciousness, muscle, jerks, confusion, fatigue, convulsions, staring, spells, body, shaking, unconsciousness, nausea, sudden, collapse, twitching, awareness, memory, difficulty, thinking, disorientation",Epilepsy
"nausea, memory, loss, confusion, difficulty, thinking, disorientation, dizziness, language, problems, poor, judgment, impairment, forgetfulness, personality, changes, cognitive, decline",Dementia
"headache, difficulty, walking, balance, problems, rigid, muscles, nausea",Parkinson's
"severe, headache, nausea, light, sensitivity, vomiting, language, problems, poor, judgment, memory, impairment, weakness, forgetfulness, personality, changes, cognitive, decline, pain",Dementia
"dizziness, resting, tremor, slow, speech, reduced, movement, headache, intense, head, pain, vomiting, fatigue, blurred, vision",Parkinson's
"forgetfulness, personality, changes, cognitive, decline, dizziness, fatigue, seizure, loss, consciousness, muscle, jerks, confusion",Epilepsy
"difficulty, walking, balance, problems, rigid, muscles, tremor, slow, movement, muscle, stiffness, shaking, hands, headache, dizziness",Parkinson's
"nausea, convulsions, staring, spells, body, shaking, unconsciousness, sudden, numbness, confusion, severe, headache, vision, loss, weakness",Stroke
"fatigue, language, problems, poor, judgment, memory, impairment, dizziness, resting, tremor, slow, speech, reduced, movement",Dementia
"resting, tremor, slow, speech, reduced, movement, headache, language, problems, poor, judgment, memory, impairment, weakness",Dementia
"language, problems, poor, judgment, memory, impairment, pain, difficulty, walking, balance, rigid, muscles, dizziness, loss, confusion, thinking, disorientation",Dementia
"seizure, loss, consciousness, muscle, jerks, confusion, weakness, pain, forgetfulness, personality, changes, cognitive, decline",Dementia
"slurred, speech, weakness, paralysis, dizziness, loss, balance, headache",Stroke
"dizziness, headache, resting, tremor, slow, speech, reduced, movement, seizure, loss, consciousness, muscle, jerks, confusion",Epilepsy
"language, problems, poor, judgment, memory, impairment, seizure, loss, consciousness, muscle, jerks, confusion, convulsions, staring, spells, body, shaking, unconsciousness, headache, sudden, collapse, twitching, awareness, dizziness",Epilepsy
"weakness, fatigue, forgetfulness, personality, changes, cognitive, decline, seizure, loss, consciousness, muscle, jerks, confusion, language, problems, poor, judgment, memory, impairment, difficulty, thinking, disorientation",Dementia
"nausea, intense, head, pain, vomiting, fatigue, blurred, vision, sudden, collapse, twitching, loss, awareness",Migraine
"resting, tremor, slow, speech, reduced, movement, fatigue, intense, head, pain, vomiting, blurred, vision, dizziness, throbbing, headache, visual, aura, sensitivity, sound, severe, nausea, light",Migraine
"nausea, facial, drooping, arm, weakness, speech, difficulty, tremor, slow, movement, muscle, stiffness, shaking, hands, fatigue",Stroke
"language, problems, poor, judgment, memory, impairment, loss, confusion, difficulty, thinking, disorientation, fatigue, headache, throbbing, visual, aura, dizziness, sensitivity, sound",Dementia
"convulsions, staring, spells, body, shaking, unconsciousness, headache, nausea",Epilepsy
"fatigue, language, problems, poor, judgment, memory, impairment, severe, headache, nausea, light, sensitivity, vomiting",Migraine
"dizziness, memory, loss, confusion, difficulty, thinking, disorientation, convulsions, staring, spells, body, shaking, unconsciousness, headache",Dementia
"fatigue, tremor, slow, movement, muscle, stiffness, shaking, hands, nausea, sudden, numbness, confusion, severe, headache, vision, loss",Stroke
"forgetfulness, personality, changes, cognitive, decline, headache, language, problems, poor, judgment, memory, impairment, pain, loss, confusion, difficulty, thinking, disorientation, severe, nausea, light, sensitivity, vomiting",Dementia
"resting, tremor, slow, speech, reduced, movement, fatigue, muscle, stiffness, shaking, hands, sudden, collapse, twitching, loss, awareness, headache",Parkinson's
"nausea, seizure, loss, consciousness, muscle, jerks, confusion, weakness",Epilepsy
"intense, head, pain, vomiting, fatigue, blurred, vision, difficulty, walking, balance, problems, rigid, muscles, severe, headache, nausea, light, sensitivity, throbbing, visual, aura, dizziness, sound",Migraine
"weakness, dizziness, sudden, numbness, confusion, severe, headache, vision, loss, slurred, speech, paralysis, balance",Stroke
"intense, head, pain, vomiting, fatigue, blurred, vision, nausea, memory, loss, confusion, difficulty, thinking, disorientation, weakness",Migraine
"dizziness, headache, seizure, loss, consciousness, muscle, jerks, confusion, forgetfulness, personality, changes, cognitive, decline",Dementia
"nausea, sudden, numbness, confusion, severe, headache, vision, loss, facial, drooping, arm, weakness, speech, difficulty, slurred, paralysis, dizziness, balance, collapse, twitching, awareness",Stroke
"weakness, headache, resting, tremor, slow, speech, reduced, movement, muscle, stiffness, shaking, hands, severe, nausea, light, sensitivity, vomiting",Parkinson's
"weakness, fatigue, sudden, numbness, confusion, severe, headache, vision, loss, nausea, light, sensitivity, vomiting",Migraine
"weakness, sudden, numbness, confusion, severe, headache, vision, loss, dizziness",Stroke
"sudden, collapse, twitching, loss, awareness, headache, pain",Epilepsy
"sudden, numbness, confusion, severe, headache, vision, loss, dizziness, fatigue, throbbing, visual, aura, sensitivity, sound, slurred, speech, weakness, paralysis, balance, facial, drooping, arm, difficulty",Stroke
"intense, head, pain, vomiting, fatigue, blurred, vision, nausea",Migraine
"intense, head, pain, vomiting, fatigue, blurred, vision, weakness, resting, tremor, slow, speech, reduced, movement, severe, headache, nausea, light, sensitivity, throbbing, visual, aura, dizziness, sound",Migraine
"tremor, slow, movement, muscle, stiffness, shaking, hands, nausea, sudden, collapse, twitching, loss, awareness, weakness",Parkinson's
"dizziness, nausea, resting, tremor, slow, speech, reduced, movement, difficulty, walking, balance, problems, rigid, muscles",Parkinson's
"headache, fatigue, severe, nausea, light, sensitivity, vomiting, tremor, slow, movement, muscle, stiffness, shaking, hands",Parkinson's
"dizziness, sudden, collapse, twitching, loss, awareness, seizure, consciousness, muscle, jerks, confusion, nausea, convulsions, staring, spells, body, shaking, unconsciousness",Epilepsy
"convulsions, staring, spells, body, shaking, unconsciousness, nausea, weakness, tremor, slow, movement, muscle, stiffness, hands",Epilepsy
"dizziness, weakness, resting, tremor, slow, speech, reduced, movement, convulsions, staring, spells, body, shaking, unconsciousness",Epilepsy
"nausea, severe, headache, light, sensitivity, vomiting, intense, head, pain, fatigue, blurred, vision, throbbing, visual, aura, dizziness, sound",Migraine
"sudden, collapse, twitching, loss, awareness, convulsions, staring, spells, body, shaking, unconsciousness, seizure, consciousness, muscle, jerks, confusion, nausea, pain, slurred, speech, weakness, paralysis, dizziness, balance",Epilepsy
"language, problems, poor, judgment, memory, impairment, pain, nausea, forgetfulness, personality, changes, cognitive, decline",Dementia
"language, problems, poor, judgment, memory, impairment, facial, drooping, arm, weakness, speech, difficulty, loss, confusion, thinking, disorientation, headache, forgetfulness, personality, changes, cognitive, decline, pain",Dementia
"nausea, seizure, loss, consciousness, muscle, jerks, confusion, convulsions, staring, spells, body, shaking, unconsciousness, dizziness",Epilepsy
"resting, tremor, slow, speech, reduced, movement, headache, slurred, weakness, paralysis, dizziness, loss, balance, pain",Parkinson's
"sudden, numbness, confusion, severe, headache, vision, loss, nausea, slurred, speech, weakness, paralysis, dizziness, balance, light, sensitivity, vomiting",Stroke
"facial, drooping, arm, weakness, speech, difficulty, headache, dizziness, intense, head, pain, vomiting, fatigue, blurred, vision",Stroke
"nausea, seizure, loss, consciousness, muscle, jerks, confusion, slurred, speech, weakness, paralysis, dizziness, balance, convulsions, staring, spells, body, shaking, unconsciousness, headache",Epilepsy
"nausea, resting, tremor, slow, speech, reduced, movement, difficulty, walking, balance, problems, rigid, muscles, weakness",Parkinson's
"forgetfulness, personality, changes, cognitive, decline, pain, sudden, collapse, twitching, loss, awareness, weakness",Dementia
"nausea, language, problems, poor, judgment, memory, impairment, weakness, loss, confusion, difficulty, thinking, disorientation",Dementia
"seizure, loss, consciousness, muscle, jerks, confusion, sudden, collapse, twitching, awareness, tremor, slow, movement, stiffness, shaking, hands, dizziness, convulsions, staring, spells, body, unconsciousness, nausea",Epilepsy
"pain, difficulty, walking, balance, problems, rigid, muscles, sudden, collapse, twitching, loss, awareness, weakness",Epilepsy
"sudden, numbness, confusion, severe, headache, vision, loss, dizziness, difficulty, walking, balance, problems, rigid, muscles",Parkinson's
"memory, loss, confusion, difficulty, thinking, disorientation, forgetfulness, personality, changes, cognitive, decline, nausea, weakness, sudden, numbness, severe, headache, vision, language, problems, poor, judgment, impairment",Dementia
"sudden, numbness, confusion, severe, headache, vision, loss, weakness, nausea",Stroke
"nausea, facial, drooping, arm, weakness, speech, difficulty, fatigue, sudden, numbness, confusion, severe, headache, vision, loss",Stroke
"dizziness, difficulty, walking, balance, problems, rigid, muscles, forgetfulness, personality, changes, cognitive, decline, nausea",Dementia
"difficulty, walking, balance, problems, rigid, muscles, dizziness, nausea, sudden, numbness, confusion, severe, headache, vision, loss, slurred, speech, weakness, paralysis",Stroke
"nausea, difficulty, walking, balance, problems, rigid, muscles, pain, slurred, speech, weakness, paralysis, dizziness, loss",Parkinson's
"fatigue, memory, loss, confusion, difficulty, thinking, disorientation, weakness, convulsions, staring, spells, body, shaking, unconsciousness",Dementia
"sudden, collapse, twitching, loss, awareness, difficulty, walking, balance, problems, rigid, muscles, dizziness, fatigue",Epilepsy
"dizziness, severe, headache, nausea, light, sensitivity, vomiting, pain, memory, loss, confusion, difficulty, thinking, disorientation",Dementia
"forgetfulness, personality, changes, cognitive, decline, nausea, convulsions, staring, spells, body, shaking, unconsciousness, language, problems, poor, judgment, memory, impairment, fatigue",Dementia
"convulsions, staring, spells, body, shaking, unconsciousness, dizziness, headache, severe, nausea, light, sensitivity, vomiting",Migraine
"throbbing, headache, visual, aura, dizziness, sensitivity, sound, fatigue, sudden, numbness, confusion, severe, vision, loss, nausea, light, vomiting",Migraine
"dizziness, fatigue, severe, headache, nausea, light, sensitivity, vomiting, sudden, numbness, confusion, vision, loss",Migraine
"sudden, numbness, confusion, severe, headache, vision, loss, slurred, speech, weakness, paralysis, dizziness, balance, nausea, light, sensitivity, vomiting, fatigue",Stroke
"headache, sudden, collapse, twitching, loss, awareness, fatigue, memory, confusion, difficulty, thinking, disorientation",Dementia
"forgetfulness, personality, changes, cognitive, decline, difficulty, walking, balance, problems, rigid, muscles, headache, nausea",Parkinson's
"headache, memory, loss, confusion, difficulty, thinking, disorientation, nausea",Dementia
"nausea, resting, tremor, slow, speech, reduced, movement, muscle, stiffness, shaking, hands, headache, throbbing, visual, aura, dizziness, sensitivity, sound",Parkinson's
"resting, tremor, slow, speech, reduced, movement, nausea, difficulty, walking, balance, problems, rigid, muscles, muscle, stiffness, shaking, hands, pain, convulsions, staring, spells, body, unconsciousness",Parkinson's
"weakness, nausea, memory, loss, confusion, difficulty, thinking, disorientation, forgetfulness, personality, changes, cognitive, decline, language, problems, poor, judgment, impairment",Dementia
"resting, tremor, slow, speech, reduced, movement, dizziness, convulsions, staring, spells, body, shaking, unconsciousness, headache",Epilepsy
"language, problems, poor, judgment, memory, impairment, pain, resting, tremor, slow, speech, reduced, movement, fatigue, difficulty, walking, balance, rigid, muscles",Parkinson's
"facial, drooping, arm, weakness, speech, difficulty, nausea, throbbing, headache, visual, aura, dizziness, sensitivity, sound, severe, light, vomiting",Migraine
"memory, loss, confusion, difficulty, thinking, disorientation, weakness, dizziness, sudden, numbness, severe, headache, vision",Dementia
"facial, drooping, arm, weakness, speech, difficulty, dizziness, slurred, paralysis, loss, balance, pain",Stroke
"severe, headache, nausea, light, sensitivity, vomiting, dizziness, seizure, loss, consciousness, muscle, jerks, confusion, intense, head, pain, fatigue, blurred, vision, throbbing, visual, aura, sound",Migraine
"fatigue, difficulty, walking, balance, problems, rigid, muscles, memory, loss, confusion, thinking, disorientation, pain",Dementia
"forgetfulness, personality, changes, cognitive, decline, headache, resting, tremor, slow, speech, reduced, movement, weakness",Dementia
"dizziness, nausea, facial, drooping, arm, weakness, speech, difficulty, forgetfulness, personality, changes, cognitive, decline",Dementia
"dizziness, headache, severe, nausea, light, sensitivity, vomiting, sudden, collapse, twitching, loss, awareness, throbbing, visual, aura, sound, intense, head, pain, fatigue, blurred, vision",Migraine
"language, problems, poor, judgment, memory, impairment, pain, forgetfulness, personality, changes, cognitive, decline, headache, slurred, speech, weakness, paralysis, dizziness, loss, balance",Dementia
"seizure, loss, consciousness, muscle, jerks, confusion, throbbing, headache, visual, aura, dizziness, sensitivity, sound, nausea",Epilepsy
"nausea, seizure, loss, consciousness, muscle, jerks, confusion, convulsions, staring, spells, body, shaking, unconsciousness, headache, intense, head, pain, vomiting, fatigue, blurred, vision, sudden, collapse, twitching, awareness",Epilepsy
"pain, language, problems, poor, judgment, memory, impairment, nausea, sudden, numbness, confusion, severe, headache, vision, loss, difficulty, thinking, disorientation, forgetfulness, personality, changes, cognitive, decline",Dementia
"intense, head, pain, vomiting, fatigue, blurred, vision, difficulty, walking, balance, problems, rigid, muscles, headache, dizziness",Parkinson's
"forgetfulness, personality, changes, cognitive, decline, pain, weakness, sudden, numbness, confusion, severe, headache, vision, loss, memory, difficulty, thinking, disorientation, language, problems, poor, judgment, impairment",Dementia
"language, problems, poor, judgment, memory, impairment, forgetfulness, personality, changes, cognitive, decline, loss, confusion, difficulty, thinking, disorientation, headache, nausea, resting, tremor, slow, speech, reduced, movement",Dementia
"throbbing, headache, visual, aura, dizziness, sensitivity, sound, intense, head, pain, vomiting, fatigue, blurred, vision, severe, nausea, light",Migraine
"slurred, speech, weakness, paralysis, dizziness, loss, balance, sudden, collapse, twitching, awareness, fatigue",Epilepsy
"fatigue, headache, sudden, collapse, twitching, loss, awareness, throbbing, visual, aura, dizziness, sensitivity, sound, intense, head, pain, vomiting, blurred, vision, severe, nausea, light",Migraine
"dizziness, severe, headache, nausea, light, sensitivity, vomiting, convulsions, staring, spells, body, shaking, unconsciousness",Epilepsy
"fatigue, memory, loss, confusion, difficulty, thinking, disorientation, tremor, slow, movement, muscle, stiffness, shaking, hands, headache",Dementia
"dizziness, resting, tremor, slow, speech, reduced, movement, difficulty, walking, balance, problems, rigid, muscles, weakness, memory, loss, confusion, thinking, disorientation, muscle, stiffness, shaking, hands",Parkinson's
"seizure, loss, consciousness, muscle, jerks, confusion, weakness, severe, headache, nausea, light, sensitivity, vomiting",Epilepsy
"slurred, speech, weakness, paralysis, dizziness, loss, balance, fatigue, sudden, numbness, confusion, severe, headache, vision, difficulty, walking, problems, rigid, muscles, facial, drooping, arm",Stroke
"headache, throbbing, visual, aura, dizziness, sensitivity, sound, severe, nausea, light, vomiting, weakness, intense, head, pain, fatigue, blurred, vision, language, problems, poor, judgment, memory, impairment",Migraine
"difficulty, walking, balance, problems, rigid, muscles, resting, tremor, slow, speech, reduced, movement, weakness, muscle, stiffness, shaking, hands, headache",Parkinson's
"headache, sudden, numbness, confusion, severe, vision, loss, facial, drooping, arm, weakness, speech, difficulty, memory, thinking, disorientation, nausea",Stroke
"pain, dizziness, language, problems, poor, judgment, memory, impairment, tremor, slow, movement, muscle, stiffness, shaking, hands",Parkinson's
"weakness, dizziness, sudden, collapse, twitching, loss, awareness, seizure, consciousness, muscle, jerks, confusion",Epilepsy
"dizziness, throbbing, headache, visual, aura, sensitivity, sound, slurred, speech, weakness, paralysis, loss, balance",Stroke
"fatigue, sudden, collapse, twitching, loss, awareness, seizure, consciousness, muscle, jerks, confusion, headache",Epilepsy
"forgetfulness, personality, changes, cognitive, decline, language, problems, poor, judgment, memory, impairment, fatigue, loss, confusion, difficulty, thinking, disorientation, dizziness, severe, headache, nausea, light, sensitivity, vomiting",Dementia
"convulsions, staring, spells, body, shaking, unconsciousness, pain, slurred, speech, weakness, paralysis, dizziness, loss, balance, nausea",Epilepsy
"resting, tremor, slow, speech, reduced, movement, difficulty, walking, balance, problems, rigid, muscles, weakness, headache, intense, head, pain, vomiting, fatigue, blurred, vision",Parkinson's
"nausea, headache, forgetfulness, personality, changes, cognitive, decline, memory, loss, confusion, difficulty, thinking, disorientation, language, problems, poor, judgment, impairment, slurred, speech, weakness, paralysis, dizziness, balance",Dementia
"pain, weakness, facial, drooping, arm, speech, difficulty, slurred, paralysis, dizziness, loss, balance",Stroke
"headache, slurred, speech, weakness, paralysis, dizziness, loss, balance",Stroke
"sudden, collapse, twitching, loss, awareness, pain, dizziness, convulsions, staring, spells, body, shaking, unconsciousness, tremor, slow, movement, muscle, stiffness, hands",Epilepsy
"fatigue, tremor, slow, movement, muscle, stiffness, shaking, hands, resting, speech, reduced, pain, convulsions, staring, spells, body, unconsciousness",Parkinson's
"dizziness, nausea, memory, loss, confusion, difficulty, thinking, disorientation",Dementia
"dizziness, facial, drooping, arm, weakness, speech, difficulty, fatigue",Stroke
"fatigue, sudden, collapse, twitching, loss, awareness, tremor, slow, movement, muscle, stiffness, shaking, hands, seizure, consciousness, jerks, confusion, weakness, convulsions, staring, spells, body, unconsciousness",Epilepsy
"intense, head, pain, vomiting, fatigue, blurred, vision, weakness, severe, headache, nausea, light, sensitivity",Migraine
"nausea, severe, headache, light, sensitivity, vomiting, facial, drooping, arm, weakness, speech, difficulty, intense, head, pain, fatigue, blurred, vision",Migraine
"forgetfulness, personality, changes, cognitive, decline, weakness, memory, loss, confusion, difficulty, thinking, disorientation, fatigue, language, problems, poor, judgment, impairment, slurred, speech, paralysis, dizziness, balance",Dementia
"headache, memory, loss, confusion, difficulty, thinking, disorientation, severe, nausea, light, sensitivity, vomiting, intense, head, pain, fatigue, blurred, vision, throbbing, visual, aura, dizziness, sound, weakness",Migraine
"sudden, numbness, confusion, severe, headache, vision, loss, tremor, slow, movement, muscle, stiffness, shaking, hands, slurred, speech, weakness, paralysis, dizziness, balance, fatigue",Stroke
"severe, headache, nausea, light, sensitivity, vomiting, fatigue, intense, head, pain, blurred, vision, dizziness, throbbing, visual, aura, sound",Migraine
"sudden, collapse, twitching, loss, awareness, convulsions, staring, spells, body, shaking, unconsciousness, headache, dizziness, seizure, consciousness, muscle, jerks, confusion",Epilepsy
"fatigue, sudden, collapse, twitching, loss, awareness, convulsions, staring, spells, body, shaking, unconsciousness, weakness, seizure, consciousness, muscle, jerks, confusion",Epilepsy
"weakness, language, problems, poor, judgment, memory, impairment, sudden, collapse, twitching, loss, awareness, pain",Epilepsy
"dizziness, language, problems, poor, judgment, memory, impairment, fatigue, seizure, loss, consciousness, muscle, jerks, confusion, sudden, collapse, twitching, awareness",Epilepsy
"intense, head, pain, vomiting, fatigue, blurred, vision, sudden, numbness, confusion, severe, headache, loss, weakness, slurred, speech, paralysis, dizziness, balance, facial, drooping, arm, difficulty",Stroke
"dizziness, sudden, numbness, confusion, severe, headache, vision, loss, nausea, collapse, twitching, awareness",Epilepsy
"weakness, nausea, intense, head, pain, vomiting, fatigue, blurred, vision",Migraine
"severe, headache, nausea, light, sensitivity, vomiting, throbbing, visual, aura, dizziness, sound, sudden, collapse, twitching, loss, awareness, intense, head, pain, fatigue, blurred, vision, weakness",Migraine
"fatigue, forgetfulness, personality, changes, cognitive, decline, pain, convulsions, staring, spells, body, shaking, unconsciousness, memory, loss, confusion, difficulty, thinking, disorientation, language, problems, poor, judgment, impairment",Dementia
"facial, drooping, arm, weakness, speech, difficulty, sudden, numbness, confusion, severe, headache, vision, loss, fatigue, resting, tremor, slow, reduced, movement, nausea",Stroke
"severe, headache, nausea, light, sensitivity, vomiting, tremor, slow, movement, muscle, stiffness, shaking, hands, pain, intense, head, fatigue, blurred, vision, throbbing, visual, aura, dizziness, sound, weakness",Migraine
"slurred, speech, weakness, paralysis, dizziness, loss, balance, headache, sudden, numbness, confusion, severe, vision, forgetfulness, personality, changes, cognitive, decline, fatigue",Stroke
"seizure, loss, consciousness, muscle, jerks, confusion, pain, sudden, numbness, severe, headache, vision, nausea, convulsions, staring, spells, body, shaking, unconsciousness",Epilepsy
"sudden, numbness, confusion, severe, headache, vision, loss, collapse, twitching, awareness, dizziness",Stroke
"difficulty, walking, balance, problems, rigid, muscles, language, poor, judgment, memory, impairment, pain, weakness",Parkinson's
"dizziness, severe, headache, nausea, light, sensitivity, vomiting, pain, intense, head, fatigue, blurred, vision",Migraine
"dizziness, weakness, convulsions, staring, spells, body, shaking, unconsciousness, intense, head, pain, vomiting, fatigue, blurred, vision",Epilepsy
"forgetfulness, personality, changes, cognitive, decline, headache, pain, sudden, numbness, confusion, severe, vision, loss, facial, drooping, arm, weakness, speech, difficulty",Stroke
"intense, head, pain, vomiting, fatigue, blurred, vision, facial, drooping, arm, weakness, speech, difficulty, slurred, paralysis, dizziness, loss, balance, nausea",Stroke
"resting, tremor, slow, speech, reduced, movement, slurred, weakness, paralysis, dizziness, loss, balance, nausea, muscle, stiffness, shaking, hands",Parkinson's
"headache, nausea, forgetfulness, personality, changes, cognitive, decline, convulsions, staring, spells, body, shaking, unconsciousness",Epilepsy
"headache, seizure, loss, consciousness, muscle, jerks, confusion, sudden, collapse, twitching, awareness, nausea, language, problems, poor, judgment, memory, impairment",Epilepsy
"nausea, facial, drooping, arm, weakness, speech, difficulty, slurred, paralysis, dizziness, loss, balance, fatigue",Stroke
"intense, head, pain, vomiting, fatigue, blurred, vision, facial, drooping, arm, weakness, speech, difficulty, headache, throbbing, visual, aura, dizziness, sensitivity, sound",Migraine
"weakness, memory, loss, confusion, difficulty, thinking, disorientation, convulsions, staring, spells, body, shaking, unconsciousness, fatigue",Dementia
"resting, tremor, slow, speech, reduced, movement, forgetfulness, personality, changes, cognitive, decline, weakness, difficulty, walking, balance, problems, rigid, muscles, fatigue",Parkinson's
"seizure, loss, consciousness, muscle, jerks, confusion, fatigue, sudden, numbness, severe, headache, vision, facial, drooping, arm, weakness, speech, difficulty, dizziness",Stroke
"headache, nausea, slurred, speech, weakness, paralysis, dizziness, loss, balance, resting, tremor, slow, reduced, movement",Stroke
"resting, tremor, slow, speech, reduced, movement, difficulty, walking, balance, problems, rigid, muscles, nausea, slurred, weakness, paralysis, dizziness, loss",Parkinson's
"headache, pain, memory, loss, confusion, difficulty, thinking, disorientation",Dementia
"pain, nausea, convulsions, staring, spells, body, shaking, unconsciousness, difficulty, walking, balance, problems, rigid, muscles, seizure, loss, consciousness, muscle, jerks, confusion",Epilepsy
"sudden, numbness, confusion, severe, headache, vision, loss, fatigue, pain, nausea, light, sensitivity, vomiting",Migraine
"forgetfulness, personality, changes, cognitive, decline, dizziness, nausea, tremor, slow, movement, muscle, stiffness, shaking, hands",Parkinson's
"headache, slurred, speech, weakness, paralysis, dizziness, loss, balance, pain, resting, tremor, slow, reduced, movement",Stroke
"sudden, collapse, twitching, loss, awareness, pain, fatigue, numbness, confusion, severe, headache, vision",Stroke
"dizziness, throbbing, headache, visual, aura, sensitivity, sound, intense, head, pain, vomiting, fatigue, blurred, vision, tremor, slow, movement, muscle, stiffness, shaking, hands, severe, nausea, light",Migraine
"pain, facial, drooping, arm, weakness, speech, difficulty, slurred, paralysis, dizziness, loss, balance, nausea, sudden, numbness, confusion, severe, headache, vision, collapse, twitching, awareness",Stroke
"throbbing, headache, visual, aura, dizziness, sensitivity, sound, slurred, speech, weakness, paralysis, loss, balance, sudden, numbness, confusion, severe, vision, facial, drooping, arm, difficulty, fatigue",Stroke
"throbbing, headache, visual, aura, dizziness, sensitivity, sound, forgetfulness, personality, changes, cognitive, decline, fatigue, language, problems, poor, judgment, memory, impairment",Dementia
"memory, loss, confusion, difficulty, thinking, disorientation, forgetfulness, personality, changes, cognitive, decline, nausea, dizziness, sudden, numbness, severe, headache, vision",Dementia
"forgetfulness, personality, changes, cognitive, decline, language, problems, poor, judgment, memory, impairment, weakness, dizziness, loss, confusion, difficulty, thinking, disorientation",Dementia
"memory, loss, confusion, difficulty, thinking, disorientation, weakness, seizure, consciousness, muscle, jerks, fatigue",Epilepsy
"severe, headache, nausea, light, sensitivity, vomiting, seizure, loss, consciousness, muscle, jerks, confusion, sudden, collapse, twitching, awareness, weakness",Epilepsy
"memory, loss, confusion, difficulty, thinking, disorientation, fatigue, forgetfulness, personality, changes, cognitive, decline, convulsions, staring, spells, body, shaking, unconsciousness, nausea, language, problems, poor, judgment, impairment",Dementia
"intense, head, pain, vomiting, fatigue, blurred, vision, throbbing, headache, visual, aura, dizziness, sensitivity, sound, seizure, loss, consciousness, muscle, jerks, confusion, nausea",Migraine
"dizziness, nausea, tremor, slow, movement, muscle, stiffness, shaking, hands, memory, loss, confusion, difficulty, thinking, disorientation",Dementia
"convulsions, staring, spells, body, shaking, unconsciousness, weakness, headache",Epilepsy
"weakness, headache, seizure, loss, consciousness, muscle, jerks, confusion, facial, drooping, arm, speech, difficulty",Epilepsy
"resting, tremor, slow, speech, reduced, movement, headache, sudden, collapse, twitching, loss, awareness, dizziness, convulsions, staring, spells, body, shaking, unconsciousness",Epilepsy
"seizure, loss, consciousness, muscle, jerks, confusion, headache, nausea, forgetfulness, personality, changes, cognitive, decline, memory, difficulty, thinking, disorientation, language, problems, poor, judgment, impairment",Dementia
"sudden, collapse, twitching, loss, awareness, numbness, confusion, severe, headache, vision, pain, slurred, speech, weakness, paralysis, dizziness, balance, facial, drooping, arm, difficulty, fatigue",Stroke
"seizure, loss, consciousness, muscle, jerks, confusion, weakness, intense, head, pain, vomiting, fatigue, blurred, vision, nausea",Epilepsy
"facial, drooping, arm, weakness, speech, difficulty, headache, sudden, numbness, confusion, severe, vision, loss, pain, memory, thinking, disorientation",Stroke
"pain, difficulty, walking, balance, problems, rigid, muscles, nausea",Parkinson's
"weakness, slurred, speech, paralysis, dizziness, loss, balance, sudden, numbness, confusion, severe, headache, vision, facial, drooping, arm, difficulty, walking, problems, rigid, muscles",Stroke
"sudden, numbness, confusion, severe, headache, vision, loss, dizziness, facial, drooping, arm, weakness, speech, difficulty, convulsions, staring, spells, body, shaking, unconsciousness, fatigue, slurred, paralysis, balance",Stroke
"forgetfulness, personality, changes, cognitive, decline, headache, memory, loss, confusion, difficulty, thinking, disorientation, language, problems, poor, judgment, impairment, dizziness, facial, drooping, arm, weakness, speech",Dementia
"throbbing, headache, visual, aura, dizziness, sensitivity, sound, pain",Migraine
"nausea, forgetfulness, personality, changes, cognitive, decline, memory, loss, confusion, difficulty, thinking, disorientation, headache",Dementia
"sudden, numbness, confusion, severe, headache, vision, loss, nausea, language, problems, poor, judgment, memory, impairment, weakness",Dementia
"slurred, speech, weakness, paralysis, dizziness, loss, balance, nausea, language, problems, poor, judgment, memory, impairment",Dementia
"slurred, speech, weakness, paralysis, dizziness, loss, balance, sudden, numbness, confusion, severe, headache, vision, facial, drooping, arm, difficulty, convulsions, staring, spells, body, shaking, unconsciousness, pain",Stroke
"sudden, collapse, twitching, loss, awareness, difficulty, walking, balance, problems, rigid, muscles, seizure, consciousness, muscle, jerks, confusion, pain, fatigue, convulsions, staring, spells, body, shaking, unconsciousness",Epilepsy
"tremor, slow, movement, muscle, stiffness, shaking, hands, difficulty, walking, balance, problems, rigid, muscles, resting, speech, reduced, pain, severe, headache, nausea, light, sensitivity, vomiting",Parkinson's
"nausea, seizure, loss, consciousness, muscle, jerks, confusion, tremor, slow, movement, stiffness, shaking, hands, pain, difficulty, walking, balance, problems, rigid, muscles",Parkinson's
"weakness, fatigue, difficulty, walking, balance, problems, rigid, muscles, intense, head, pain, vomiting, blurred, vision, resting, tremor, slow, speech, reduced, movement",Parkinson's
"pain, facial, drooping, arm, weakness, speech, difficulty, sudden, numbness, confusion, severe, headache, vision, loss, slurred, paralysis, dizziness, balance",Stroke
"weakness, forgetfulness, personality, changes, cognitive, decline, sudden, numbness, confusion, severe, headache, vision, loss, nausea",Stroke
"sudden, numbness, confusion, severe, headache, vision, loss, dizziness, pain, difficulty, walking, balance, problems, rigid, muscles",Stroke
"intense, head, pain, vomiting, fatigue, blurred, vision, sudden, numbness, confusion, severe, headache, loss, slurred, speech, weakness, paralysis, dizziness, balance, facial, drooping, arm, difficulty",Stroke
"dizziness, forgetfulness, personality, changes, cognitive, decline, slurred, speech, weakness, paralysis, loss, balance, memory, confusion, difficulty, thinking, disorientation, fatigue",Dementia
"weakness, language, problems, poor, judgment, memory, impairment, headache, severe, nausea, light, sensitivity, vomiting, intense, head, pain, fatigue, blurred, vision, throbbing, visual, aura, dizziness, sound",Migraine
"nausea, pain, seizure, loss, consciousness, muscle, jerks, confusion, intense, head, vomiting, fatigue, blurred, vision",Migraine
"sudden, collapse, twitching, loss, awareness, seizure, consciousness, muscle, jerks, confusion, language, problems, poor, judgment, memory, impairment, weakness, fatigue",Epilepsy
"weakness, intense, head, pain, vomiting, fatigue, blurred, vision, throbbing, headache, visual, aura, dizziness, sensitivity, sound, severe, nausea, light",Migraine
"fatigue, severe, headache, nausea, light, sensitivity, vomiting, difficulty, walking, balance, problems, rigid, muscles, tremor, slow, movement, muscle, stiffness, shaking, hands, pain, resting, speech, reduced",Parkinson's
"nausea, convulsions, staring, spells, body, shaking, unconsciousness, seizure, loss, consciousness, muscle, jerks, confusion, fatigue, slurred, speech, weakness, paralysis, dizziness, balance",Epilepsy
"facial, drooping, arm, weakness, speech, difficulty, nausea, slurred, paralysis, dizziness, loss, balance, walking, problems, rigid, muscles, headache, sudden, numbness, confusion, severe, vision",Stroke
"headache, throbbing, visual, aura, dizziness, sensitivity, sound, severe, nausea, light, vomiting, intense, head, pain, fatigue, blurred, vision, language, problems, poor, judgment, memory, impairment",Migraine
"slurred, speech, weakness, paralysis, dizziness, loss, balance, difficulty, walking, problems, rigid, muscles",Parkinson's
"dizziness, throbbing, headache, visual, aura, sensitivity, sound, sudden, collapse, twitching, loss, awareness, convulsions, staring, spells, body, shaking, unconsciousness",Epilepsy
"forgetfulness, personality, changes, cognitive, decline, pain, slurred, speech, weakness, paralysis, dizziness, loss, balance, fatigue, language, problems, poor, judgment, memory, impairment",Dementia
"language, problems, poor, judgment, memory, impairment, slurred, speech, weakness, paralysis, dizziness, loss, balance, forgetfulness, personality, changes, cognitive, decline",Dementia
"sudden, numbness, confusion, severe, headache, vision, loss, memory, difficulty, thinking, disorientation, facial, drooping, arm, weakness, speech, dizziness, fatigue",Stroke
"weakness, difficulty, walking, balance, problems, rigid, muscles, nausea, tremor, slow, movement, muscle, stiffness, shaking, hands, resting, speech, reduced",Parkinson's
"severe, headache, nausea, light, sensitivity, vomiting, tremor, slow, movement, muscle, stiffness, shaking, hands, intense, head, pain, fatigue, blurred, vision, throbbing, visual, aura, dizziness, sound",Migraine
"dizziness, pain, convulsions, staring, spells, body, shaking, unconsciousness, sudden, collapse, twitching, loss, awareness",Epilepsy
"facial, drooping, arm, weakness, speech, difficulty, slurred, paralysis, dizziness, loss, balance, severe, headache, nausea, light, sensitivity, vomiting, sudden, numbness, confusion, vision",Stroke
"nausea, tremor, slow, movement, muscle, stiffness, shaking, hands, sudden, collapse, twitching, loss, awareness, weakness",Epilepsy
"difficulty, walking, balance, problems, rigid, muscles, resting, tremor, slow, speech, reduced, movement, forgetfulness, personality, changes, cognitive, decline, headache, weakness",Parkinson's
"resting, tremor, slow, speech, reduced, movement, fatigue, weakness, muscle, stiffness, shaking, hands, sudden, numbness, confusion, severe, headache, vision, loss, difficulty, walking, balance, problems, rigid, muscles",Parkinson's
"memory, loss, confusion, difficulty, thinking, disorientation, forgetfulness, personality, changes, cognitive, decline, headache, language, problems, poor, judgment, impairment, weakness",Dementia
"weakness, pain, forgetfulness, personality, changes, cognitive, decline, facial, drooping, arm, speech, difficulty, slurred, paralysis, dizziness, loss, balance",Stroke
"sudden, numbness, confusion, severe, headache, vision, loss, nausea, facial, drooping, arm, weakness, speech, difficulty, resting, tremor, slow, reduced, movement, pain",Stroke
"weakness, convulsions, staring, spells, body, shaking, unconsciousness, facial, drooping, arm, speech, difficulty, fatigue, sudden, numbness, confusion, severe, headache, vision, loss, slurred, paralysis, dizziness, balance",Stroke
"dizziness, intense, head, pain, vomiting, fatigue, blurred, vision, severe, headache, nausea, light, sensitivity, resting, tremor, slow, speech, reduced, movement, throbbing, visual, aura, sound",Migraine
"intense, head, pain, vomiting, fatigue, blurred, vision, sudden, collapse, twitching, loss, awareness, convulsions, staring, spells, body, shaking, unconsciousness, weakness, seizure, consciousness, muscle, jerks, confusion",Epilepsy
"difficulty, walking, balance, problems, rigid, muscles, pain, sudden, numbness, confusion, severe, headache, vision, loss, weakness",Stroke
"slurred, speech, weakness, paralysis, dizziness, loss, balance, pain, headache, memory, confusion, difficulty, thinking, disorientation, sudden, numbness, severe, vision, facial, drooping, arm",Stroke
"pain, headache, resting, tremor, slow, speech, reduced, movement, difficulty, walking, balance, problems, rigid, muscles",Parkinson's
"throbbing, headache, visual, aura, dizziness, sensitivity, sound, severe, nausea, light, vomiting, intense, head, pain, fatigue, blurred, vision, seizure, loss, consciousness, muscle, jerks, confusion",Migraine
"pain, intense, head, vomiting, fatigue, blurred, vision, severe, headache, nausea, light, sensitivity, resting, tremor, slow, speech, reduced, movement, throbbing, visual, aura, dizziness, sound",Migraine
"sudden, numbness, confusion, severe, headache, vision, loss, convulsions, staring, spells, body, shaking, unconsciousness, dizziness, pain, seizure, consciousness, muscle, jerks",Epilepsy
"pain, facial, drooping, arm, weakness, speech, difficulty, slurred, paralysis, dizziness, loss, balance, tremor, slow, movement, muscle, stiffness, shaking, hands, sudden, numbness, confusion, severe, headache, vision, fatigue",Stroke
"throbbing, headache, visual, aura, dizziness, sensitivity, sound, fatigue, severe, nausea, light, vomiting",Migraine
"throbbing, headache, visual, aura, dizziness, sensitivity, sound, seizure, loss, consciousness, muscle, jerks, confusion, fatigue, nausea",Epilepsy
"intense, head, pain, vomiting, fatigue, blurred, vision, sudden, collapse, twitching, loss, awareness, headache, seizure, consciousness, muscle, jerks, confusion",Epilepsy
"headache, convulsions, staring, spells, body, shaking, unconsciousness, intense, head, pain, vomiting, fatigue, blurred, vision, severe, nausea, light, sensitivity, weakness",Migraine
"tremor, slow, movement, muscle, stiffness, shaking, hands, difficulty, walking, balance, problems, rigid, muscles, severe, headache, nausea, light, sensitivity, vomiting, fatigue, resting, speech, reduced",Parkinson's
"nausea, language, problems, poor, judgment, memory, impairment, difficulty, walking, balance, rigid, muscles, weakness, tremor, slow, movement, muscle, stiffness, shaking, hands",Parkinson's
"difficulty, walking, balance, problems, rigid, muscles, dizziness, pain, resting, tremor, slow, speech, reduced, movement, sudden, collapse, twitching, loss, awareness, muscle, stiffness, shaking, hands",Parkinson's
"language, problems, poor, judgment, memory, impairment, weakness, loss, confusion, difficulty, thinking, disorientation, pain, forgetfulness, personality, changes, cognitive, decline, sudden, numbness, severe, headache, vision",Dementia
"nausea, sudden, numbness, confusion, severe, headache, vision, loss, language, problems, poor, judgment, memory, impairment, dizziness",Dementia
"language, problems, poor, judgment, memory, impairment, forgetfulness, personality, changes, cognitive, decline, fatigue, resting, tremor, slow, speech, reduced, movement, headache, loss, confusion, difficulty, thinking, disorientation",Dementia
"slurred, speech, weakness, paralysis, dizziness, loss, balance, pain, fatigue, memory, confusion, difficulty, thinking, disorientation",Dementia
"weakness, difficulty, walking, balance, problems, rigid, muscles, tremor, slow, movement, muscle, stiffness, shaking, hands, forgetfulness, personality, changes, cognitive, decline, dizziness",Parkinson's
"pain, sudden, collapse, twitching, loss, awareness, severe, headache, nausea, light, sensitivity, vomiting, weakness",Migraine
"slurred, speech, weakness, paralysis, dizziness, loss, balance, language, problems, poor, judgment, memory, impairment, sudden, numbness, confusion, severe, headache, vision, nausea, facial, drooping, arm, difficulty",Stroke
"headache, intense, head, pain, vomiting, fatigue, blurred, vision, facial, drooping, arm, weakness, speech, difficulty",Migraine
"seizure, loss, consciousness, muscle, jerks, confusion, pain, fatigue, sudden, collapse, twitching, awareness",Epilepsy
"sudden, collapse, twitching, loss, awareness, memory, confusion, difficulty, thinking, disorientation, language, problems, poor, judgment, impairment, forgetfulness, personality, changes, cognitive, decline, nausea, weakness",Dementia
"dizziness, nausea, sudden, numbness, confusion, severe, headache, vision, loss, tremor, slow, movement, muscle, stiffness, shaking, hands",Parkinson's
"headache, pain, language, problems, poor, judgment, memory, impairment, resting, tremor, slow, speech, reduced, movement",Dementia
"forgetfulness, personality, changes, cognitive, decline, nausea, intense, head, pain, vomiting, fatigue, blurred, vision",Dementia
"dizziness, sudden, numbness, confusion, severe, headache, vision, loss, fatigue, slurred, speech, weakness, paralysis, balance, difficulty, walking, problems, rigid, muscles",Stroke
"weakness, forgetfulness, personality, changes, cognitive, decline, facial, drooping, arm, speech, difficulty, headache, sudden, numbness, confusion, severe, vision, loss",Stroke
"difficulty, walking, balance, problems, rigid, muscles, tremor, slow, movement, muscle, stiffness, shaking, hands, headache, resting, speech, reduced, fatigue",Parkinson's
"language, problems, poor, judgment, memory, impairment, pain, dizziness, tremor, slow, movement, muscle, stiffness, shaking, hands",Parkinson's
"headache, difficulty, walking, balance, problems, rigid, muscles, slurred, speech, weakness, paralysis, dizziness, loss, resting, tremor, slow, reduced, movement, muscle, stiffness, shaking, hands",Parkinson's
"weakness, facial, drooping, arm, speech, difficulty, severe, headache, nausea, light, sensitivity, vomiting",Stroke
"resting, tremor, slow, speech, reduced, movement, muscle, stiffness, shaking, hands, headache, nausea, difficulty, walking, balance, problems, rigid, muscles, forgetfulness, personality, changes, cognitive, decline",Parkinson's
"weakness, pain, resting, tremor, slow, speech, reduced, movement, convulsions, staring, spells, body, shaking, unconsciousness",Parkinson's
"memory, loss, confusion, difficulty, thinking, disorientation, forgetfulness, personality, changes, cognitive, decline, headache, pain",Dementia
"tremor, slow, movement, muscle, stiffness, shaking, hands, headache, difficulty, walking, balance, problems, rigid, muscles, dizziness",Parkinson's
"convulsions, staring, spells, body, shaking, unconsciousness, dizziness, language, problems, poor, judgment, memory, impairment, fatigue, loss, confusion, difficulty, thinking, disorientation, forgetfulness, personality, changes, cognitive, decline",Dementia
"headache, tremor, slow, movement, muscle, stiffness, shaking, hands, memory, loss, confusion, difficulty, thinking, disorientation, nausea",Dementia
"fatigue, sudden, numbness, confusion, severe, headache, vision, loss, facial, drooping, arm, weakness, speech, difficulty",Stroke
"seizure, loss, consciousness, muscle, jerks, confusion, convulsions, staring, spells, body, shaking, unconsciousness, pain, fatigue, sudden, collapse, twitching, awareness",Epilepsy
"seizure, loss, consciousness, muscle, jerks, confusion, facial, drooping, arm, weakness, speech, difficulty, sudden, collapse, twitching, awareness, nausea, convulsions, staring, spells, body, shaking, unconsciousness",Epilepsy
"fatigue, weakness, forgetfulness, personality, changes, cognitive, decline, language, problems, poor, judgment, memory, impairment",Dementia
"headache, fatigue, forgetfulness, personality, changes, cognitive, decline, convulsions, staring, spells, body, shaking, unconsciousness",Epilepsy
"weakness, nausea, language, problems, poor, judgment, memory, impairment, tremor, slow, movement, muscle, stiffness, shaking, hands, forgetfulness, personality, changes, cognitive, decline",Dementia
"dizziness, difficulty, walking, balance, problems, rigid, muscles, fatigue, tremor, slow, movement, muscle, stiffness, shaking, hands",Parkinson's
"throbbing, headache, visual, aura, dizziness, sensitivity, sound, nausea, fatigue",Migraine
"dizziness, nausea, forgetfulness, personality, changes, cognitive, decline, seizure, loss, consciousness, muscle, jerks, confusion, memory, difficulty, thinking, disorientation",Dementia
"dizziness, convulsions, staring, spells, body, shaking, unconsciousness, seizure, loss, consciousness, muscle, jerks, confusion, sudden, numbness, severe, headache, vision, weakness",Epilepsy
"nausea, sudden, collapse, twitching, loss, awareness, resting, tremor, slow, speech, reduced, movement, difficulty, walking, balance, problems, rigid, muscles, dizziness, muscle, stiffness, shaking, hands",Parkinson's
"fatigue, facial, drooping, arm, weakness, speech, difficulty, walking, balance, problems, rigid, muscles, dizziness",Stroke
"pain, difficulty, walking, balance, problems, rigid, muscles, facial, drooping, arm, weakness, speech, dizziness",Stroke
"forgetfulness, personality, changes, cognitive, decline, nausea, slurred, speech, weakness, paralysis, dizziness, loss, balance, headache, sudden, numbness, confusion, severe, vision",Stroke
"tremor, slow, movement, muscle, stiffness, shaking, hands, slurred, speech, weakness, paralysis, dizziness, loss, balance, difficulty, walking, problems, rigid, muscles, resting, reduced, nausea",Parkinson's
"sudden, collapse, twitching, loss, awareness, resting, tremor, slow, speech, reduced, movement, headache, seizure, consciousness, muscle, jerks, confusion, fatigue",Epilepsy
"pain, forgetfulness, personality, changes, cognitive, decline, intense, head, vomiting, fatigue, blurred, vision, language, problems, poor, judgment, memory, impairment, nausea, loss, confusion, difficulty, thinking, disorientation",Dementia
"severe, headache, nausea, light, sensitivity, vomiting, dizziness, memory, loss, confusion, difficulty, thinking, disorientation, forgetfulness, personality, changes, cognitive, decline, pain",Dementia
"weakness, sudden, collapse, twitching, loss, awareness, pain, throbbing, headache, visual, aura, dizziness, sensitivity, sound",Migraine
"headache, intense, head, pain, vomiting, fatigue, blurred, vision, nausea, slurred, speech, weakness, paralysis, dizziness, loss, balance",Stroke
"convulsions, staring, spells, body, shaking, unconsciousness, resting, tremor, slow, speech, reduced, movement, headache, fatigue, seizure, loss, consciousness, muscle, jerks, confusion",Epilepsy
"language, problems, poor, judgment, memory, impairment, intense, head, pain, vomiting, fatigue, blurred, vision, dizziness, headache",Migraine
"headache, facial, drooping, arm, weakness, speech, difficulty, throbbing, visual, aura, dizziness, sensitivity, sound, nausea",Migraine
"nausea, seizure, loss, consciousness, muscle, jerks, confusion, sudden, numbness, severe, headache, vision, collapse, twitching, awareness, fatigue",Epilepsy
"convulsions, staring, spells, body, shaking, unconsciousness, nausea, dizziness, tremor, slow, movement, muscle, stiffness, hands",Epilepsy
"nausea, throbbing, headache, visual, aura, dizziness, sensitivity, sound, weakness",Migraine
"nausea, convulsions, staring, spells, body, shaking, unconsciousness, weakness",Epilepsy
"nausea, convulsions, staring, spells, body, shaking, unconsciousness, seizure, loss, consciousness, muscle, jerks, confusion, sudden, collapse, twitching, awareness, fatigue",Epilepsy
"pain, forgetfulness, personality, changes, cognitive, decline, memory, loss, confusion, difficulty, thinking, disorientation, headache, language, problems, poor, judgment, impairment, slurred, speech, weakness, paralysis, dizziness, balance",Dementia
"difficulty, walking, balance, problems, rigid, muscles, tremor, slow, movement, muscle, stiffness, shaking, hands, language, poor, judgment, memory, impairment, resting, speech, reduced, nausea, headache",Parkinson's
"throbbing, headache, visual, aura, dizziness, sensitivity, sound, severe, nausea, light, vomiting, fatigue, intense, head, pain, blurred, vision, convulsions, staring, spells, body, shaking, unconsciousness",Migraine
"fatigue, weakness, slurred, speech, paralysis, dizziness, loss, balance",Stroke
"convulsions, staring, spells, body, shaking, unconsciousness, seizure, loss, consciousness, muscle, jerks, confusion, dizziness, sudden, collapse, twitching, awareness, weakness, numbness, severe, headache, vision",Epilepsy
"dizziness, throbbing, headache, visual, aura, sensitivity, sound, intense, head, pain, vomiting, fatigue, blurred, vision, severe, nausea, light, weakness, slurred, speech, paralysis, loss, balance",Migraine
"pain, tremor, slow, movement, muscle, stiffness, shaking, hands, headache, forgetfulness, personality, changes, cognitive, decline, language, problems, poor, judgment, memory, impairment",Dementia
"dizziness, headache, convulsions, staring, spells, body, shaking, unconsciousness, sudden, collapse, twitching, loss, awareness",Epilepsy
"pain, throbbing, headache, visual, aura, dizziness, sensitivity, sound, weakness, memory, loss, confusion, difficulty, thinking, disorientation",Migraine
"headache, slurred, speech, weakness, paralysis, dizziness, loss, balance, sudden, numbness, confusion, severe, vision, collapse, twitching, awareness, facial, drooping, arm, difficulty",Stroke
"memory, loss, confusion, difficulty, thinking, disorientation, language, problems, poor, judgment, impairment, sudden, numbness, severe, headache, vision, pain, nausea",Dementia
"tremor, slow, movement, muscle, stiffness, shaking, hands, forgetfulness, personality, changes, cognitive, decline, headache, resting, speech, reduced, pain",Parkinson's
"facial, drooping, arm, weakness, speech, difficulty, pain, headache, forgetfulness, personality, changes, cognitive, decline, slurred, paralysis, dizziness, loss, balance, sudden, numbness, confusion, severe, vision",Stroke
"pain, weakness, forgetfulness, personality, changes, cognitive, decline, language, problems, poor, judgment, memory, impairment, seizure, loss, consciousness, muscle, jerks, confusion, difficulty, thinking, disorientation",Dementia
"sudden, numbness, confusion, severe, headache, vision, loss, intense, head, pain, vomiting, fatigue, blurred, slurred, speech, weakness, paralysis, dizziness, balance, nausea, facial, drooping, arm, difficulty",Stroke
"resting, tremor, slow, speech, reduced, movement, difficulty, walking, balance, problems, rigid, muscles, fatigue, headache",Parkinson's
"forgetfulness, personality, changes, cognitive, decline, nausea, dizziness",Dementia
"weakness, seizure, loss, consciousness, muscle, jerks, confusion, facial, drooping, arm, speech, difficulty, nausea, slurred, paralysis, dizziness, balance",Stroke
"forgetfulness, personality, changes, cognitive, decline, dizziness, fatigue, severe, headache, nausea, light, sensitivity, vomiting, intense, head, pain, blurred, vision",Migraine
"memory, loss, confusion, difficulty, thinking, disorientation, pain, dizziness, forgetfulness, personality, changes, cognitive, decline, language, problems, poor, judgment, impairment",Dementia
"weakness, facial, drooping, arm, speech, difficulty, nausea, sudden, numbness, confusion, severe, headache, vision, loss",Stroke
"tremor, slow, movement, muscle, stiffness, shaking, hands, difficulty, walking, balance, problems, rigid, muscles, dizziness, nausea, resting, speech, reduced",Parkinson's
"nausea, pain, tremor, slow, movement, muscle, stiffness, shaking, hands, facial, drooping, arm, weakness, speech, difficulty",Parkinson's
"tremor, slow, movement, muscle, stiffness, shaking, hands, resting, speech, reduced, fatigue, memory, loss, confusion, difficulty, thinking, disorientation, pain",Parkinson's
"sudden, numbness, confusion, severe, headache, vision, loss, slurred, speech, weakness, paralysis, dizziness, balance, language, problems, poor, judgment, memory, impairment, nausea, facial, drooping, arm, difficulty",Stroke
"dizziness, facial, drooping, arm, weakness, speech, difficulty, convulsions, staring, spells, body, shaking, unconsciousness, slurred, paralysis, loss, balance, nausea",Stroke
"pain, headache, language, problems, poor, judgment, memory, impairment, seizure, loss, consciousness, muscle, jerks, confusion",Dementia
"nausea, sudden, collapse, twitching, loss, awareness, pain, difficulty, walking, balance, problems, rigid, muscles",Epilepsy
"seizure, loss, consciousness, muscle, jerks, confusion, tremor, slow, movement, stiffness, shaking, hands, convulsions, staring, spells, body, unconsciousness, headache, weakness",Epilepsy
"difficulty, walking, balance, problems, rigid, muscles, fatigue, resting, tremor, slow, speech, reduced, movement, nausea, muscle, stiffness, shaking, hands",Parkinson's
"resting, tremor, slow, speech, reduced, movement, muscle, stiffness, shaking, hands, headache, weakness, difficulty, walking, balance, problems, rigid, muscles",Parkinson's
"memory, loss, confusion, difficulty, thinking, disorientation, throbbing, headache, visual, aura, dizziness, sensitivity, sound, pain, nausea, severe, light, vomiting, intense, head, fatigue, blurred, vision",Migraine
"resting, tremor, slow, speech, reduced, movement, weakness, language, problems, poor, judgment, memory, impairment, nausea, loss, confusion, difficulty, thinking, disorientation",Dementia
"headache, memory, loss, confusion, difficulty, thinking, disorientation, language, problems, poor, judgment, impairment, pain",Dementia
"tremor, slow, movement, muscle, stiffness, shaking, hands, resting, speech, reduced, fatigue, weakness, slurred, paralysis, dizziness, loss, balance",Parkinson's
"weakness, language, problems, poor, judgment, memory, impairment, sudden, collapse, twitching, loss, awareness, dizziness, forgetfulness, personality, changes, cognitive, decline",Dementia
"fatigue, forgetfulness, personality, changes, cognitive, decline, language, problems, poor, judgment, memory, impairment, convulsions, staring, spells, body, shaking, unconsciousness, dizziness, loss, confusion, difficulty, thinking, disorientation",Dementia
"dizziness, resting, tremor, slow, speech, reduced, movement, severe, headache, nausea, light, sensitivity, vomiting, throbbing, visual, aura, sound, fatigue, intense, head, pain, blurred, vision",Migraine
"dizziness, pain, sudden, collapse, twitching, loss, awareness",Epilepsy
"pain, resting, tremor, slow, speech, reduced, movement, headache, difficulty, walking, balance, problems, rigid, muscles",Parkinson's
"weakness, headache, difficulty, walking, balance, problems, rigid, muscles, severe, nausea, light, sensitivity, vomiting, tremor, slow, movement, muscle, stiffness, shaking, hands",Parkinson's
"language, problems, poor, judgment, memory, impairment, headache, sudden, collapse, twitching, loss, awareness, convulsions, staring, spells, body, shaking, unconsciousness, dizziness",Epilepsy
"severe, headache, nausea, light, sensitivity, vomiting, throbbing, visual, aura, dizziness, sound, facial, drooping, arm, weakness, speech, difficulty, fatigue",Migraine
"sudden, collapse, twitching, loss, awareness, forgetfulness, personality, changes, cognitive, decline, pain, fatigue",Dementia
"tremor, slow, movement, muscle, stiffness, shaking, hands, language, problems, poor, judgment, memory, impairment, loss, confusion, difficulty, thinking, disorientation, forgetfulness, personality, changes, cognitive, decline, headache, dizziness",Dementia
"weakness, sudden, numbness, confusion, severe, headache, vision, loss",Stroke
"dizziness, slurred, speech, weakness, paralysis, loss, balance, fatigue, tremor, slow, movement, muscle, stiffness, shaking, hands, difficulty, walking, problems, rigid, muscles, resting, reduced",Parkinson's
"headache, seizure, loss, consciousness, muscle, jerks, confusion, memory, difficulty, thinking, disorientation, nausea, forgetfulness, personality, changes, cognitive, decline",Dementia
"seizure, loss, consciousness, muscle, jerks, confusion, headache, convulsions, staring, spells, body, shaking, unconsciousness, throbbing, visual, aura, dizziness, sensitivity, sound, nausea",Epilepsy
"sudden, collapse, twitching, loss, awareness, resting, tremor, slow, speech, reduced, movement, fatigue, muscle, stiffness, shaking, hands, nausea, difficulty, walking, balance, problems, rigid, muscles",Parkinson's
"headache, slurred, speech, weakness, paralysis, dizziness, loss, balance, intense, head, pain, vomiting, fatigue, blurred, vision, severe, nausea, light, sensitivity, throbbing, visual, aura, sound",Migraine
"pain, intense, head, vomiting, fatigue, blurred, vision, throbbing, headache, visual, aura, dizziness, sensitivity, sound, severe, nausea, light",Migraine
"memory, loss, confusion, difficulty, thinking, disorientation, language, problems, poor, judgment, impairment, nausea, pain",Dementia
"weakness, sudden, numbness, confusion, severe, headache, vision, loss",Stroke
"facial, drooping, arm, weakness, speech, difficulty, intense, head, pain, vomiting, fatigue, blurred, vision, throbbing, headache, visual, aura, dizziness, sensitivity, sound",Migraine
"seizure, loss, consciousness, muscle, jerks, confusion, dizziness, weakness, sudden, collapse, twitching, awareness, throbbing, headache, visual, aura, sensitivity, sound",Epilepsy
"intense, head, pain, vomiting, fatigue, blurred, vision, difficulty, walking, balance, problems, rigid, muscles, nausea, resting, tremor, slow, speech, reduced, movement",Parkinson's
"headache, slurred, speech, weakness, paralysis, dizziness, loss, balance, nausea, sudden, numbness, confusion, severe, vision, resting, tremor, slow, reduced, movement",Stroke
"weakness, facial, drooping, arm, speech, difficulty, pain, walking, balance, problems, rigid, muscles",Stroke
"slurred, speech, weakness, paralysis, dizziness, loss, balance, fatigue, sudden, collapse, twitching, awareness",Epilepsy
"pain, fatigue, tremor, slow, movement, muscle, stiffness, shaking, hands, memory, loss, confusion, difficulty, thinking, disorientation",Dementia
"language, problems, poor, judgment, memory, impairment, tremor, slow, movement, muscle, stiffness, shaking, hands, dizziness, weakness, loss, confusion, difficulty, thinking, disorientation, forgetfulness, personality, changes, cognitive, decline",Dementia
"fatigue, sudden, numbness, confusion, severe, headache, vision, loss, facial, drooping, arm, weakness, speech, difficulty, slurred, paralysis, dizziness, balance, nausea",Stroke
"slurred, speech, weakness, paralysis, dizziness, loss, balance, nausea",Stroke
"sudden, collapse, twitching, loss, awareness, dizziness, fatigue, difficulty, walking, balance, problems, rigid, muscles",Parkinson's
"tremor, slow, movement, muscle, stiffness, shaking, hands, severe, headache, nausea, light, sensitivity, vomiting, pain",Migraine
"seizure, loss, consciousness, muscle, jerks, confusion, convulsions, staring, spells, body, shaking, unconsciousness, dizziness, facial, drooping, arm, weakness, speech, difficulty, sudden, collapse, twitching, awareness",Epilepsy
"difficulty, walking, balance, problems, rigid, muscles, seizure, loss, consciousness, muscle, jerks, confusion, fatigue, nausea, resting, tremor, slow, speech, reduced, movement",Parkinson's
"slurred, speech, weakness, paralysis, dizziness, loss, balance, forgetfulness, personality, changes, cognitive, decline, pain, facial, drooping, arm, difficulty, nausea, sudden, numbness, confusion, severe, headache, vision",Stroke
"language, problems, poor, judgment, memory, impairment, sudden, collapse, twitching, loss, awareness, forgetfulness, personality, changes, cognitive, decline, confusion, difficulty, thinking, disorientation, pain, fatigue",Dementia
"pain, sudden, collapse, twitching, loss, awareness, severe, headache, nausea, light, sensitivity, vomiting, dizziness, convulsions, staring, spells, body, shaking, unconsciousness",Epilepsy
"slurred, speech, weakness, paralysis, dizziness, loss, balance, fatigue, sudden, numbness, confusion, severe, headache, vision, facial, drooping, arm, difficulty",Stroke
"headache, tremor, slow, movement, muscle, stiffness, shaking, hands, resting, speech, reduced, difficulty, walking, balance, problems, rigid, muscles, convulsions, staring, spells, body, unconsciousness, pain",Parkinson's
"tremor, slow, movement, muscle, stiffness, shaking, hands, pain, nausea, memory, loss, confusion, difficulty, thinking, disorientation, forgetfulness, personality, changes, cognitive, decline",Dementia
"dizziness, nausea, severe, headache, light, sensitivity, vomiting, convulsions, staring, spells, body, shaking, unconsciousness",Epilepsy
"pain, sudden, collapse, twitching, loss, awareness, weakness, tremor, slow, movement, muscle, stiffness, shaking, hands, resting, speech, reduced",Parkinson's
"intense, head, pain, vomiting, fatigue, blurred, vision, dizziness, tremor, slow, movement, muscle, stiffness, shaking, hands, resting, speech, reduced, headache",Parkinson's
"dizziness, forgetfulness, personality, changes, cognitive, decline, language, problems, poor, judgment, memory, impairment, loss, confusion, difficulty, thinking, disorientation, fatigue",Dementia
"dizziness, memory, loss, confusion, difficulty, thinking, disorientation, slurred, speech, weakness, paralysis, balance, headache",Dementia
"headache, seizure, loss, consciousness, muscle, jerks, confusion, convulsions, staring, spells, body, shaking, unconsciousness, slurred, speech, weakness, paralysis, dizziness, balance, fatigue",Epilepsy
"weakness, facial, drooping, arm, speech, difficulty, pain, seizure, loss, consciousness, muscle, jerks, confusion",Epilepsy
"memory, loss, confusion, difficulty, thinking, disorientation, forgetfulness, personality, changes, cognitive, decline, language, problems, poor, judgment, impairment, tremor, slow, movement, muscle, stiffness, shaking, hands, dizziness, weakness",Dementia
"memory, loss, confusion, difficulty, thinking, disorientation, language, problems, poor, judgment, impairment, nausea, dizziness, forgetfulness, personality, changes, cognitive, decline",Dementia
"forgetfulness, personality, changes, cognitive, decline, intense, head, pain, vomiting, fatigue, blurred, vision, severe, headache, nausea, light, sensitivity, dizziness",Migraine
"nausea, difficulty, walking, balance, problems, rigid, muscles, resting, tremor, slow, speech, reduced, movement, sudden, numbness, confusion, severe, headache, vision, loss, muscle, stiffness, shaking, hands, pain",Parkinson's
"seizure, loss, consciousness, muscle, jerks, confusion, fatigue, sudden, collapse, twitching, awareness, pain, convulsions, staring, spells, body, shaking, unconsciousness",Epilepsy
"language, problems, poor, judgment, memory, impairment, difficulty, walking, balance, rigid, muscles, tremor, slow, movement, muscle, stiffness, shaking, hands, headache, nausea, resting, speech, reduced",Parkinson's
"difficulty, walking, balance, problems, rigid, muscles, memory, loss, confusion, thinking, disorientation, headache, forgetfulness, personality, changes, cognitive, decline, fatigue, language, poor, judgment, impairment",Dementia
"weakness, throbbing, headache, visual, aura, dizziness, sensitivity, sound, pain, convulsions, staring, spells, body, shaking, unconsciousness",Migraine
"tremor, slow, movement, muscle, stiffness, shaking, hands, sudden, numbness, confusion, severe, headache, vision, loss, nausea, pain",Parkinson's
"tremor, slow, movement, muscle, stiffness, shaking, hands, severe, headache, nausea, light, sensitivity, vomiting, resting, speech, reduced",Parkinson's
"dizziness, tremor, slow, movement, muscle, stiffness, shaking, hands, fatigue, slurred, speech, weakness, paralysis, loss, balance",Parkinson's
"fatigue, language, problems, poor, judgment, memory, impairment, forgetfulness, personality, changes, cognitive, decline, weakness, loss, confusion, difficulty, thinking, disorientation",Dementia
"memory, loss, confusion, difficulty, thinking, disorientation, sudden, numbness, severe, headache, vision, weakness, pain, language, problems, poor, judgment, impairment",Dementia
"difficulty, walking, balance, problems, rigid, muscles, nausea, intense, head, pain, vomiting, fatigue, blurred, vision, weakness, resting, tremor, slow, speech, reduced, movement",Parkinson's
"fatigue, nausea, memory, loss, confusion, difficulty, thinking, disorientation, seizure, consciousness, muscle, jerks",Epilepsy
"difficulty, walking, balance, problems, rigid, muscles, nausea, sudden, numbness, confusion, severe, headache, vision, loss, weakness",Parkinson's
"language, problems, poor, judgment, memory, impairment, pain, convulsions, staring, spells, body, shaking, unconsciousness, seizure, loss, consciousness, muscle, jerks, confusion, nausea",Epilepsy
"convulsions, staring, spells, body, shaking, unconsciousness, weakness, forgetfulness, personality, changes, cognitive, decline, headache",Epilepsy
"pain, nausea, forgetfulness, personality, changes, cognitive, decline, facial, drooping, arm, weakness, speech, difficulty",Stroke
"convulsions, staring, spells, body, shaking, unconsciousness, weakness, seizure, loss, consciousness, muscle, jerks, confusion, severe, headache, nausea, light, sensitivity, vomiting, fatigue",Epilepsy
"pain, nausea, difficulty, walking, balance, problems, rigid, muscles",Parkinson's
"intense, head, pain, vomiting, fatigue, blurred, vision, forgetfulness, personality, changes, cognitive, decline, weakness, language, problems, poor, judgment, memory, impairment",Dementia
"convulsions, staring, spells, body, shaking, unconsciousness, headache, nausea, forgetfulness, personality, changes, cognitive, decline, memory, loss, confusion, difficulty, thinking, disorientation",Dementia
"intense, head, pain, vomiting, fatigue, blurred, vision, headache, seizure, loss, consciousness, muscle, jerks, confusion, severe, nausea, light, sensitivity",Migraine
"dizziness, throbbing, headache, visual, aura, sensitivity, sound, severe, nausea, light, vomiting, weakness, intense, head, pain, fatigue, blurred, vision",Migraine
"weakness, fatigue, throbbing, headache, visual, aura, dizziness, sensitivity, sound, severe, nausea, light, vomiting",Migraine
"headache, difficulty, walking, balance, problems, rigid, muscles, nausea, throbbing, visual, aura, dizziness, sensitivity, sound",Parkinson's
"sudden, collapse, twitching, loss, awareness, headache, weakness, resting, tremor, slow, speech, reduced, movement",Parkinson's
"difficulty, walking, balance, problems, rigid, muscles, resting, tremor, slow, speech, reduced, movement, headache, muscle, stiffness, shaking, hands, pain, sudden, numbness, confusion, severe, vision, loss",Parkinson's
"convulsions, staring, spells, body, shaking, unconsciousness, fatigue, dizziness, difficulty, walking, balance, problems, rigid, muscles",Parkinson's
"facial, drooping, arm, weakness, speech, difficulty, headache, fatigue, tremor, slow, movement, muscle, stiffness, shaking, hands, slurred, paralysis, dizziness, loss, balance",Stroke
"memory, loss, confusion, difficulty, thinking, disorientation, fatigue, language, problems, poor, judgment, impairment, forgetfulness, personality, changes, cognitive, decline, seizure, consciousness, muscle, jerks, headache",Dementia
"slurred, speech, weakness, paralysis, dizziness, loss, balance, severe, headache, nausea, light, sensitivity, vomiting, intense, head, pain, fatigue, blurred, vision",Migraine
"seizure, loss, consciousness, muscle, jerks, confusion, sudden, collapse, twitching, awareness, nausea, convulsions, staring, spells, body, shaking, unconsciousness, facial, drooping, arm, weakness, speech, difficulty",Epilepsy
"tremor, slow, movement, muscle, stiffness, shaking, hands, nausea, difficulty, walking, balance, problems, rigid, muscles, headache, intense, head, pain, vomiting, fatigue, blurred, vision",Parkinson's
"tremor, slow, movement, muscle, stiffness, shaking, hands, severe, headache, nausea, light, sensitivity, vomiting, dizziness, throbbing, visual, aura, sound, intense, head, pain, fatigue, blurred, vision",Migraine
"difficulty, walking, balance, problems, rigid, muscles, headache, severe, nausea, light, sensitivity, vomiting, weakness, throbbing, visual, aura, dizziness, sound",Migraine
"weakness, throbbing, headache, visual, aura, dizziness, sensitivity, sound, slurred, speech, paralysis, loss, balance, intense, head, pain, vomiting, fatigue, blurred, vision, severe, nausea, light",Migraine
"sudden, numbness, confusion, severe, headache, vision, loss, seizure, consciousness, muscle, jerks, nausea",Epilepsy
"intense, head, pain, vomiting, fatigue, blurred, vision, tremor, slow, movement, muscle, stiffness, shaking, hands, nausea, throbbing, headache, visual, aura, dizziness, sensitivity, sound, severe, light",Migraine
"language, problems, poor, judgment, memory, impairment, forgetfulness, personality, changes, cognitive, decline, loss, confusion, difficulty, thinking, disorientation, nausea, dizziness",Dementia
"fatigue, resting, tremor, slow, speech, reduced, movement, nausea, muscle, stiffness, shaking, hands, difficulty, walking, balance, problems, rigid, muscles, throbbing, headache, visual, aura, dizziness, sensitivity, sound",Parkinson's
"nausea, dizziness, difficulty, walking, balance, problems, rigid, muscles, memory, loss, confusion, thinking, disorientation",Parkinson's
"memory, loss, confusion, difficulty, thinking, disorientation, language, problems, poor, judgment, impairment, sudden, numbness, severe, headache, vision, pain, forgetfulness, personality, changes, cognitive, decline",Dementia
"seizure, loss, consciousness, muscle, jerks, confusion, convulsions, staring, spells, body, shaking, unconsciousness, fatigue, sudden, numbness, severe, headache, vision, collapse, twitching, awareness",Epilepsy
"forgetfulness, personality, changes, cognitive, decline, convulsions, staring, spells, body, shaking, unconsciousness, weakness, sudden, collapse, twitching, loss, awareness, headache",Epilepsy
"throbbing, headache, visual, aura, dizziness, sensitivity, sound, language, problems, poor, judgment, memory, impairment, nausea",Dementia
"fatigue, headache, resting, tremor, slow, speech, reduced, movement, convulsions, staring, spells, body, shaking, unconsciousness, difficulty, walking, balance, problems, rigid, muscles",Parkinson's
"headache, dizziness, memory, loss, confusion, difficulty, thinking, disorientation, intense, head, pain, vomiting, fatigue, blurred, vision",Dementia
"sudden, numbness, confusion, severe, headache, vision, loss, forgetfulness, personality, changes, cognitive, decline, pain, dizziness, slurred, speech, weakness, paralysis, balance, facial, drooping, arm, difficulty",Stroke
"pain, headache, resting, tremor, slow, speech, reduced, movement, throbbing, visual, aura, dizziness, sensitivity, sound, muscle, stiffness, shaking, hands, difficulty, walking, balance, problems, rigid, muscles",Parkinson's
"severe, headache, nausea, light, sensitivity, vomiting, sudden, numbness, confusion, vision, loss, dizziness, weakness",Migraine
"dizziness, fatigue, resting, tremor, slow, speech, reduced, movement",Parkinson's
"headache, severe, nausea, light, sensitivity, vomiting, throbbing, visual, aura, dizziness, sound, difficulty, walking, balance, problems, rigid, muscles, intense, head, pain, fatigue, blurred, vision",Migraine
"seizure, loss, consciousness, muscle, jerks, confusion, language, problems, poor, judgment, memory, impairment, fatigue, dizziness, sudden, collapse, twitching, awareness",Epilepsy
"fatigue, pain, sudden, numbness, confusion, severe, headache, vision, loss, tremor, slow, movement, muscle, stiffness, shaking, hands, slurred, speech, weakness, paralysis, dizziness, balance",Stroke
"nausea, facial, drooping, arm, weakness, speech, difficulty, sudden, numbness, confusion, severe, headache, vision, loss, slurred, paralysis, dizziness, balance, throbbing, visual, aura, sensitivity, sound",Stroke
"slurred, speech, weakness, paralysis, dizziness, loss, balance, fatigue, headache, resting, tremor, slow, reduced, movement",Parkinson's
"sudden, collapse, twitching, loss, awareness, pain, nausea, convulsions, staring, spells, body, shaking, unconsciousness, seizure, consciousness, muscle, jerks, confusion",Epilepsy
"seizure, loss, consciousness, muscle, jerks, confusion, fatigue, throbbing, headache, visual, aura, dizziness, sensitivity, sound, convulsions, staring, spells, body, shaking, unconsciousness, sudden, collapse, twitching, awareness",Epilepsy
"severe, headache, nausea, light, sensitivity, vomiting, tremor, slow, movement, muscle, stiffness, shaking, hands, pain, dizziness, intense, head, fatigue, blurred, vision",Migraine
"dizziness, intense, head, pain, vomiting, fatigue, blurred, vision, headache, seizure, loss, consciousness, muscle, jerks, confusion",Migraine
"intense, head, pain, vomiting, fatigue, blurred, vision, weakness, dizziness, sudden, collapse, twitching, loss, awareness",Migraine
"weakness, tremor, slow, movement, muscle, stiffness, shaking, hands, throbbing, headache, visual, aura, dizziness, sensitivity, sound, resting, speech, reduced, difficulty, walking, balance, problems, rigid, muscles",Parkinson's
"seizure, loss, consciousness, muscle, jerks, confusion, nausea, dizziness, severe, headache, light, sensitivity, vomiting",Epilepsy
"slurred, speech, weakness, paralysis, dizziness, loss, balance, fatigue, sudden, numbness, confusion, severe, headache, vision, pain",Stroke
"forgetfulness, personality, changes, cognitive, decline, weakness, pain, memory, loss, confusion, difficulty, thinking, disorientation, language, problems, poor, judgment, impairment",Dementia
"severe, headache, nausea, light, sensitivity, vomiting, memory, loss, confusion, difficulty, thinking, disorientation, forgetfulness, personality, changes, cognitive, decline",Dementia
"difficulty, walking, balance, problems, rigid, muscles, convulsions, staring, spells, body, shaking, unconsciousness, dizziness, fatigue",Parkinson's
"sudden, collapse, twitching, loss, awareness, difficulty, walking, balance, problems, rigid, muscles, fatigue, headache",Epilepsy
"headache, difficulty, walking, balance, problems, rigid, muscles, dizziness, slurred, speech, weakness, paralysis, loss, tremor, slow, movement, muscle, stiffness, shaking, hands",Parkinson's
"language, problems, poor, judgment, memory, impairment, pain, dizziness, loss, confusion, difficulty, thinking, disorientation, forgetfulness, personality, changes, cognitive, decline, resting, tremor, slow, speech, reduced, movement",Dementia
"fatigue, severe, headache, nausea, light, sensitivity, vomiting, dizziness, seizure, loss, consciousness, muscle, jerks, confusion",Epilepsy
"dizziness, headache, forgetfulness, personality, changes, cognitive, decline, slurred, speech, weakness, paralysis, loss, balance",Dementia
"headache, language, problems, poor, judgment, memory, impairment, pain",Dementia
"nausea, dizziness, difficulty, walking, balance, problems, rigid, muscles, severe, headache, light, sensitivity, vomiting, throbbing, visual, aura, sound",Migraine
"memory, loss, confusion, difficulty, thinking, disorientation, convulsions, staring, spells, body, shaking, unconsciousness, dizziness, fatigue, forgetfulness, personality, changes, cognitive, decline",Dementia
"forgetfulness, personality, changes, cognitive, decline, sudden, collapse, twitching, loss, awareness, convulsions, staring, spells, body, shaking, unconsciousness, pain, seizure, consciousness, muscle, jerks, confusion, weakness",Epilepsy
"slurred, speech, weakness, paralysis, dizziness, loss, balance, fatigue",Stroke
"nausea, fatigue, resting, tremor, slow, speech, reduced, movement, throbbing, headache, visual, aura, dizziness, sensitivity, sound, muscle, stiffness, shaking, hands",Parkinson's
"dizziness, difficulty, walking, balance, problems, rigid, muscles, tremor, slow, movement, muscle, stiffness, shaking, hands, language, poor, judgment, memory, impairment, pain, resting, speech, reduced",Parkinson's
"resting, tremor, slow, speech, reduced, movement, difficulty, walking, balance, problems, rigid, muscles, dizziness, convulsions, staring, spells, body, shaking, unconsciousness, muscle, stiffness, hands, fatigue",Parkinson's
"dizziness, pain, convulsions, staring, spells, body, shaking, unconsciousness, sudden, collapse, twitching, loss, awareness",Epilepsy
"severe, headache, nausea, light, sensitivity, vomiting, throbbing, visual, aura, dizziness, sound, seizure, loss, consciousness, muscle, jerks, confusion, weakness",Migraine
"dizziness, language, problems, poor, judgment, memory, impairment, slurred, speech, weakness, paralysis, loss, balance, sudden, numbness, confusion, severe, headache, vision, nausea, facial, drooping, arm, difficulty",Stroke
"dizziness, memory, loss, confusion, difficulty, thinking, disorientation, language, problems, poor, judgment, impairment, forgetfulness, personality, changes, cognitive, decline, fatigue",Dementia
"resting, tremor, slow, speech, reduced, movement, difficulty, walking, balance, problems, rigid, muscles, dizziness, muscle, stiffness, shaking, hands, facial, drooping, arm, weakness, headache",Parkinson's
"dizziness, intense, head, pain, vomiting, fatigue, blurred, vision, sudden, collapse, twitching, loss, awareness, severe, headache, nausea, light, sensitivity, throbbing, visual, aura, sound",Migraine
"memory, loss, confusion, difficulty, thinking, disorientation, fatigue, headache, throbbing, visual, aura, dizziness, sensitivity, sound",Dementia
"forgetfulness, personality, changes, cognitive, decline, language, problems, poor, judgment, memory, impairment, resting, tremor, slow, speech, reduced, movement, weakness, headache",Dementia
"headache, facial, drooping, arm, weakness, speech, difficulty, dizziness, throbbing, visual, aura, sensitivity, sound",Stroke
"slurred, speech, weakness, paralysis, dizziness, loss, balance, memory, confusion, difficulty, thinking, disorientation, pain, nausea",Dementia
"nausea, resting, tremor, slow, speech, reduced, movement, forgetfulness, personality, changes, cognitive, decline, memory, loss, confusion, difficulty, thinking, disorientation, headache, language, problems, poor, judgment, impairment",Dementia
"dizziness, headache, seizure, loss, consciousness, muscle, jerks, confusion, tremor, slow, movement, stiffness, shaking, hands",Parkinson's
"sudden, numbness, confusion, severe, headache, vision, loss, dizziness, slurred, speech, weakness, paralysis, balance, facial, drooping, arm, difficulty, fatigue",Stroke
"weakness, sudden, collapse, twitching, loss, awareness, dizziness, convulsions, staring, spells, body, shaking, unconsciousness, seizure, consciousness, muscle, jerks, confusion",Epilepsy
"tremor, slow, movement, muscle, stiffness, shaking, hands, weakness, resting, speech, reduced, fatigue, difficulty, walking, balance, problems, rigid, muscles",Parkinson's
"severe, headache, nausea, light, sensitivity, vomiting, seizure, loss, consciousness, muscle, jerks, confusion, pain, intense, head, fatigue, blurred, vision, weakness",Migraine
"dizziness, fatigue, resting, tremor, slow, speech, reduced, movement, sudden, numbness, confusion, severe, headache, vision, loss",Stroke
"difficulty, walking, balance, problems, rigid, muscles, fatigue, resting, tremor, slow, speech, reduced, movement, weakness, facial, drooping, arm, muscle, stiffness, shaking, hands",Parkinson's
"pain, difficulty, walking, balance, problems, rigid, muscles, resting, tremor, slow, speech, reduced, movement, weakness, slurred, paralysis, dizziness, loss, muscle, stiffness, shaking, hands",Parkinson's
"slurred, speech, weakness, paralysis, dizziness, loss, balance, sudden, collapse, twitching, awareness, facial, drooping, arm, difficulty",Stroke
"slurred, speech, weakness, paralysis, dizziness, loss, balance, sudden, numbness, confusion, severe, headache, vision, pain, fatigue, throbbing, visual, aura, sensitivity, sound",Stroke
"pain, tremor, slow, movement, muscle, stiffness, shaking, hands, headache, resting, speech, reduced, sudden, numbness, confusion, severe, vision, loss",Parkinson's
"difficulty, walking, balance, problems, rigid, muscles, resting, tremor, slow, speech, reduced, movement, weakness, muscle, stiffness, shaking, hands, headache, sudden, numbness, confusion, severe, vision, loss",Parkinson's
"fatigue, forgetfulness, personality, changes, cognitive, decline, headache, facial, drooping, arm, weakness, speech, difficulty, memory, loss, confusion, thinking, disorientation",Dementia
"throbbing, headache, visual, aura, dizziness, sensitivity, sound, pain, fatigue, severe, nausea, light, vomiting, resting, tremor, slow, speech, reduced, movement, intense, head, blurred, vision",Migraine
"seizure, loss, consciousness, muscle, jerks, confusion, dizziness, sudden, collapse, twitching, awareness, fatigue",Epilepsy
"facial, drooping, arm, weakness, speech, difficulty, slurred, paralysis, dizziness, loss, balance, sudden, numbness, confusion, severe, headache, vision, pain, language, problems, poor, judgment, memory, impairment",Stroke
"severe, headache, nausea, light, sensitivity, vomiting, resting, tremor, slow, speech, reduced, movement, dizziness",Migraine
"pain, throbbing, headache, visual, aura, dizziness, sensitivity, sound, weakness, severe, nausea, light, vomiting, difficulty, walking, balance, problems, rigid, muscles, intense, head, fatigue, blurred, vision",Migraine
"tremor, slow, movement, muscle, stiffness, shaking, hands, pain, throbbing, headache, visual, aura, dizziness, sensitivity, sound, severe, nausea, light, vomiting, intense, head, fatigue, blurred, vision",Migraine
"dizziness, slurred, speech, weakness, paralysis, loss, balance, sudden, numbness, confusion, severe, headache, vision, fatigue, tremor, slow, movement, muscle, stiffness, shaking, hands, facial, drooping, arm, difficulty",Stroke
"facial, drooping, arm, weakness, speech, difficulty, pain, memory, loss, confusion, thinking, disorientation",Stroke
"memory, loss, confusion, difficulty, thinking, disorientation, headache, forgetfulness, personality, changes, cognitive, decline, dizziness, resting, tremor, slow, speech, reduced, movement",Dementia
"dizziness, convulsions, staring, spells, body, shaking, unconsciousness, sudden, collapse, twitching, loss, awareness, seizure, consciousness, muscle, jerks, confusion, slurred, speech, weakness, paralysis, balance, fatigue",Epilepsy
"slurred, speech, weakness, paralysis, dizziness, loss, balance, throbbing, headache, visual, aura, sensitivity, sound, nausea",Migraine
"convulsions, staring, spells, body, shaking, unconsciousness, weakness, pain, difficulty, walking, balance, problems, rigid, muscles, sudden, collapse, twitching, loss, awareness",Epilepsy
"resting, tremor, slow, speech, reduced, movement, weakness, muscle, stiffness, shaking, hands, pain, sudden, collapse, twitching, loss, awareness, difficulty, walking, balance, problems, rigid, muscles",Parkinson's
"difficulty, walking, balance, problems, rigid, muscles, resting, tremor, slow, speech, reduced, movement, pain, weakness",Parkinson's
"headache, severe, nausea, light, sensitivity, vomiting, fatigue, forgetfulness, personality, changes, cognitive, decline, memory, loss, confusion, difficulty, thinking, disorientation, language, problems, poor, judgment, impairment",Dementia
"sudden, numbness, confusion, severe, headache, vision, loss, fatigue, facial, drooping, arm, weakness, speech, difficulty, dizziness, slurred, paralysis, balance",Stroke
"sudden, numbness, confusion, severe, headache, vision, loss, nausea, throbbing, visual, aura, dizziness, sensitivity, sound, intense, head, pain, vomiting, fatigue, blurred, light",Migraine
"difficulty, walking, balance, problems, rigid, muscles, resting, tremor, slow, speech, reduced, movement, intense, head, pain, vomiting, fatigue, blurred, vision, nausea, dizziness",Parkinson's
"memory, loss, confusion, difficulty, thinking, disorientation, nausea, language, problems, poor, judgment, impairment, resting, tremor, slow, speech, reduced, movement, fatigue",Dementia
"fatigue, seizure, loss, consciousness, muscle, jerks, confusion, intense, head, pain, vomiting, blurred, vision, weakness",Migraine
"weakness, seizure, loss, consciousness, muscle, jerks, confusion, pain",Epilepsy
"dizziness, intense, head, pain, vomiting, fatigue, blurred, vision, weakness, severe, headache, nausea, light, sensitivity, resting, tremor, slow, speech, reduced, movement, throbbing, visual, aura, sound",Migraine
"weakness, language, problems, poor, judgment, memory, impairment, intense, head, pain, vomiting, fatigue, blurred, vision",Migraine
"sudden, collapse, twitching, loss, awareness, headache, seizure, consciousness, muscle, jerks, confusion, pain, resting, tremor, slow, speech, reduced, movement",Epilepsy
"forgetfulness, personality, changes, cognitive, decline, fatigue, convulsions, staring, spells, body, shaking, unconsciousness, nausea",Dementia
"sudden, numbness, confusion, severe, headache, vision, loss, pain, language, problems, poor, judgment, memory, impairment, nausea",Stroke
"weakness, severe, headache, nausea, light, sensitivity, vomiting, sudden, numbness, confusion, vision, loss, slurred, speech, paralysis, dizziness, balance, facial, drooping, arm, difficulty, pain",Stroke
"language, problems, poor, judgment, memory, impairment, headache, nausea, loss, confusion, difficulty, thinking, disorientation, seizure, consciousness, muscle, jerks, forgetfulness, personality, changes, cognitive, decline",Dementia
"fatigue, throbbing, headache, visual, aura, dizziness, sensitivity, sound, slurred, speech, weakness, paralysis, loss, balance",Stroke
"intense, head, pain, vomiting, fatigue, blurred, vision, headache, forgetfulness, personality, changes, cognitive, decline, dizziness",Migraine
"seizure, loss, consciousness, muscle, jerks, confusion, forgetfulness, personality, changes, cognitive, decline, fatigue, headache",Dementia
"headache, sudden, numbness, confusion, severe, vision, loss, pain, intense, head, vomiting, fatigue, blurred, slurred, speech, weakness, paralysis, dizziness, balance",Stroke
"dizziness, throbbing, headache, visual, aura, sensitivity, sound, intense, head, pain, vomiting, fatigue, blurred, vision, nausea, severe, light, seizure, loss, consciousness, muscle, jerks, confusion",Migraine
"facial, drooping, arm, weakness, speech, difficulty, language, problems, poor, judgment, memory, impairment, fatigue, nausea",Stroke
"sudden, numbness, confusion, severe, headache, vision, loss, weakness, facial, drooping, arm, speech, difficulty, pain, slurred, paralysis, dizziness, balance",Stroke
"fatigue, nausea, seizure, loss, consciousness, muscle, jerks, confusion",Epilepsy
"intense, head, pain, vomiting, fatigue, blurred, vision, nausea, tremor, slow, movement, muscle, stiffness, shaking, hands",Parkinson's
"convulsions, staring, spells, body, shaking, unconsciousness, seizure, loss, consciousness, muscle, jerks, confusion, weakness, sudden, collapse, twitching, awareness, language, problems, poor, judgment, memory, impairment, fatigue",Epilepsy
"resting, tremor, slow, speech, reduced, movement, difficulty, walking, balance, problems, rigid, muscles, dizziness, nausea, facial, drooping, arm, weakness",Parkinson's
"nausea, pain, sudden, numbness, confusion, severe, headache, vision, loss, language, problems, poor, judgment, memory, impairment, facial, drooping, arm, weakness, speech, difficulty",Stroke
"dizziness, severe, headache, nausea, light, sensitivity, vomiting, intense, head, pain, fatigue, blurred, vision, weakness, throbbing, visual, aura, sound, sudden, collapse, twitching, loss, awareness",Migraine
"seizure, loss, consciousness, muscle, jerks, confusion, forgetfulness, personality, changes, cognitive, decline, pain, nausea",Epilepsy
"language, problems, poor, judgment, memory, impairment, dizziness, headache",Dementia
"seizure, loss, consciousness, muscle, jerks, confusion, facial, drooping, arm, weakness, speech, difficulty, sudden, numbness, severe, headache, vision, nausea, pain",Stroke
"language, problems, poor, judgment, memory, impairment, sudden, numbness, confusion, severe, headache, vision, loss, pain, weakness",Stroke
"tremor, slow, movement, muscle, stiffness, shaking, hands, headache, language, problems, poor, judgment, memory, impairment, resting, speech, reduced, difficulty, walking, balance, rigid, muscles, fatigue",Parkinson's
"intense, head, pain, vomiting, fatigue, blurred, vision, nausea, resting, tremor, slow, speech, reduced, movement, throbbing, headache, visual, aura, dizziness, sensitivity, sound, severe, light",Migraine
"nausea, memory, loss, confusion, difficulty, thinking, disorientation, language, problems, poor, judgment, impairment, headache",Dementia
"difficulty, walking, balance, problems, rigid, muscles, fatigue, tremor, slow, movement, muscle, stiffness, shaking, hands, pain, resting, speech, reduced",Parkinson's
"severe, headache, nausea, light, sensitivity, vomiting, weakness, dizziness, sudden, collapse, twitching, loss, awareness, seizure, consciousness, muscle, jerks, confusion",Epilepsy
"pain, fatigue, seizure, loss, consciousness, muscle, jerks, confusion",Epilepsy
"weakness, language, problems, poor, judgment, memory, impairment, sudden, collapse, twitching, loss, awareness, pain, confusion, difficulty, thinking, disorientation, forgetfulness, personality, changes, cognitive, decline",Dementia
"headache, throbbing, visual, aura, dizziness, sensitivity, sound, pain, sudden, numbness, confusion, severe, vision, loss",Stroke
"nausea, pain, severe, headache, light, sensitivity, vomiting",Migraine
"intense, head, pain, vomiting, fatigue, blurred, vision, forgetfulness, personality, changes, cognitive, decline, nausea, language, problems, poor, judgment, memory, impairment, loss, confusion, difficulty, thinking, disorientation",Dementia
"pain, intense, head, vomiting, fatigue, blurred, vision, headache, slurred, speech, weakness, paralysis, dizziness, loss, balance",Stroke
"convulsions, staring, spells, body, shaking, unconsciousness, intense, head, pain, vomiting, fatigue, blurred, vision, nausea, throbbing, headache, visual, aura, dizziness, sensitivity, sound, severe, light, weakness",Migraine
"memory, loss, confusion, difficulty, thinking, disorientation, dizziness, tremor, slow, movement, muscle, stiffness, shaking, hands, fatigue",Parkinson's
"memory, loss, confusion, difficulty, thinking, disorientation, headache, convulsions, staring, spells, body, shaking, unconsciousness, language, problems, poor, judgment, impairment, nausea",Dementia
"seizure, loss, consciousness, muscle, jerks, confusion, dizziness, convulsions, staring, spells, body, shaking, unconsciousness, pain, sudden, collapse, twitching, awareness, facial, drooping, arm, weakness, speech, difficulty",Epilepsy
"forgetfulness, personality, changes, cognitive, decline, dizziness, headache, slurred, speech, weakness, paralysis, loss, balance, memory, confusion, difficulty, thinking, disorientation",Dementia
"nausea, severe, headache, light, sensitivity, vomiting, intense, head, pain, fatigue, blurred, vision, seizure, loss, consciousness, muscle, jerks, confusion, throbbing, visual, aura, dizziness, sound",Migraine
"headache, difficulty, walking, balance, problems, rigid, muscles, dizziness, resting, tremor, slow, speech, reduced, movement, slurred, weakness, paralysis, loss",Parkinson's
"pain, facial, drooping, arm, weakness, speech, difficulty, seizure, loss, consciousness, muscle, jerks, confusion, slurred, paralysis, dizziness, balance, fatigue, sudden, numbness, severe, headache, vision",Stroke
"dizziness, severe, headache, nausea, light, sensitivity, vomiting, language, problems, poor, judgment, memory, impairment, pain",Migraine
"fatigue, slurred, speech, weakness, paralysis, dizziness, loss, balance, facial, drooping, arm, difficulty",Stroke
"pain, sudden, collapse, twitching, loss, awareness, memory, confusion, difficulty, thinking, disorientation, weakness",Epilepsy
"dizziness, intense, head, pain, vomiting, fatigue, blurred, vision, seizure, loss, consciousness, muscle, jerks, confusion, convulsions, staring, spells, body, shaking, unconsciousness, headache",Epilepsy
"fatigue, language, problems, poor, judgment, memory, impairment, tremor, slow, movement, muscle, stiffness, shaking, hands, dizziness, difficulty, walking, balance, rigid, muscles, resting, speech, reduced",Parkinson's
"weakness, headache, sudden, collapse, twitching, loss, awareness, language, problems, poor, judgment, memory, impairment",Dementia
"fatigue, slurred, speech, weakness, paralysis, dizziness, loss, balance, pain, sudden, numbness, confusion, severe, headache, vision",Stroke
"memory, loss, confusion, difficulty, thinking, disorientation, weakness, fatigue, tremor, slow, movement, muscle, stiffness, shaking, hands",Dementia
"fatigue, dizziness, severe, headache, nausea, light, sensitivity, vomiting, forgetfulness, personality, changes, cognitive, decline",Migraine
"intense, head, pain, vomiting, fatigue, blurred, vision, headache, nausea, seizure, loss, consciousness, muscle, jerks, confusion, sudden, collapse, twitching, awareness",Epilepsy
"forgetfulness, personality, changes, cognitive, decline, weakness, dizziness, tremor, slow, movement, muscle, stiffness, shaking, hands",Parkinson's
"headache, seizure, loss, consciousness, muscle, jerks, confusion, nausea",Epilepsy
"convulsions, staring, spells, body, shaking, unconsciousness, nausea, language, problems, poor, judgment, memory, impairment, headache, seizure, loss, consciousness, muscle, jerks, confusion, sudden, collapse, twitching, awareness",Epilepsy
"convulsions, staring, spells, body, shaking, unconsciousness, headache, sudden, collapse, twitching, loss, awareness, seizure, consciousness, muscle, jerks, confusion, fatigue",Epilepsy
"memory, loss, confusion, difficulty, thinking, disorientation, forgetfulness, personality, changes, cognitive, decline, intense, head, pain, vomiting, fatigue, blurred, vision, language, problems, poor, judgment, impairment, headache",Dementia
"sudden, numbness, confusion, severe, headache, vision, loss, nausea, resting, tremor, slow, speech, reduced, movement, muscle, stiffness, shaking, hands, dizziness",Parkinson's
"intense, head, pain, vomiting, fatigue, blurred, vision, dizziness, nausea, severe, headache, light, sensitivity, convulsions, staring, spells, body, shaking, unconsciousness, throbbing, visual, aura, sound",Migraine
"headache, seizure, loss, consciousness, muscle, jerks, confusion, fatigue, resting, tremor, slow, speech, reduced, movement",Epilepsy
"nausea, seizure, loss, consciousness, muscle, jerks, confusion, difficulty, walking, balance, problems, rigid, muscles, headache",Parkinson's
"sudden, collapse, twitching, loss, awareness, headache, throbbing, visual, aura, dizziness, sensitivity, sound, pain",Migraine
"dizziness, throbbing, headache, visual, aura, sensitivity, sound, sudden, numbness, confusion, severe, vision, loss",Migraine
"seizure, loss, consciousness, muscle, jerks, confusion, throbbing, headache, visual, aura, dizziness, sensitivity, sound, convulsions, staring, spells, body, shaking, unconsciousness, fatigue",Epilepsy
"severe, headache, nausea, light, sensitivity, vomiting, slurred, speech, weakness, paralysis, dizziness, loss, balance, throbbing, visual, aura, sound, fatigue",Migraine
"dizziness, headache, slurred, speech, weakness, paralysis, loss, balance, severe, nausea, light, sensitivity, vomiting",Migraine
"nausea, resting, tremor, slow, speech, reduced, movement, fatigue, severe, headache, light, sensitivity, vomiting",Migraine
"convulsions, staring, spells, body, shaking, unconsciousness, fatigue, pain, seizure, loss, consciousness, muscle, jerks, confusion, severe, headache, nausea, light, sensitivity, vomiting, sudden, collapse, twitching, awareness",Epilepsy
"seizure, loss, consciousness, muscle, jerks, confusion, severe, headache, nausea, light, sensitivity, vomiting, weakness, intense, head, pain, fatigue, blurred, vision",Migraine
"fatigue, sudden, collapse, twitching, loss, awareness, resting, tremor, slow, speech, reduced, movement, pain, difficulty, walking, balance, problems, rigid, muscles",Parkinson's
"throbbing, headache, visual, aura, dizziness, sensitivity, sound, nausea, slurred, speech, weakness, paralysis, loss, balance, facial, drooping, arm, difficulty, sudden, numbness, confusion, severe, vision",Stroke
"throbbing, headache, visual, aura, dizziness, sensitivity, sound, fatigue, nausea, intense, head, pain, vomiting, blurred, vision, slurred, speech, weakness, paralysis, loss, balance, severe, light",Migraine
"pain, headache, severe, nausea, light, sensitivity, vomiting, seizure, loss, consciousness, muscle, jerks, confusion",Migraine
"dizziness, throbbing, headache, visual, aura, sensitivity, sound",Migraine
"language, problems, poor, judgment, memory, impairment, intense, head, pain, vomiting, fatigue, blurred, vision, loss, confusion, difficulty, thinking, disorientation, nausea",Dementia
"slurred, speech, weakness, paralysis, dizziness, loss, balance, sudden, numbness, confusion, severe, headache, vision, nausea, resting, tremor, slow, reduced, movement",Stroke
"resting, tremor, slow, speech, reduced, movement, dizziness, sudden, collapse, twitching, loss, awareness, fatigue",Parkinson's
"tremor, slow, movement, muscle, stiffness, shaking, hands, nausea, fatigue, intense, head, pain, vomiting, blurred, vision, throbbing, headache, visual, aura, dizziness, sensitivity, sound, severe, light",Migraine
"difficulty, walking, balance, problems, rigid, muscles, dizziness, facial, drooping, arm, weakness, speech, tremor, slow, movement, muscle, stiffness, shaking, hands",Parkinson's
"sudden, collapse, twitching, loss, awareness, memory, confusion, difficulty, thinking, disorientation, seizure, consciousness, muscle, jerks, headache, fatigue, convulsions, staring, spells, body, shaking, unconsciousness",Epilepsy
"weakness, headache, tremor, slow, movement, muscle, stiffness, shaking, hands, difficulty, walking, balance, problems, rigid, muscles, sudden, collapse, twitching, loss, awareness",Parkinson's
"pain, fatigue, language, problems, poor, judgment, memory, impairment, difficulty, walking, balance, rigid, muscles, loss, confusion, thinking, disorientation, forgetfulness, personality, changes, cognitive, decline",Dementia
"headache, severe, nausea, light, sensitivity, vomiting, convulsions, staring, spells, body, shaking, unconsciousness, dizziness",Epilepsy
"sudden, collapse, twitching, loss, awareness, fatigue, nausea, language, problems, poor, judgment, memory, impairment",Epilepsy
"facial, drooping, arm, weakness, speech, difficulty, headache, pain, throbbing, visual, aura, dizziness, sensitivity, sound, severe, nausea, light, vomiting, intense, head, fatigue, blurred, vision",Migraine
"fatigue, sudden, collapse, twitching, loss, awareness, nausea, resting, tremor, slow, speech, reduced, movement",Parkinson's
"difficulty, walking, balance, problems, rigid, muscles, pain, sudden, collapse, twitching, loss, awareness, tremor, slow, movement, muscle, stiffness, shaking, hands, headache",Parkinson's
"seizure, loss, consciousness, muscle, jerks, confusion, sudden, collapse, twitching, awareness, numbness, severe, headache, vision, nausea, convulsions, staring, spells, body, shaking, unconsciousness, dizziness",Epilepsy
"pain, sudden, numbness, confusion, severe, headache, vision, loss, fatigue, facial, drooping, arm, weakness, speech, difficulty",Stroke
"weakness, tremor, slow, movement, muscle, stiffness, shaking, hands, headache, difficulty, walking, balance, problems, rigid, muscles, intense, head, pain, vomiting, fatigue, blurred, vision",Parkinson's
"sudden, collapse, twitching, loss, awareness, convulsions, staring, spells, body, shaking, unconsciousness, seizure, consciousness, muscle, jerks, confusion, dizziness, headache",Epilepsy
"memory, loss, confusion, difficulty, thinking, disorientation, forgetfulness, personality, changes, cognitive, decline, resting, tremor, slow, speech, reduced, movement, dizziness, language, problems, poor, judgment, impairment, fatigue",Dementia
"weakness, slurred, speech, paralysis, dizziness, loss, balance, resting, tremor, slow, reduced, movement, nausea",Stroke
"fatigue, difficulty, walking, balance, problems, rigid, muscles, weakness",Parkinson's
"fatigue, pain, seizure, loss, consciousness, muscle, jerks, confusion, language, problems, poor, judgment, memory, impairment",Dementia
"language, problems, poor, judgment, memory, impairment, weakness, headache",Dementia
"seizure, loss, consciousness, muscle, jerks, confusion, pain, nausea, resting, tremor, slow, speech, reduced, movement, convulsions, staring, spells, body, shaking, unconsciousness",Epilepsy
"convulsions, staring, spells, body, shaking, unconsciousness, sudden, collapse, twitching, loss, awareness, dizziness, seizure, consciousness, muscle, jerks, confusion, weakness, facial, drooping, arm, speech, difficulty",Epilepsy
"sudden, collapse, twitching, loss, awareness, slurred, speech, weakness, paralysis, dizziness, balance, headache, numbness, confusion, severe, vision",Stroke
"pain, difficulty, walking, balance, problems, rigid, muscles, intense, head, vomiting, fatigue, blurred, vision, tremor, slow, movement, muscle, stiffness, shaking, hands, nausea, resting, speech, reduced",Parkinson's
"memory, loss, confusion, difficulty, thinking, disorientation, fatigue, nausea",Dementia
"resting, tremor, slow, speech, reduced, movement, dizziness, memory, loss, confusion, difficulty, thinking, disorientation, pain",Parkinson's
"resting, tremor, slow, speech, reduced, movement, language, problems, poor, judgment, memory, impairment, weakness, muscle, stiffness, shaking, hands, difficulty, walking, balance, rigid, muscles, dizziness",Parkinson's
"seizure, loss, consciousness, muscle, jerks, confusion, weakness, sudden, collapse, twitching, awareness, facial, drooping, arm, speech, difficulty, nausea",Epilepsy
"throbbing, headache, visual, aura, dizziness, sensitivity, sound, convulsions, staring, spells, body, shaking, unconsciousness, nausea, fatigue, seizure, loss, consciousness, muscle, jerks, confusion",Epilepsy
"memory, loss, confusion, difficulty, thinking, disorientation, convulsions, staring, spells, body, shaking, unconsciousness, sudden, collapse, twitching, awareness, fatigue, weakness",Epilepsy
"pain, nausea, forgetfulness, personality, changes, cognitive, decline, language, problems, poor, judgment, memory, impairment, facial, drooping, arm, weakness, speech, difficulty",Dementia
"sudden, numbness, confusion, severe, headache, vision, loss, fatigue, tremor, slow, movement, muscle, stiffness, shaking, hands, resting, speech, reduced",Parkinson's
"nausea, facial, drooping, arm, weakness, speech, difficulty, slurred, paralysis, dizziness, loss, balance, throbbing, headache, visual, aura, sensitivity, sound, sudden, numbness, confusion, severe, vision",Stroke
"forgetfulness, personality, changes, cognitive, decline, throbbing, headache, visual, aura, dizziness, sensitivity, sound, pain",Migraine
"memory, loss, confusion, difficulty, thinking, disorientation, language, problems, poor, judgment, impairment, forgetfulness, personality, changes, cognitive, decline, sudden, collapse, twitching, awareness, headache, weakness",Dementia
"dizziness, convulsions, staring, spells, body, shaking, unconsciousness, fatigue, resting, tremor, slow, speech, reduced, movement",Parkinson's
"dizziness, convulsions, staring, spells, body, shaking, unconsciousness, headache, resting, tremor, slow, speech, reduced, movement, muscle, stiffness, hands",Parkinson's
"nausea, seizure, loss, consciousness, muscle, jerks, confusion, headache, facial, drooping, arm, weakness, speech, difficulty",Stroke
"difficulty, walking, balance, problems, rigid, muscles, pain, weakness, language, poor, judgment, memory, impairment, tremor, slow, movement, muscle, stiffness, shaking, hands",Parkinson's
"dizziness, nausea, sudden, numbness, confusion, severe, headache, vision, loss, slurred, speech, weakness, paralysis, balance, facial, drooping, arm, difficulty",Stroke
"weakness, forgetfulness, personality, changes, cognitive, decline, sudden, numbness, confusion, severe, headache, vision, loss, dizziness",Dementia
"tremor, slow, movement, muscle, stiffness, shaking, hands, headache, resting, speech, reduced, dizziness, difficulty, walking, balance, problems, rigid, muscles",Parkinson's
"nausea, tremor, slow, movement, muscle, stiffness, shaking, hands, memory, loss, confusion, difficulty, thinking, disorientation, dizziness",Dementia
"slurred, speech, weakness, paralysis, dizziness, loss, balance, fatigue, resting, tremor, slow, reduced, movement, headache",Stroke
"sudden, collapse, twitching, loss, awareness, dizziness, nausea, throbbing, headache, visual, aura, sensitivity, sound, intense, head, pain, vomiting, fatigue, blurred, vision",Migraine
"fatigue, sudden, collapse, twitching, loss, awareness, pain",Epilepsy
"nausea, headache, tremor, slow, movement, muscle, stiffness, shaking, hands, sudden, numbness, confusion, severe, vision, loss",Stroke
"nausea, dizziness, throbbing, headache, visual, aura, sensitivity, sound, severe, light, vomiting",Migraine
"resting, tremor, slow, speech, reduced, movement, forgetfulness, personality, changes, cognitive, decline, difficulty, walking, balance, problems, rigid, muscles, dizziness, headache, muscle, stiffness, shaking, hands",Parkinson's
"facial, drooping, arm, weakness, speech, difficulty, dizziness, resting, tremor, slow, reduced, movement, fatigue",Stroke
"severe, headache, nausea, light, sensitivity, vomiting, throbbing, visual, aura, dizziness, sound, pain, language, problems, poor, judgment, memory, impairment",Migraine
"slurred, speech, weakness, paralysis, dizziness, loss, balance, pain",Stroke
"sudden, numbness, confusion, severe, headache, vision, loss, facial, drooping, arm, weakness, speech, difficulty, pain, dizziness",Stroke
"dizziness, forgetfulness, personality, changes, cognitive, decline, resting, tremor, slow, speech, reduced, movement, fatigue",Dementia
"weakness, sudden, numbness, confusion, severe, headache, vision, loss, dizziness, nausea, light, sensitivity, vomiting",Migraine
"weakness, sudden, numbness, confusion, severe, headache, vision, loss, slurred, speech, paralysis, dizziness, balance, nausea, facial, drooping, arm, difficulty, tremor, slow, movement, muscle, stiffness, shaking, hands",Stroke
"resting, tremor, slow, speech, reduced, movement, sudden, collapse, twitching, loss, awareness, nausea, dizziness, muscle, stiffness, shaking, hands",Parkinson's
"nausea, throbbing, headache, visual, aura, dizziness, sensitivity, sound, intense, head, pain, vomiting, fatigue, blurred, vision, severe, light, memory, loss, confusion, difficulty, thinking, disorientation",Migraine
"convulsions, staring, spells, body, shaking, unconsciousness, resting, tremor, slow, speech, reduced, movement, dizziness, headache, muscle, stiffness, hands",Parkinson's
"tremor, slow, movement, muscle, stiffness, shaking, hands, throbbing, headache, visual, aura, dizziness, sensitivity, sound, intense, head, pain, vomiting, fatigue, blurred, vision, severe, nausea, light, weakness",Migraine
"forgetfulness, personality, changes, cognitive, decline, weakness, language, problems, poor, judgment, memory, impairment, dizziness, loss, confusion, difficulty, thinking, disorientation",Dementia
"pain, forgetfulness, personality, changes, cognitive, decline, weakness, slurred, speech, paralysis, dizziness, loss, balance, memory, confusion, difficulty, thinking, disorientation",Dementia
"forgetfulness, personality, changes, cognitive, decline, language, problems, poor, judgment, memory, impairment, loss, confusion, difficulty, thinking, disorientation, convulsions, staring, spells, body, shaking, unconsciousness, weakness, fatigue",Dementia
"headache, intense, head, pain, vomiting, fatigue, blurred, vision, throbbing, visual, aura, dizziness, sensitivity, sound, severe, nausea, light, weakness",Migraine
"throbbing, headache, visual, aura, dizziness, sensitivity, sound, intense, head, pain, vomiting, fatigue, blurred, vision, severe, nausea, light",Migraine
"weakness, forgetfulness, personality, changes, cognitive, decline, nausea, difficulty, walking, balance, problems, rigid, muscles",Parkinson's
"resting, tremor, slow, speech, reduced, movement, muscle, stiffness, shaking, hands, difficulty, walking, balance, problems, rigid, muscles, pain, seizure, loss, consciousness, jerks, confusion, fatigue",Parkinson's
"language, problems, poor, judgment, memory, impairment, weakness, forgetfulness, personality, changes, cognitive, decline, fatigue, intense, head, pain, vomiting, blurred, vision, loss, confusion, difficulty, thinking, disorientation",Dementia
"resting, tremor, slow, speech, reduced, movement, nausea, muscle, stiffness, shaking, hands, difficulty, walking, balance, problems, rigid, muscles, fatigue",Parkinson's
"headache, forgetfulness, personality, changes, cognitive, decline, pain",Dementia
"facial, drooping, arm, weakness, speech, difficulty, pain, headache, sudden, collapse, twitching, loss, awareness",Epilepsy
"memory, loss, confusion, difficulty, thinking, disorientation, forgetfulness, personality, changes, cognitive, decline, dizziness, fatigue, language, problems, poor, judgment, impairment",Dementia
"tremor, slow, movement, muscle, stiffness, shaking, hands, resting, speech, reduced, pain, weakness, intense, head, vomiting, fatigue, blurred, vision",Parkinson's
"throbbing, headache, visual, aura, dizziness, sensitivity, sound, severe, nausea, light, vomiting, pain, seizure, loss, consciousness, muscle, jerks, confusion",Migraine
"throbbing, headache, visual, aura, dizziness, sensitivity, sound, weakness, intense, head, pain, vomiting, fatigue, blurred, vision, convulsions, staring, spells, body, shaking, unconsciousness",Migraine
"tremor, slow, movement, muscle, stiffness, shaking, hands, nausea, difficulty, walking, balance, problems, rigid, muscles, convulsions, staring, spells, body, unconsciousness, fatigue",Parkinson's
"dizziness, fatigue, convulsions, staring, spells, body, shaking, unconsciousness, difficulty, walking, balance, problems, rigid, muscles",Parkinson's
"pain, severe, headache, nausea, light, sensitivity, vomiting, resting, tremor, slow, speech, reduced, movement",Migraine
"nausea, slurred, speech, weakness, paralysis, dizziness, loss, balance, fatigue, facial, drooping, arm, difficulty",Stroke
"nausea, throbbing, headache, visual, aura, dizziness, sensitivity, sound, severe, light, vomiting, intense, head, pain, fatigue, blurred, vision, weakness",Migraine
"seizure, loss, consciousness, muscle, jerks, confusion, memory, difficulty, thinking, disorientation, headache, pain",Epilepsy
"weakness, language, problems, poor, judgment, memory, impairment, pain, severe, headache, nausea, light, sensitivity, vomiting",Dementia
"resting, tremor, slow, speech, reduced, movement, convulsions, staring, spells, body, shaking, unconsciousness, headache, pain, muscle, stiffness, hands, difficulty, walking, balance, problems, rigid, muscles",Parkinson's
"pain, dizziness, throbbing, headache, visual, aura, sensitivity, sound",Migraine
"pain, nausea, slurred, speech, weakness, paralysis, dizziness, loss, balance, facial, drooping, arm, difficulty, sudden, numbness, confusion, severe, headache, vision, language, problems, poor, judgment, memory, impairment",Stroke
"nausea, facial, drooping, arm, weakness, speech, difficulty, tremor, slow, movement, muscle, stiffness, shaking, hands, fatigue",Parkinson's
"pain, sudden, numbness, confusion, severe, headache, vision, loss, dizziness, slurred, speech, weakness, paralysis, balance, facial, drooping, arm, difficulty",Stroke
"tremor, slow, movement, muscle, stiffness, shaking, hands, difficulty, walking, balance, problems, rigid, muscles, resting, speech, reduced, weakness, nausea",Parkinson's
"nausea, tremor, slow, movement, muscle, stiffness, shaking, hands, sudden, numbness, confusion, severe, headache, vision, loss, facial, drooping, arm, weakness, speech, difficulty",Stroke
"intense, head, pain, vomiting, fatigue, blurred, vision, slurred, speech, weakness, paralysis, dizziness, loss, balance, headache, throbbing, visual, aura, sensitivity, sound",Migraine
"fatigue, weakness, slurred, speech, paralysis, dizziness, loss, balance, facial, drooping, arm, difficulty",Stroke
"memory, loss, confusion, difficulty, thinking, disorientation, severe, headache, nausea, light, sensitivity, vomiting, throbbing, visual, aura, dizziness, sound, pain, intense, head, fatigue, blurred, vision",Migraine
"fatigue, seizure, loss, consciousness, muscle, jerks, confusion, nausea",Epilepsy
"memory, loss, confusion, difficulty, thinking, disorientation, fatigue, facial, drooping, arm, weakness, speech",Stroke
"memory, loss, confusion, difficulty, thinking, disorientation, nausea, forgetfulness, personality, changes, cognitive, decline, language, problems, poor, judgment, impairment, weakness, tremor, slow, movement, muscle, stiffness, shaking, hands",Dementia
"sudden, collapse, twitching, loss, awareness, seizure, consciousness, muscle, jerks, confusion, resting, tremor, slow, speech, reduced, movement, pain, dizziness",Epilepsy
"nausea, weakness, severe, headache, light, sensitivity, vomiting, forgetfulness, personality, changes, cognitive, decline",Dementia
"severe, headache, nausea, light, sensitivity, vomiting, pain, facial, drooping, arm, weakness, speech, difficulty, throbbing, visual, aura, dizziness, sound",Migraine
"headache, intense, head, pain, vomiting, fatigue, blurred, vision, severe, nausea, light, sensitivity",Migraine
"severe, headache, nausea, light, sensitivity, vomiting, tremor, slow, movement, muscle, stiffness, shaking, hands, difficulty, walking, balance, problems, rigid, muscles, dizziness, resting, speech, reduced",Parkinson's
"weakness, memory, loss, confusion, difficulty, thinking, disorientation, nausea",Dementia
"pain, forgetfulness, personality, changes, cognitive, decline, throbbing, headache, visual, aura, dizziness, sensitivity, sound, weakness",Dementia
"seizure, loss, consciousness, muscle, jerks, confusion, language, problems, poor, judgment, memory, impairment, dizziness, headache, sudden, collapse, twitching, awareness",Epilepsy
"weakness, memory, loss, confusion, difficulty, thinking, disorientation, pain, tremor, slow, movement, muscle, stiffness, shaking, hands",Parkinson's
"difficulty, walking, balance, problems, rigid, muscles, resting, tremor, slow, speech, reduced, movement, fatigue, pain, muscle, stiffness, shaking, hands",Parkinson's
"severe, headache, nausea, light, sensitivity, vomiting, facial, drooping, arm, weakness, speech, difficulty, dizziness",Migraine
"difficulty, walking, balance, problems, rigid, muscles, memory, loss, confusion, thinking, disorientation, weakness, pain",Parkinson's
"resting, tremor, slow, speech, reduced, movement, sudden, numbness, confusion, severe, headache, vision, loss, nausea, muscle, stiffness, shaking, hands, difficulty, walking, balance, problems, rigid, muscles, dizziness",Parkinson's
"resting, tremor, slow, speech, reduced, movement, difficulty, walking, balance, problems, rigid, muscles, headache, pain, forgetfulness, personality, changes, cognitive, decline",Parkinson's
"facial, drooping, arm, weakness, speech, difficulty, sudden, numbness, confusion, severe, headache, vision, loss, nausea, light, sensitivity, vomiting",Stroke
"headache, tremor, slow, movement, muscle, stiffness, shaking, hands, weakness, convulsions, staring, spells, body, unconsciousness, difficulty, walking, balance, problems, rigid, muscles, resting, speech, reduced",Parkinson's
"throbbing, headache, visual, aura, dizziness, sensitivity, sound, severe, nausea, light, vomiting, intense, head, pain, fatigue, blurred, vision, weakness",Migraine
"dizziness, sudden, numbness, confusion, severe, headache, vision, loss, language, problems, poor, judgment, memory, impairment, difficulty, thinking, disorientation, nausea",Dementia
"nausea, facial, drooping, arm, weakness, speech, difficulty, sudden, numbness, confusion, severe, headache, vision, loss, fatigue, resting, tremor, slow, reduced, movement, slurred, paralysis, dizziness, balance",Stroke
"language, problems, poor, judgment, memory, impairment, nausea, fatigue",Dementia
"tremor, slow, movement, muscle, stiffness, shaking, hands, fatigue, resting, speech, reduced, dizziness, sudden, numbness, confusion, severe, headache, vision, loss",Parkinson's
"weakness, intense, head, pain, vomiting, fatigue, blurred, vision, dizziness, forgetfulness, personality, changes, cognitive, decline, throbbing, headache, visual, aura, sensitivity, sound, severe, nausea, light",Migraine
"fatigue, dizziness, slurred, speech, weakness, paralysis, loss, balance, facial, drooping, arm, difficulty, sudden, numbness, confusion, severe, headache, vision, seizure, consciousness, muscle, jerks",Stroke
"memory, loss, confusion, difficulty, thinking, disorientation, dizziness, weakness, intense, head, pain, vomiting, fatigue, blurred, vision",Migraine
"fatigue, tremor, slow, movement, muscle, stiffness, shaking, hands, dizziness, facial, drooping, arm, weakness, speech, difficulty",Stroke
"sudden, numbness, confusion, severe, headache, vision, loss, slurred, speech, weakness, paralysis, dizziness, balance, collapse, twitching, awareness",Stroke
"intense, head, pain, vomiting, fatigue, blurred, vision, headache, dizziness, throbbing, visual, aura, sensitivity, sound",Migraine
"fatigue, throbbing, headache, visual, aura, dizziness, sensitivity, sound, tremor, slow, movement, muscle, stiffness, shaking, hands",Parkinson's
"forgetfulness, personality, changes, cognitive, decline, severe, headache, nausea, light, sensitivity, vomiting, weakness, memory, loss, confusion, difficulty, thinking, disorientation, fatigue",Dementia
"slurred, speech, weakness, paralysis, dizziness, loss, balance, headache, memory, confusion, difficulty, thinking, disorientation, pain",Dementia
"dizziness, sudden, numbness, confusion, severe, headache, vision, loss, memory, difficulty, thinking, disorientation",Stroke
"memory, loss, confusion, difficulty, thinking, disorientation, nausea, facial, drooping, arm, weakness, speech, headache",Stroke
"seizure, loss, consciousness, muscle, jerks, confusion, convulsions, staring, spells, body, shaking, unconsciousness, sudden, collapse, twitching, awareness, numbness, severe, headache, vision, fatigue, weakness",Epilepsy
"slurred, speech, weakness, paralysis, dizziness, loss, balance, facial, drooping, arm, difficulty, sudden, numbness, confusion, severe, headache, vision, fatigue",Stroke
"fatigue, convulsions, staring, spells, body, shaking, unconsciousness, severe, headache, nausea, light, sensitivity, vomiting, throbbing, visual, aura, dizziness, sound, intense, head, pain, blurred, vision",Migraine
"sudden, numbness, confusion, severe, headache, vision, loss, slurred, speech, weakness, paralysis, dizziness, balance, nausea",Stroke
"dizziness, language, problems, poor, judgment, memory, impairment, intense, head, pain, vomiting, fatigue, blurred, vision, headache",Migraine
"weakness, difficulty, walking, balance, problems, rigid, muscles, pain, resting, tremor, slow, speech, reduced, movement",Parkinson's
"sudden, numbness, confusion, severe, headache, vision, loss, convulsions, staring, spells, body, shaking, unconsciousness, facial, drooping, arm, weakness, speech, difficulty, slurred, paralysis, dizziness, balance",Stroke
"fatigue, intense, head, pain, vomiting, blurred, vision",Migraine
"resting, tremor, slow, speech, reduced, movement, weakness, fatigue, language, problems, poor, judgment, memory, impairment, difficulty, walking, balance, rigid, muscles",Parkinson's
"memory, loss, confusion, difficulty, thinking, disorientation, pain, walking, balance, problems, rigid, muscles, fatigue",Parkinson's
"difficulty, walking, balance, problems, rigid, muscles, fatigue, dizziness, convulsions, staring, spells, body, shaking, unconsciousness",Parkinson's
"difficulty, walking, balance, problems, rigid, muscles, language, poor, judgment, memory, impairment, fatigue, nausea, forgetfulness, personality, changes, cognitive, decline, loss, confusion, thinking, disorientation",Dementia
"seizure, loss, consciousness, muscle, jerks, confusion, severe, headache, nausea, light, sensitivity, vomiting, weakness, intense, head, pain, fatigue, blurred, vision",Migraine
"nausea, slurred, speech, weakness, paralysis, dizziness, loss, balance, fatigue, memory, confusion, difficulty, thinking, disorientation",Stroke
"severe, headache, nausea, light, sensitivity, vomiting, throbbing, visual, aura, dizziness, sound, intense, head, pain, fatigue, blurred, vision, seizure, loss, consciousness, muscle, jerks, confusion",Migraine
"pain, severe, headache, nausea, light, sensitivity, vomiting, convulsions, staring, spells, body, shaking, unconsciousness",Epilepsy
"dizziness, slurred, speech, weakness, paralysis, loss, balance, sudden, numbness, confusion, severe, headache, vision, tremor, slow, movement, muscle, stiffness, shaking, hands",Stroke
"resting, tremor, slow, speech, reduced, movement, nausea, muscle, stiffness, shaking, hands, fatigue",Parkinson's
"weakness, convulsions, staring, spells, body, shaking, unconsciousness, language, problems, poor, judgment, memory, impairment, nausea",Epilepsy
"fatigue, severe, headache, nausea, light, sensitivity, vomiting, weakness, sudden, numbness, confusion, vision, loss, throbbing, visual, aura, dizziness, sound, intense, head, pain, blurred",Migraine
"difficulty, walking, balance, problems, rigid, muscles, weakness, memory, loss, confusion, thinking, disorientation, pain, forgetfulness, personality, changes, cognitive, decline, language, poor, judgment, impairment",Dementia
"throbbing, headache, visual, aura, dizziness, sensitivity, sound, convulsions, staring, spells, body, shaking, unconsciousness, sudden, collapse, twitching, loss, awareness",Epilepsy
"severe, headache, nausea, light, sensitivity, vomiting, pain, throbbing, visual, aura, dizziness, sound",Migraine
"memory, loss, confusion, difficulty, thinking, disorientation, forgetfulness, personality, changes, cognitive, decline, dizziness, headache",Dementia
"resting, tremor, slow, speech, reduced, movement, intense, head, pain, vomiting, fatigue, blurred, vision, muscle, stiffness, shaking, hands, headache",Parkinson's
"headache, throbbing, visual, aura, dizziness, sensitivity, sound, convulsions, staring, spells, body, shaking, unconsciousness, sudden, collapse, twitching, loss, awareness, pain, seizure, consciousness, muscle, jerks, confusion",Epilepsy
"slurred, speech, weakness, paralysis, dizziness, loss, balance, facial, drooping, arm, difficulty, fatigue, sudden, numbness, confusion, severe, headache, vision",Stroke
"language, problems, poor, judgment, memory, impairment, fatigue, weakness, tremor, slow, movement, muscle, stiffness, shaking, hands",Dementia
"severe, headache, nausea, light, sensitivity, vomiting, sudden, collapse, twitching, loss, awareness, convulsions, staring, spells, body, shaking, unconsciousness",Epilepsy
"sudden, collapse, twitching, loss, awareness, seizure, consciousness, muscle, jerks, confusion, convulsions, staring, spells, body, shaking, unconsciousness, tremor, slow, movement, stiffness, hands, nausea, weakness",Epilepsy
"pain, severe, headache, nausea, light, sensitivity, vomiting, dizziness, throbbing, visual, aura, sound",Migraine
"fatigue, intense, head, pain, vomiting, blurred, vision, seizure, loss, consciousness, muscle, jerks, confusion, weakness, sudden, collapse, twitching, awareness, convulsions, staring, spells, body, shaking, unconsciousness",Epilepsy
"seizure, loss, consciousness, muscle, jerks, confusion, weakness, pain, resting, tremor, slow, speech, reduced, movement",Epilepsy
"dizziness, headache, intense, head, pain, vomiting, fatigue, blurred, vision, throbbing, visual, aura, sensitivity, sound, severe, nausea, light",Migraine
"resting, tremor, slow, speech, reduced, movement, headache, dizziness, difficulty, walking, balance, problems, rigid, muscles, muscle, stiffness, shaking, hands, sudden, numbness, confusion, severe, vision, loss",Parkinson's
"difficulty, walking, balance, problems, rigid, muscles, fatigue, nausea",Parkinson's
"fatigue, weakness, facial, drooping, arm, speech, difficulty, sudden, numbness, confusion, severe, headache, vision, loss, slurred, paralysis, dizziness, balance",Stroke
"slurred, speech, weakness, paralysis, dizziness, loss, balance, facial, drooping, arm, difficulty, pain, sudden, numbness, confusion, severe, headache, vision",Stroke
"throbbing, headache, visual, aura, dizziness, sensitivity, sound, difficulty, walking, balance, problems, rigid, muscles, weakness",Parkinson's
"throbbing, headache, visual, aura, dizziness, sensitivity, sound, sudden, numbness, confusion, severe, vision, loss, nausea, light, vomiting, pain, intense, head, fatigue, blurred",Migraine
"seizure, loss, consciousness, muscle, jerks, confusion, language, problems, poor, judgment, memory, impairment, fatigue, pain",Dementia
"memory, loss, confusion, difficulty, thinking, disorientation, weakness, tremor, slow, movement, muscle, stiffness, shaking, hands, dizziness",Dementia
"headache, pain, tremor, slow, movement, muscle, stiffness, shaking, hands, resting, speech, reduced",Parkinson's
"difficulty, walking, balance, problems, rigid, muscles, resting, tremor, slow, speech, reduced, movement, fatigue, sudden, numbness, confusion, severe, headache, vision, loss, nausea",Parkinson's
"resting, tremor, slow, speech, reduced, movement, headache, forgetfulness, personality, changes, cognitive, decline, dizziness, language, problems, poor, judgment, memory, impairment, loss, confusion, difficulty, thinking, disorientation",Dementia
"resting, tremor, slow, speech, reduced, movement, muscle, stiffness, shaking, hands, forgetfulness, personality, changes, cognitive, decline, nausea, headache",Parkinson's
"sudden, collapse, twitching, loss, awareness, seizure, consciousness, muscle, jerks, confusion, convulsions, staring, spells, body, shaking, unconsciousness, pain, nausea",Epilepsy
"convulsions, staring, spells, body, shaking, unconsciousness, dizziness, seizure, loss, consciousness, muscle, jerks, confusion, resting, tremor, slow, speech, reduced, movement, nausea",Epilepsy
"difficulty, walking, balance, problems, rigid, muscles, resting, tremor, slow, speech, reduced, movement, weakness, sudden, collapse, twitching, loss, awareness, nausea",Parkinson's
"pain, seizure, loss, consciousness, muscle, jerks, confusion, tremor, slow, movement, stiffness, shaking, hands, headache",Epilepsy
"difficulty, walking, balance, problems, rigid, muscles, sudden, collapse, twitching, loss, awareness, nausea, convulsions, staring, spells, body, shaking, unconsciousness, seizure, consciousness, muscle, jerks, confusion, weakness",Epilepsy
"sudden, collapse, twitching, loss, awareness, convulsions, staring, spells, body, shaking, unconsciousness, pain, memory, confusion, difficulty, thinking, disorientation, fatigue",Epilepsy
"throbbing, headache, visual, aura, dizziness, sensitivity, sound, severe, nausea, light, vomiting, fatigue",Migraine
"language, problems, poor, judgment, memory, impairment, throbbing, headache, visual, aura, dizziness, sensitivity, sound, nausea, loss, confusion, difficulty, thinking, disorientation, pain",Dementia
"tremor, slow, movement, muscle, stiffness, shaking, hands, pain, intense, head, vomiting, fatigue, blurred, vision, dizziness, difficulty, walking, balance, problems, rigid, muscles",Parkinson's
"weakness, headache, tremor, slow, movement, muscle, stiffness, shaking, hands, convulsions, staring, spells, body, unconsciousness, resting, speech, reduced",Parkinson's
"seizure, loss, consciousness, muscle, jerks, confusion, memory, difficulty, thinking, disorientation, pain, dizziness",Epilepsy
"throbbing, headache, visual, aura, dizziness, sensitivity, sound, facial, drooping, arm, weakness, speech, difficulty, slurred, paralysis, loss, balance",Stroke
"severe, headache, nausea, light, sensitivity, vomiting, fatigue, slurred, speech, weakness, paralysis, dizziness, loss, balance, intense, head, pain, blurred, vision",Migraine
"nausea, pain, difficulty, walking, balance, problems, rigid, muscles, tremor, slow, movement, muscle, stiffness, shaking, hands",Parkinson's
"weakness, headache, throbbing, visual, aura, dizziness, sensitivity, sound",Migraine
"pain, memory, loss, confusion, difficulty, thinking, disorientation, slurred, speech, weakness, paralysis, dizziness, balance, headache",Dementia
"facial, drooping, arm, weakness, speech, difficulty, slurred, paralysis, dizziness, loss, balance, sudden, numbness, confusion, severe, headache, vision, pain, tremor, slow, movement, muscle, stiffness, shaking, hands",Stroke
"dizziness, nausea, facial, drooping, arm, weakness, speech, difficulty, sudden, numbness, confusion, severe, headache, vision, loss",Stroke
"dizziness, forgetfulness, personality, changes, cognitive, decline, pain, convulsions, staring, spells, body, shaking, unconsciousness",Dementia
"forgetfulness, personality, changes, cognitive, decline, language, problems, poor, judgment, memory, impairment, loss, confusion, difficulty, thinking, disorientation, nausea, headache",Dementia
"language, problems, poor, judgment, memory, impairment, fatigue, weakness, difficulty, walking, balance, rigid, muscles, loss, confusion, thinking, disorientation",Dementia
"fatigue, sudden, numbness, confusion, severe, headache, vision, loss",Stroke
"resting, tremor, slow, speech, reduced, movement, pain, headache, difficulty, walking, balance, problems, rigid, muscles, throbbing, visual, aura, dizziness, sensitivity, sound",Parkinson's
"seizure, loss, consciousness, muscle, jerks, confusion, headache, sudden, collapse, twitching, awareness, memory, difficulty, thinking, disorientation, convulsions, staring, spells, body, shaking, unconsciousness, fatigue",Epilepsy
"nausea, convulsions, staring, spells, body, shaking, unconsciousness, dizziness, seizure, loss, consciousness, muscle, jerks, confusion",Epilepsy
"weakness, pain, intense, head, vomiting, fatigue, blurred, vision, throbbing, headache, visual, aura, dizziness, sensitivity, sound, severe, nausea, light, memory, loss, confusion, difficulty, thinking, disorientation",Migraine
"forgetfulness, personality, changes, cognitive, decline, tremor, slow, movement, muscle, stiffness, shaking, hands, weakness, dizziness, memory, loss, confusion, difficulty, thinking, disorientation",Dementia
"sudden, numbness, confusion, severe, headache, vision, loss, resting, tremor, slow, speech, reduced, movement, facial, drooping, arm, weakness, difficulty, slurred, paralysis, dizziness, balance, nausea",Stroke
"pain, sudden, collapse, twitching, loss, awareness, resting, tremor, slow, speech, reduced, movement, muscle, stiffness, shaking, hands, difficulty, walking, balance, problems, rigid, muscles, nausea",Parkinson's
"pain, headache, sudden, collapse, twitching, loss, awareness, intense, head, vomiting, fatigue, blurred, vision",Migraine
"forgetfulness, personality, changes, cognitive, decline, pain, seizure, loss, consciousness, muscle, jerks, confusion, memory, difficulty, thinking, disorientation, language, problems, poor, judgment, impairment, dizziness",Dementia
"headache, sudden, collapse, twitching, loss, awareness, dizziness",Epilepsy
"difficulty, walking, balance, problems, rigid, muscles, sudden, numbness, confusion, severe, headache, vision, loss, dizziness, tremor, slow, movement, muscle, stiffness, shaking, hands, resting, speech, reduced",Parkinson's
"nausea, seizure, loss, consciousness, muscle, jerks, confusion, fatigue, facial, drooping, arm, weakness, speech, difficulty, sudden, collapse, twitching, awareness",Epilepsy
"difficulty, walking, balance, problems, rigid, muscles, nausea, fatigue, sudden, numbness, confusion, severe, headache, vision, loss",Stroke
"seizure, loss, consciousness, muscle, jerks, confusion, severe, headache, nausea, light, sensitivity, vomiting, dizziness",Migraine
"pain, sudden, numbness, confusion, severe, headache, vision, loss, dizziness, memory, difficulty, thinking, disorientation",Stroke
"nausea, slurred, speech, weakness, paralysis, dizziness, loss, balance, throbbing, headache, visual, aura, sensitivity, sound, sudden, numbness, confusion, severe, vision, fatigue",Stroke
"fatigue, resting, tremor, slow, speech, reduced, movement, difficulty, walking, balance, problems, rigid, muscles, dizziness, muscle, stiffness, shaking, hands",Parkinson's
"fatigue, severe, headache, nausea, light, sensitivity, vomiting, difficulty, walking, balance, problems, rigid, muscles, intense, head, pain, blurred, vision",Migraine
"seizure, loss, consciousness, muscle, jerks, confusion, difficulty, walking, balance, problems, rigid, muscles, pain, fatigue, sudden, collapse, twitching, awareness",Epilepsy
"nausea, dizziness, convulsions, staring, spells, body, shaking, unconsciousness, sudden, collapse, twitching, loss, awareness",Epilepsy
"memory, loss, confusion, difficulty, thinking, disorientation, weakness, pain, sudden, collapse, twitching, awareness",Dementia
"throbbing, headache, visual, aura, dizziness, sensitivity, sound, nausea, severe, light, vomiting, memory, loss, confusion, difficulty, thinking, disorientation",Migraine
"pain, language, problems, poor, judgment, memory, impairment, forgetfulness, personality, changes, cognitive, decline, weakness",Dementia
"forgetfulness, personality, changes, cognitive, decline, nausea, pain, convulsions, staring, spells, body, shaking, unconsciousness",Epilepsy
"pain, convulsions, staring, spells, body, shaking, unconsciousness, headache, facial, drooping, arm, weakness, speech, difficulty, sudden, numbness, confusion, severe, vision, loss, slurred, paralysis, dizziness, balance",Stroke
"fatigue, memory, loss, confusion, difficulty, thinking, disorientation, nausea, sudden, collapse, twitching, awareness",Epilepsy
"fatigue, nausea, tremor, slow, movement, muscle, stiffness, shaking, hands",Parkinson's
"weakness, intense, head, pain, vomiting, fatigue, blurred, vision, forgetfulness, personality, changes, cognitive, decline, headache",Dementia
"nausea, fatigue, seizure, loss, consciousness, muscle, jerks, confusion, sudden, collapse, twitching, awareness",Epilepsy
"difficulty, walking, balance, problems, rigid, muscles, weakness, nausea, tremor, slow, movement, muscle, stiffness, shaking, hands, resting, speech, reduced, severe, headache, light, sensitivity, vomiting",Parkinson's
"resting, tremor, slow, speech, reduced, movement, nausea, dizziness",Parkinson's
"nausea, intense, head, pain, vomiting, fatigue, blurred, vision, tremor, slow, movement, muscle, stiffness, shaking, hands",Migraine
"throbbing, headache, visual, aura, dizziness, sensitivity, sound, slurred, speech, weakness, paralysis, loss, balance, intense, head, pain, vomiting, fatigue, blurred, vision",Migraine
"tremor, slow, movement, muscle, stiffness, shaking, hands, headache, convulsions, staring, spells, body, unconsciousness, nausea",Epilepsy
"slurred, speech, weakness, paralysis, dizziness, loss, balance, sudden, numbness, confusion, severe, headache, vision",Stroke
"convulsions, staring, spells, body, shaking, unconsciousness, throbbing, headache, visual, aura, dizziness, sensitivity, sound, fatigue, intense, head, pain, vomiting, blurred, vision",Migraine
"dizziness, headache, tremor, slow, movement, muscle, stiffness, shaking, hands, resting, speech, reduced",Parkinson's
"seizure, loss, consciousness, muscle, jerks, confusion, convulsions, staring, spells, body, shaking, unconsciousness, nausea, difficulty, walking, balance, problems, rigid, muscles, sudden, collapse, twitching, awareness, headache",Epilepsy
"pain, nausea, convulsions, staring, spells, body, shaking, unconsciousness, facial, drooping, arm, weakness, speech, difficulty",Epilepsy
"severe, headache, nausea, light, sensitivity, vomiting, difficulty, walking, balance, problems, rigid, muscles, fatigue, pain",Migraine
"resting, tremor, slow, speech, reduced, movement, difficulty, walking, balance, problems, rigid, muscles, muscle, stiffness, shaking, hands, weakness, dizziness",Parkinson's
"fatigue, intense, head, pain, vomiting, blurred, vision, facial, drooping, arm, weakness, speech, difficulty, slurred, paralysis, dizziness, loss, balance, sudden, numbness, confusion, severe, headache, nausea",Stroke
"headache, slurred, speech, weakness, paralysis, dizziness, loss, balance, fatigue, sudden, collapse, twitching, awareness",Epilepsy
"tremor, slow, movement, muscle, stiffness, shaking, hands, sudden, numbness, confusion, severe, headache, vision, loss, nausea, pain",Parkinson's
"facial, drooping, arm, weakness, speech, difficulty, throbbing, headache, visual, aura, dizziness, sensitivity, sound, fatigue",Migraine
"resting, tremor, slow, speech, reduced, movement, facial, drooping, arm, weakness, difficulty, nausea",Stroke
"forgetfulness, personality, changes, cognitive, decline, language, problems, poor, judgment, memory, impairment, loss, confusion, difficulty, thinking, disorientation, fatigue, pain",Dementia
"convulsions, staring, spells, body, shaking, unconsciousness, nausea, pain, seizure, loss, consciousness, muscle, jerks, confusion, intense, head, vomiting, fatigue, blurred, vision",Epilepsy
"nausea, headache, difficulty, walking, balance, problems, rigid, muscles, throbbing, visual, aura, dizziness, sensitivity, sound",Migraine
"difficulty, walking, balance, problems, rigid, muscles, fatigue, convulsions, staring, spells, body, shaking, unconsciousness, headache",Parkinson's
"nausea, forgetfulness, personality, changes, cognitive, decline, sudden, numbness, confusion, severe, headache, vision, loss, fatigue, language, problems, poor, judgment, memory, impairment",Dementia
"fatigue, slurred, speech, weakness, paralysis, dizziness, loss, balance, sudden, numbness, confusion, severe, headache, vision, pain, resting, tremor, slow, reduced, movement, facial, drooping, arm, difficulty",Stroke
"memory, loss, confusion, difficulty, thinking, disorientation, headache, nausea",Dementia
"fatigue, dizziness, severe, headache, nausea, light, sensitivity, vomiting",Migraine
"pain, memory, loss, confusion, difficulty, thinking, disorientation, dizziness, forgetfulness, personality, changes, cognitive, decline",Dementia
"memory, loss, confusion, difficulty, thinking, disorientation, forgetfulness, personality, changes, cognitive, decline, dizziness, language, problems, poor, judgment, impairment, pain",Dementia
"pain, weakness, throbbing, headache, visual, aura, dizziness, sensitivity, sound, intense, head, vomiting, fatigue, blurred, vision",Migraine
"fatigue, headache, language, problems, poor, judgment, memory, impairment, sudden, numbness, confusion, severe, vision, loss",Stroke
"pain, facial, drooping, arm, weakness, speech, difficulty, walking, balance, problems, rigid, muscles, resting, tremor, slow, reduced, movement, dizziness, muscle, stiffness, shaking, hands",Parkinson's
"facial, drooping, arm, weakness, speech, difficulty, resting, tremor, slow, reduced, movement, walking, balance, problems, rigid, muscles, fatigue",Parkinson's
"language, problems, poor, judgment, memory, impairment, slurred, speech, weakness, paralysis, dizziness, loss, balance, confusion, difficulty, thinking, disorientation, pain",Dementia
"memory, loss, confusion, difficulty, thinking, disorientation, headache, language, problems, poor, judgment, impairment, weakness, tremor, slow, movement, muscle, stiffness, shaking, hands, forgetfulness, personality, changes, cognitive, decline",Dementia
"fatigue, memory, loss, confusion, difficulty, thinking, disorientation, resting, tremor, slow, speech, reduced, movement, forgetfulness, personality, changes, cognitive, decline, weakness",Dementia
"throbbing, headache, visual, aura, dizziness, sensitivity, sound, facial, drooping, arm, weakness, speech, difficulty, nausea, severe, light, vomiting",Migraine
"headache, tremor, slow, movement, muscle, stiffness, shaking, hands, dizziness, language, problems, poor, judgment, memory, impairment",Dementia
"difficulty, walking, balance, problems, rigid, muscles, intense, head, pain, vomiting, fatigue, blurred, vision, nausea, tremor, slow, movement, muscle, stiffness, shaking, hands, resting, speech, reduced",Parkinson's
"fatigue, seizure, loss, consciousness, muscle, jerks, confusion, intense, head, pain, vomiting, blurred, vision, severe, headache, nausea, light, sensitivity, throbbing, visual, aura, dizziness, sound",Migraine
"forgetfulness, personality, changes, cognitive, decline, nausea, difficulty, walking, balance, problems, rigid, muscles, fatigue, language, poor, judgment, memory, impairment, loss, confusion, thinking, disorientation",Dementia
"language, problems, poor, judgment, memory, impairment, fatigue, resting, tremor, slow, speech, reduced, movement, muscle, stiffness, shaking, hands, difficulty, walking, balance, rigid, muscles, nausea",Parkinson's
"forgetfulness, personality, changes, cognitive, decline, convulsions, staring, spells, body, shaking, unconsciousness, nausea, pain",Dementia
"fatigue, facial, drooping, arm, weakness, speech, difficulty, headache, sudden, numbness, confusion, severe, vision, loss",Stroke
"intense, head, pain, vomiting, fatigue, blurred, vision, difficulty, walking, balance, problems, rigid, muscles, resting, tremor, slow, speech, reduced, movement, weakness, nausea",Parkinson's
"memory, loss, confusion, difficulty, thinking, disorientation, throbbing, headache, visual, aura, dizziness, sensitivity, sound, forgetfulness, personality, changes, cognitive, decline, weakness",Dementia
"sudden, numbness, confusion, severe, headache, vision, loss, convulsions, staring, spells, body, shaking, unconsciousness, seizure, consciousness, muscle, jerks, dizziness, fatigue, collapse, twitching, awareness",Epilepsy
"tremor, slow, movement, muscle, stiffness, shaking, hands, pain, slurred, speech, weakness, paralysis, dizziness, loss, balance, sudden, numbness, confusion, severe, headache, vision",Stroke
"sudden, numbness, confusion, severe, headache, vision, loss, weakness, pain, convulsions, staring, spells, body, shaking, unconsciousness",Epilepsy
"forgetfulness, personality, changes, cognitive, decline, pain, dizziness, tremor, slow, movement, muscle, stiffness, shaking, hands",Parkinson's
"seizure, loss, consciousness, muscle, jerks, confusion, dizziness, sudden, numbness, severe, headache, vision, pain, convulsions, staring, spells, body, shaking, unconsciousness, collapse, twitching, awareness",Epilepsy
"convulsions, staring, spells, body, shaking, unconsciousness, dizziness, language, problems, poor, judgment, memory, impairment, sudden, collapse, twitching, loss, awareness, fatigue, seizure, consciousness, muscle, jerks, confusion",Epilepsy
"fatigue, facial, drooping, arm, weakness, speech, difficulty, slurred, paralysis, dizziness, loss, balance, sudden, collapse, twitching, awareness, headache, numbness, confusion, severe, vision",Stroke
"memory, loss, confusion, difficulty, thinking, disorientation, headache, throbbing, visual, aura, dizziness, sensitivity, sound, fatigue",Dementia
"slurred, speech, weakness, paralysis, dizziness, loss, balance, pain, severe, headache, nausea, light, sensitivity, vomiting",Migraine
"memory, loss, confusion, difficulty, thinking, disorientation, headache, tremor, slow, movement, muscle, stiffness, shaking, hands, language, problems, poor, judgment, impairment, forgetfulness, personality, changes, cognitive, decline, dizziness",Dementia
"resting, tremor, slow, speech, reduced, movement, weakness, headache",Parkinson's
"weakness, slurred, speech, paralysis, dizziness, loss, balance, headache, intense, head, pain, vomiting, fatigue, blurred, vision",Migraine
"headache, sudden, collapse, twitching, loss, awareness, weakness, resting, tremor, slow, speech, reduced, movement",Epilepsy
"memory, loss, confusion, difficulty, thinking, disorientation, language, problems, poor, judgment, impairment, intense, head, pain, vomiting, fatigue, blurred, vision, nausea, forgetfulness, personality, changes, cognitive, decline, headache",Dementia
"headache, dizziness, language, problems, poor, judgment, memory, impairment, loss, confusion, difficulty, thinking, disorientation",Dementia
"intense, head, pain, vomiting, fatigue, blurred, vision, slurred, speech, weakness, paralysis, dizziness, loss, balance",Stroke
"seizure, loss, consciousness, muscle, jerks, confusion, nausea, weakness, convulsions, staring, spells, body, shaking, unconsciousness, sudden, collapse, twitching, awareness, tremor, slow, movement, stiffness, hands",Epilepsy
"fatigue, tremor, slow, movement, muscle, stiffness, shaking, hands, sudden, numbness, confusion, severe, headache, vision, loss, weakness",Parkinson's
"sudden, numbness, confusion, severe, headache, vision, loss, tremor, slow, movement, muscle, stiffness, shaking, hands, nausea, resting, speech, reduced, weakness, difficulty, walking, balance, problems, rigid, muscles",Parkinson's
"convulsions, staring, spells, body, shaking, unconsciousness, dizziness, sudden, numbness, confusion, severe, headache, vision, loss, slurred, speech, weakness, paralysis, balance, nausea",Stroke
"forgetfulness, personality, changes, cognitive, decline, headache, weakness",Dementia
"resting, tremor, slow, speech, reduced, movement, weakness, dizziness, convulsions, staring, spells, body, shaking, unconsciousness",Parkinson's
"weakness, memory, loss, confusion, difficulty, thinking, disorientation, pain, language, problems, poor, judgment, impairment, facial, drooping, arm, speech",Dementia
"language, problems, poor, judgment, memory, impairment, weakness, sudden, collapse, twitching, loss, awareness, nausea, seizure, consciousness, muscle, jerks, confusion",Epilepsy
"seizure, loss, consciousness, muscle, jerks, confusion, convulsions, staring, spells, body, shaking, unconsciousness, nausea, weakness",Epilepsy
"nausea, forgetfulness, personality, changes, cognitive, decline, sudden, collapse, twitching, loss, awareness, convulsions, staring, spells, body, shaking, unconsciousness, dizziness",Epilepsy
"severe, headache, nausea, light, sensitivity, vomiting, pain, tremor, slow, movement, muscle, stiffness, shaking, hands, resting, speech, reduced, weakness",Parkinson's
"pain, facial, drooping, arm, weakness, speech, difficulty, slurred, paralysis, dizziness, loss, balance, sudden, numbness, confusion, severe, headache, vision, convulsions, staring, spells, body, shaking, unconsciousness, fatigue",Stroke
"sudden, collapse, twitching, loss, awareness, convulsions, staring, spells, body, shaking, unconsciousness, nausea, language, problems, poor, judgment, memory, impairment, weakness",Epilepsy
"sudden, collapse, twitching, loss, awareness, slurred, speech, weakness, paralysis, dizziness, balance, convulsions, staring, spells, body, shaking, unconsciousness, seizure, consciousness, muscle, jerks, confusion, pain",Epilepsy
"weakness, difficulty, walking, balance, problems, rigid, muscles, fatigue, slurred, speech, paralysis, dizziness, loss",Parkinson's
"intense, head, pain, vomiting, fatigue, blurred, vision, weakness, resting, tremor, slow, speech, reduced, movement, headache, difficulty, walking, balance, problems, rigid, muscles, muscle, stiffness, shaking, hands",Parkinson's
"difficulty, walking, balance, problems, rigid, muscles, tremor, slow, movement, muscle, stiffness, shaking, hands, weakness, pain, resting, speech, reduced, slurred, paralysis, dizziness, loss",Parkinson's
"fatigue, nausea, sudden, numbness, confusion, severe, headache, vision, loss, facial, drooping, arm, weakness, speech, difficulty",Stroke
"slurred, speech, weakness, paralysis, dizziness, loss, balance, pain, resting, tremor, slow, reduced, movement, fatigue",Stroke
"pain, language, problems, poor, judgment, memory, impairment, severe, headache, nausea, light, sensitivity, vomiting, loss, confusion, difficulty, thinking, disorientation, forgetfulness, personality, changes, cognitive, decline",Dementia
"throbbing, headache, visual, aura, dizziness, sensitivity, sound, nausea, intense, head, pain, vomiting, fatigue, blurred, vision",Migraine
"convulsions, staring, spells, body, shaking, unconsciousness, seizure, loss, consciousness, muscle, jerks, confusion, dizziness, sudden, collapse, twitching, awareness, memory, difficulty, thinking, disorientation, weakness",Epilepsy
"throbbing, headache, visual, aura, dizziness, sensitivity, sound, intense, head, pain, vomiting, fatigue, blurred, vision, severe, nausea, light, sudden, collapse, twitching, loss, awareness",Migraine
"headache, weakness, convulsions, staring, spells, body, shaking, unconsciousness, sudden, collapse, twitching, loss, awareness, seizure, consciousness, muscle, jerks, confusion",Epilepsy
"throbbing, headache, visual, aura, dizziness, sensitivity, sound, fatigue, slurred, speech, weakness, paralysis, loss, balance, intense, head, pain, vomiting, blurred, vision",Migraine
"headache, forgetfulness, personality, changes, cognitive, decline, tremor, slow, movement, muscle, stiffness, shaking, hands, language, problems, poor, judgment, memory, impairment, fatigue",Dementia
"throbbing, headache, visual, aura, dizziness, sensitivity, sound, severe, nausea, light, vomiting, intense, head, pain, fatigue, blurred, vision, memory, loss, confusion, difficulty, thinking, disorientation",Migraine
"slurred, speech, weakness, paralysis, dizziness, loss, balance, facial, drooping, arm, difficulty, sudden, numbness, confusion, severe, headache, vision, fatigue, pain",Stroke
"fatigue, sudden, collapse, twitching, loss, awareness, dizziness, convulsions, staring, spells, body, shaking, unconsciousness, intense, head, pain, vomiting, blurred, vision",Epilepsy
"headache, sudden, numbness, confusion, severe, vision, loss, seizure, consciousness, muscle, jerks, pain",Epilepsy
"fatigue, dizziness, convulsions, staring, spells, body, shaking, unconsciousness, severe, headache, nausea, light, sensitivity, vomiting, seizure, loss, consciousness, muscle, jerks, confusion, sudden, collapse, twitching, awareness",Epilepsy
"intense, head, pain, vomiting, fatigue, blurred, vision, convulsions, staring, spells, body, shaking, unconsciousness, throbbing, headache, visual, aura, dizziness, sensitivity, sound, severe, nausea, light",Migraine
"sudden, collapse, twitching, loss, awareness, headache, fatigue, tremor, slow, movement, muscle, stiffness, shaking, hands, seizure, consciousness, jerks, confusion",Epilepsy
"severe, headache, nausea, light, sensitivity, vomiting, memory, loss, confusion, difficulty, thinking, disorientation, fatigue",Migraine
"throbbing, headache, visual, aura, dizziness, sensitivity, sound, sudden, collapse, twitching, loss, awareness, severe, nausea, light, vomiting, weakness",Migraine
"forgetfulness, personality, changes, cognitive, decline, sudden, collapse, twitching, loss, awareness, pain, dizziness",Epilepsy
"fatigue, facial, drooping, arm, weakness, speech, difficulty, language, problems, poor, judgment, memory, impairment, pain, slurred, paralysis, dizziness, loss, balance, sudden, numbness, confusion, severe, headache, vision",Stroke
"tremor, slow, movement, muscle, stiffness, shaking, hands, headache, sudden, numbness, confusion, severe, vision, loss, nausea",Stroke
"weakness, resting, tremor, slow, speech, reduced, movement, headache, facial, drooping, arm, difficulty",Stroke
"tremor, slow, movement, muscle, stiffness, shaking, hands, forgetfulness, personality, changes, cognitive, decline, dizziness, nausea",Parkinson's
"convulsions, staring, spells, body, shaking, unconsciousness, fatigue, throbbing, headache, visual, aura, dizziness, sensitivity, sound, sudden, collapse, twitching, loss, awareness",Epilepsy
"sudden, collapse, twitching, loss, awareness, convulsions, staring, spells, body, shaking, unconsciousness, pain, weakness, seizure, consciousness, muscle, jerks, confusion, memory, difficulty, thinking, disorientation",Epilepsy
"pain, headache, seizure, loss, consciousness, muscle, jerks, confusion, slurred, speech, weakness, paralysis, dizziness, balance",Stroke
"severe, headache, nausea, light, sensitivity, vomiting, slurred, speech, weakness, paralysis, dizziness, loss, balance, facial, drooping, arm, difficulty, pain, sudden, numbness, confusion, vision",Stroke
"intense, head, pain, vomiting, fatigue, blurred, vision, nausea, headache, throbbing, visual, aura, dizziness, sensitivity, sound",Migraine
"resting, tremor, slow, speech, reduced, movement, difficulty, walking, balance, problems, rigid, muscles, seizure, loss, consciousness, muscle, jerks, confusion, nausea, fatigue",Parkinson's
"language, problems, poor, judgment, memory, impairment, pain, facial, drooping, arm, weakness, speech, difficulty, sudden, numbness, confusion, severe, headache, vision, loss",Stroke
"convulsions, staring, spells, body, shaking, unconsciousness, sudden, collapse, twitching, loss, awareness, intense, head, pain, vomiting, fatigue, blurred, vision, headache, seizure, consciousness, muscle, jerks, confusion, weakness",Epilepsy
"fatigue, difficulty, walking, balance, problems, rigid, muscles, slurred, speech, weakness, paralysis, dizziness, loss, pain, tremor, slow, movement, muscle, stiffness, shaking, hands",Parkinson's
"sudden, collapse, twitching, loss, awareness, convulsions, staring, spells, body, shaking, unconsciousness, headache, forgetfulness, personality, changes, cognitive, decline, dizziness",Epilepsy
"difficulty, walking, balance, problems, rigid, muscles, tremor, slow, movement, muscle, stiffness, shaking, hands, weakness, forgetfulness, personality, changes, cognitive, decline, resting, speech, reduced, nausea",Parkinson's
"severe, headache, nausea, light, sensitivity, vomiting, intense, head, pain, fatigue, blurred, vision, throbbing, visual, aura, dizziness, sound",Migraine
"slurred, speech, weakness, paralysis, dizziness, loss, balance, nausea, sudden, numbness, confusion, severe, headache, vision",Stroke
"dizziness, fatigue, sudden, numbness, confusion, severe, headache, vision, loss, tremor, slow, movement, muscle, stiffness, shaking, hands",Stroke
"pain, tremor, slow, movement, muscle, stiffness, shaking, hands, weakness, difficulty, walking, balance, problems, rigid, muscles",Parkinson's
"dizziness, tremor, slow, movement, muscle, stiffness, shaking, hands, throbbing, headache, visual, aura, sensitivity, sound, resting, speech, reduced",Parkinson's
"tremor, slow, movement, muscle, stiffness, shaking, hands, dizziness, sudden, collapse, twitching, loss, awareness, convulsions, staring, spells, body, unconsciousness, headache, seizure, consciousness, jerks, confusion",Epilepsy
"headache, difficulty, walking, balance, problems, rigid, muscles, fatigue, convulsions, staring, spells, body, shaking, unconsciousness",Epilepsy
"language, problems, poor, judgment, memory, impairment, dizziness, facial, drooping, arm, weakness, speech, difficulty, nausea",Dementia
"memory, loss, confusion, difficulty, thinking, disorientation, fatigue, language, problems, poor, judgment, impairment, sudden, numbness, severe, headache, vision, forgetfulness, personality, changes, cognitive, decline",Dementia
"intense, head, pain, vomiting, fatigue, blurred, vision, slurred, speech, weakness, paralysis, dizziness, loss, balance, nausea, sudden, numbness, confusion, severe, headache, facial, drooping, arm, difficulty",Stroke
"fatigue, convulsions, staring, spells, body, shaking, unconsciousness, seizure, loss, consciousness, muscle, jerks, confusion, facial, drooping, arm, weakness, speech, difficulty, nausea",Epilepsy
"sudden, numbness, confusion, severe, headache, vision, loss, slurred, speech, weakness, paralysis, dizziness, balance, seizure, consciousness, muscle, jerks, facial, drooping, arm, difficulty, pain, fatigue",Stroke
"resting, tremor, slow, speech, reduced, movement, language, problems, poor, judgment, memory, impairment, difficulty, walking, balance, rigid, muscles, pain, fatigue, muscle, stiffness, shaking, hands",Parkinson's
"severe, headache, nausea, light, sensitivity, vomiting, intense, head, pain, fatigue, blurred, vision, dizziness, facial, drooping, arm, weakness, speech, difficulty, throbbing, visual, aura, sound",Migraine
"pain, intense, head, vomiting, fatigue, blurred, vision, nausea",Migraine
"sudden, numbness, confusion, severe, headache, vision, loss, fatigue, seizure, consciousness, muscle, jerks, nausea, slurred, speech, weakness, paralysis, dizziness, balance",Stroke
"severe, headache, nausea, light, sensitivity, vomiting, language, problems, poor, judgment, memory, impairment, intense, head, pain, fatigue, blurred, vision, throbbing, visual, aura, dizziness, sound",Migraine
"resting, tremor, slow, speech, reduced, movement, slurred, weakness, paralysis, dizziness, loss, balance, sudden, numbness, confusion, severe, headache, vision, pain, facial, drooping, arm, difficulty",Stroke
"sudden, collapse, twitching, loss, awareness, intense, head, pain, vomiting, fatigue, blurred, vision, convulsions, staring, spells, body, shaking, unconsciousness, nausea, weakness",Epilepsy
"sudden, numbness, confusion, severe, headache, vision, loss, language, problems, poor, judgment, memory, impairment, weakness, nausea",Stroke
"facial, drooping, arm, weakness, speech, difficulty, dizziness, slurred, paralysis, loss, balance, forgetfulness, personality, changes, cognitive, decline, fatigue",Stroke
"dizziness, severe, headache, nausea, light, sensitivity, vomiting, weakness, facial, drooping, arm, speech, difficulty, slurred, paralysis, loss, balance, sudden, numbness, confusion, vision",Stroke
"facial, drooping, arm, weakness, speech, difficulty, slurred, paralysis, dizziness, loss, balance, headache, nausea, sudden, numbness, confusion, severe, vision",Stroke
"slurred, speech, weakness, paralysis, dizziness, loss, balance, sudden, collapse, twitching, awareness, convulsions, staring, spells, body, shaking, unconsciousness, fatigue",Epilepsy
"difficulty, walking, balance, problems, rigid, muscles, tremor, slow, movement, muscle, stiffness, shaking, hands, headache, resting, speech, reduced, pain",Parkinson's
"fatigue, intense, head, pain, vomiting, blurred, vision, convulsions, staring, spells, body, shaking, unconsciousness, dizziness, throbbing, headache, visual, aura, sensitivity, sound",Migraine
"facial, drooping, arm, weakness, speech, difficulty, sudden, numbness, confusion, severe, headache, vision, loss, pain, nausea, light, sensitivity, vomiting, fatigue",Stroke
"language, problems, poor, judgment, memory, impairment, facial, drooping, arm, weakness, speech, difficulty, fatigue, nausea, loss, confusion, thinking, disorientation",Dementia
"dizziness, intense, head, pain, vomiting, fatigue, blurred, vision, slurred, speech, weakness, paralysis, loss, balance",Migraine
"difficulty, walking, balance, problems, rigid, muscles, headache, nausea",Parkinson's
"nausea, sudden, numbness, confusion, severe, headache, vision, loss, dizziness, facial, drooping, arm, weakness, speech, difficulty, throbbing, visual, aura, sensitivity, sound",Stroke
"sudden, collapse, twitching, loss, awareness, headache, nausea, memory, confusion, difficulty, thinking, disorientation, convulsions, staring, spells, body, shaking, unconsciousness",Epilepsy
"forgetfulness, personality, changes, cognitive, decline, weakness, dizziness",Dementia
"weakness, language, problems, poor, judgment, memory, impairment, difficulty, walking, balance, rigid, muscles, dizziness, loss, confusion, thinking, disorientation, forgetfulness, personality, changes, cognitive, decline",Dementia
"convulsions, staring, spells, body, shaking, unconsciousness, facial, drooping, arm, weakness, speech, difficulty, headache, pain",Epilepsy
"forgetfulness, personality, changes, cognitive, decline, weakness, sudden, numbness, confusion, severe, headache, vision, loss, language, problems, poor, judgment, memory, impairment, difficulty, thinking, disorientation, nausea",Dementia
"resting, tremor, slow, speech, reduced, movement, severe, headache, nausea, light, sensitivity, vomiting, dizziness",Migraine
"sudden, collapse, twitching, loss, awareness, convulsions, staring, spells, body, shaking, unconsciousness, slurred, speech, weakness, paralysis, dizziness, balance, headache, pain",Epilepsy
"convulsions, staring, spells, body, shaking, unconsciousness, weakness, seizure, loss, consciousness, muscle, jerks, confusion, tremor, slow, movement, stiffness, hands, nausea, sudden, collapse, twitching, awareness",Epilepsy
"severe, headache, nausea, light, sensitivity, vomiting, fatigue, memory, loss, confusion, difficulty, thinking, disorientation, language, problems, poor, judgment, impairment, forgetfulness, personality, changes, cognitive, decline",Dementia
"nausea, difficulty, walking, balance, problems, rigid, muscles, fatigue, seizure, loss, consciousness, muscle, jerks, confusion, sudden, collapse, twitching, awareness",Epilepsy
"language, problems, poor, judgment, memory, impairment, pain, loss, confusion, difficulty, thinking, disorientation, forgetfulness, personality, changes, cognitive, decline, sudden, collapse, twitching, awareness, weakness",Dementia
"nausea, headache, tremor, slow, movement, muscle, stiffness, shaking, hands, difficulty, walking, balance, problems, rigid, muscles, severe, light, sensitivity, vomiting, resting, speech, reduced",Parkinson's
"seizure, loss, consciousness, muscle, jerks, confusion, forgetfulness, personality, changes, cognitive, decline, fatigue, convulsions, staring, spells, body, shaking, unconsciousness, sudden, collapse, twitching, awareness, pain",Epilepsy
"slurred, speech, weakness, paralysis, dizziness, loss, balance, tremor, slow, movement, muscle, stiffness, shaking, hands, sudden, numbness, confusion, severe, headache, vision, facial, drooping, arm, difficulty, fatigue",Stroke
"forgetfulness, personality, changes, cognitive, decline, headache, convulsions, staring, spells, body, shaking, unconsciousness, fatigue",Dementia
"difficulty, walking, balance, problems, rigid, muscles, resting, tremor, slow, speech, reduced, movement, weakness, muscle, stiffness, shaking, hands, slurred, paralysis, dizziness, loss, nausea",Parkinson's
"throbbing, headache, visual, aura, dizziness, sensitivity, sound, pain, convulsions, staring, spells, body, shaking, unconsciousness, sudden, collapse, twitching, loss, awareness",Epilepsy
"difficulty, walking, balance, problems, rigid, muscles, weakness, facial, drooping, arm, speech, tremor, slow, movement, muscle, stiffness, shaking, hands, fatigue",Parkinson's
"language, problems, poor, judgment, memory, impairment, fatigue, loss, confusion, difficulty, thinking, disorientation, weakness",Dementia
"language, problems, poor, judgment, memory, impairment, dizziness, weakness, intense, head, pain, vomiting, fatigue, blurred, vision",Migraine
"intense, head, pain, vomiting, fatigue, blurred, vision, nausea, language, problems, poor, judgment, memory, impairment",Migraine
"language, problems, poor, judgment, memory, impairment, loss, confusion, difficulty, thinking, disorientation, forgetfulness, personality, changes, cognitive, decline, dizziness, nausea, convulsions, staring, spells, body, shaking, unconsciousness",Dementia
"fatigue, memory, loss, confusion, difficulty, thinking, disorientation, sudden, collapse, twitching, awareness, language, problems, poor, judgment, impairment, forgetfulness, personality, changes, cognitive, decline, pain",Dementia
"facial, drooping, arm, weakness, speech, difficulty, severe, headache, nausea, light, sensitivity, vomiting, throbbing, visual, aura, dizziness, sound",Migraine
"difficulty, walking, balance, problems, rigid, muscles, pain, nausea, language, poor, judgment, memory, impairment",Dementia
"resting, tremor, slow, speech, reduced, movement, weakness, difficulty, walking, balance, problems, rigid, muscles, headache, muscle, stiffness, shaking, hands",Parkinson's
"memory, loss, confusion, difficulty, thinking, disorientation, nausea, intense, head, pain, vomiting, fatigue, blurred, vision, language, problems, poor, judgment, impairment, dizziness",Dementia
"difficulty, walking, balance, problems, rigid, muscles, resting, tremor, slow, speech, reduced, movement, dizziness, muscle, stiffness, shaking, hands, memory, loss, confusion, thinking, disorientation, headache",Parkinson's
"language, problems, poor, judgment, memory, impairment, fatigue, resting, tremor, slow, speech, reduced, movement, loss, confusion, difficulty, thinking, disorientation, forgetfulness, personality, changes, cognitive, decline, dizziness",Dementia
"resting, tremor, slow, speech, reduced, movement, intense, head, pain, vomiting, fatigue, blurred, vision, severe, headache, nausea, light, sensitivity, dizziness, throbbing, visual, aura, sound",Migraine
"fatigue, weakness, tremor, slow, movement, muscle, stiffness, shaking, hands, throbbing, headache, visual, aura, dizziness, sensitivity, sound",Migraine
"sudden, collapse, twitching, loss, awareness, seizure, consciousness, muscle, jerks, confusion, convulsions, staring, spells, body, shaking, unconsciousness, headache, fatigue, memory, difficulty, thinking, disorientation",Epilepsy
"dizziness, sudden, collapse, twitching, loss, awareness, nausea, convulsions, staring, spells, body, shaking, unconsciousness, seizure, consciousness, muscle, jerks, confusion",Epilepsy
"facial, drooping, arm, weakness, speech, difficulty, headache, walking, balance, problems, rigid, muscles, fatigue",Stroke
"memory, loss, confusion, difficulty, thinking, disorientation, dizziness, seizure, consciousness, muscle, jerks, forgetfulness, personality, changes, cognitive, decline, language, problems, poor, judgment, impairment, headache",Dementia
"fatigue, slurred, speech, weakness, paralysis, dizziness, loss, balance, nausea, resting, tremor, slow, reduced, movement",Stroke
"fatigue, facial, drooping, arm, weakness, speech, difficulty, sudden, numbness, confusion, severe, headache, vision, loss, slurred, paralysis, dizziness, balance, collapse, twitching, awareness",Stroke
"pain, tremor, slow, movement, muscle, stiffness, shaking, hands, forgetfulness, personality, changes, cognitive, decline, nausea",Parkinson's
"resting, tremor, slow, speech, reduced, movement, seizure, loss, consciousness, muscle, jerks, confusion, pain, convulsions, staring, spells, body, shaking, unconsciousness, dizziness",Epilepsy
"memory, loss, confusion, difficulty, thinking, disorientation, fatigue, dizziness, forgetfulness, personality, changes, cognitive, decline, language, problems, poor, judgment, impairment",Dementia
"severe, headache, nausea, light, sensitivity, vomiting, dizziness, tremor, slow, movement, muscle, stiffness, shaking, hands, resting, speech, reduced",Parkinson's
"intense, head, pain, vomiting, fatigue, blurred, vision, headache, resting, tremor, slow, speech, reduced, movement, weakness",Parkinson's
"sudden, numbness, confusion, severe, headache, vision, loss, facial, drooping, arm, weakness, speech, difficulty, dizziness, nausea, slurred, paralysis, balance, language, problems, poor, judgment, memory, impairment",Stroke
"language, problems, poor, judgment, memory, impairment, forgetfulness, personality, changes, cognitive, decline, nausea, pain",Dementia
"fatigue, sudden, collapse, twitching, loss, awareness, memory, confusion, difficulty, thinking, disorientation, headache",Epilepsy
"fatigue, intense, head, pain, vomiting, blurred, vision, dizziness, seizure, loss, consciousness, muscle, jerks, confusion, sudden, collapse, twitching, awareness",Epilepsy
"headache, forgetfulness, personality, changes, cognitive, decline, fatigue, facial, drooping, arm, weakness, speech, difficulty, memory, loss, confusion, thinking, disorientation",Dementia
"facial, drooping, arm, weakness, speech, difficulty, tremor, slow, movement, muscle, stiffness, shaking, hands, headache",Stroke
"convulsions, staring, spells, body, shaking, unconsciousness, slurred, speech, weakness, paralysis, dizziness, loss, balance, sudden, numbness, confusion, severe, headache, vision",Stroke
"dizziness, sudden, collapse, twitching, loss, awareness, throbbing, headache, visual, aura, sensitivity, sound, seizure, consciousness, muscle, jerks, confusion, convulsions, staring, spells, body, shaking, unconsciousness, fatigue",Epilepsy
"throbbing, headache, visual, aura, dizziness, sensitivity, sound, intense, head, pain, vomiting, fatigue, blurred, vision, weakness, severe, nausea, light",Migraine
"weakness, pain, severe, headache, nausea, light, sensitivity, vomiting, throbbing, visual, aura, dizziness, sound",Migraine
"pain, throbbing, headache, visual, aura, dizziness, sensitivity, sound, severe, nausea, light, vomiting, intense, head, fatigue, blurred, vision, slurred, speech, weakness, paralysis, loss, balance",Migraine
"difficulty, walking, balance, problems, rigid, muscles, tremor, slow, movement, muscle, stiffness, shaking, hands, severe, headache, nausea, light, sensitivity, vomiting, weakness, fatigue, resting, speech, reduced",Parkinson's
"throbbing, headache, visual, aura, dizziness, sensitivity, sound, seizure, loss, consciousness, muscle, jerks, confusion, intense, head, pain, vomiting, fatigue, blurred, vision",Migraine
"dizziness, pain, memory, loss, confusion, difficulty, thinking, disorientation, severe, headache, nausea, light, sensitivity, vomiting, language, problems, poor, judgment, impairment, forgetfulness, personality, changes, cognitive, decline",Dementia
"headache, fatigue, throbbing, visual, aura, dizziness, sensitivity, sound, severe, nausea, light, vomiting",Migraine
"tremor, slow, movement, muscle, stiffness, shaking, hands, convulsions, staring, spells, body, unconsciousness, fatigue, headache",Parkinson's
"nausea, slurred, speech, weakness, paralysis, dizziness, loss, balance, difficulty, walking, problems, rigid, muscles, sudden, numbness, confusion, severe, headache, vision, facial, drooping, arm, fatigue",Stroke
"sudden, numbness, confusion, severe, headache, vision, loss, dizziness, slurred, speech, weakness, paralysis, balance, language, problems, poor, judgment, memory, impairment, nausea",Stroke
"memory, loss, confusion, difficulty, thinking, disorientation, forgetfulness, personality, changes, cognitive, decline, weakness, language, problems, poor, judgment, impairment, dizziness",Dementia
"memory, loss, confusion, difficulty, thinking, disorientation, language, problems, poor, judgment, impairment, dizziness, slurred, speech, weakness, paralysis, balance, nausea",Dementia
"nausea, facial, drooping, arm, weakness, speech, difficulty, sudden, numbness, confusion, severe, headache, vision, loss, dizziness, slurred, paralysis, balance, language, problems, poor, judgment, memory, impairment",Stroke
"severe, headache, nausea, light, sensitivity, vomiting, fatigue, pain",Migraine
"throbbing, headache, visual, aura, dizziness, sensitivity, sound, nausea, pain, language, problems, poor, judgment, memory, impairment",Dementia
"sudden, numbness, confusion, severe, headache, vision, loss, seizure, consciousness, muscle, jerks, weakness, collapse, twitching, awareness",Epilepsy
"fatigue, sudden, numbness, confusion, severe, headache, vision, loss",Stroke
"pain, nausea, facial, drooping, arm, weakness, speech, difficulty, tremor, slow, movement, muscle, stiffness, shaking, hands",Stroke
"severe, headache, nausea, light, sensitivity, vomiting, fatigue, dizziness, seizure, loss, consciousness, muscle, jerks, confusion",Migraine
"severe, headache, nausea, light, sensitivity, vomiting, fatigue, language, problems, poor, judgment, memory, impairment, pain, intense, head, blurred, vision",Migraine
"fatigue, difficulty, walking, balance, problems, rigid, muscles, resting, tremor, slow, speech, reduced, movement, sudden, numbness, confusion, severe, headache, vision, loss, muscle, stiffness, shaking, hands, dizziness",Parkinson's
"nausea, memory, loss, confusion, difficulty, thinking, disorientation, weakness, seizure, consciousness, muscle, jerks, language, problems, poor, judgment, impairment, forgetfulness, personality, changes, cognitive, decline",Dementia
"difficulty, walking, balance, problems, rigid, muscles, fatigue, dizziness, severe, headache, nausea, light, sensitivity, vomiting, intense, head, pain, blurred, vision",Migraine
"weakness, convulsions, staring, spells, body, shaking, unconsciousness, forgetfulness, personality, changes, cognitive, decline, pain",Dementia
"dizziness, weakness, slurred, speech, paralysis, loss, balance, sudden, numbness, confusion, severe, headache, vision, seizure, consciousness, muscle, jerks",Stroke
"headache, fatigue, intense, head, pain, vomiting, blurred, vision",Migraine
"facial, drooping, arm, weakness, speech, difficulty, sudden, collapse, twitching, loss, awareness, fatigue, headache, convulsions, staring, spells, body, shaking, unconsciousness, seizure, consciousness, muscle, jerks, confusion",Epilepsy
"sudden, numbness, confusion, severe, headache, vision, loss, pain, facial, drooping, arm, weakness, speech, difficulty, nausea",Stroke
"sudden, numbness, confusion, severe, headache, vision, loss, fatigue, weakness",Stroke
"pain, difficulty, walking, balance, problems, rigid, muscles, fatigue, resting, tremor, slow, speech, reduced, movement",Parkinson's
"facial, drooping, arm, weakness, speech, difficulty, sudden, numbness, confusion, severe, headache, vision, loss, language, problems, poor, judgment, memory, impairment, dizziness",Stroke
"headache, facial, drooping, arm, weakness, speech, difficulty, severe, nausea, light, sensitivity, vomiting, fatigue, intense, head, pain, blurred, vision",Migraine
"pain, fatigue, slurred, speech, weakness, paralysis, dizziness, loss, balance, intense, head, vomiting, blurred, vision",Stroke
"nausea, intense, head, pain, vomiting, fatigue, blurred, vision, slurred, speech, weakness, paralysis, dizziness, loss, balance",Migraine
"fatigue, difficulty, walking, balance, problems, rigid, muscles, nausea, resting, tremor, slow, speech, reduced, movement, sudden, numbness, confusion, severe, headache, vision, loss",Parkinson's
"nausea, seizure, loss, consciousness, muscle, jerks, confusion, sudden, collapse, twitching, awareness, forgetfulness, personality, changes, cognitive, decline, fatigue, convulsions, staring, spells, body, shaking, unconsciousness",Epilepsy
"dizziness, pain, sudden, numbness, confusion, severe, headache, vision, loss, resting, tremor, slow, speech, reduced, movement",Stroke
"fatigue, tremor, slow, movement, muscle, stiffness, shaking, hands, resting, speech, reduced, sudden, collapse, twitching, loss, awareness, weakness, difficulty, walking, balance, problems, rigid, muscles",Parkinson's
"headache, weakness, slurred, speech, paralysis, dizziness, loss, balance",Stroke
"fatigue, intense, head, pain, vomiting, blurred, vision, throbbing, headache, visual, aura, dizziness, sensitivity, sound, resting, tremor, slow, speech, reduced, movement, severe, nausea, light",Migraine
"tremor, slow, movement, muscle, stiffness, shaking, hands, difficulty, walking, balance, problems, rigid, muscles, convulsions, staring, spells, body, unconsciousness, resting, speech, reduced, fatigue, dizziness",Parkinson's
"intense, head, pain, vomiting, fatigue, blurred, vision, tremor, slow, movement, muscle, stiffness, shaking, hands, weakness",Parkinson's
"fatigue, throbbing, headache, visual, aura, dizziness, sensitivity, sound, intense, head, pain, vomiting, blurred, vision, severe, nausea, light, convulsions, staring, spells, body, shaking, unconsciousness",Migraine
"resting, tremor, slow, speech, reduced, movement, memory, loss, confusion, difficulty, thinking, disorientation, headache, pain",Dementia
"weakness, severe, headache, nausea, light, sensitivity, vomiting, pain, intense, head, fatigue, blurred, vision, sudden, numbness, confusion, loss, throbbing, visual, aura, dizziness, sound",Migraine
"convulsions, staring, spells, body, shaking, unconsciousness, tremor, slow, movement, muscle, stiffness, hands, dizziness, pain, resting, speech, reduced",Parkinson's
"intense, head, pain, vomiting, fatigue, blurred, vision, convulsions, staring, spells, body, shaking, unconsciousness, headache, throbbing, visual, aura, dizziness, sensitivity, sound",Migraine
"pain, severe, headache, nausea, light, sensitivity, vomiting, weakness, throbbing, visual, aura, dizziness, sound, sudden, numbness, confusion, vision, loss",Migraine
"weakness, dizziness, tremor, slow, movement, muscle, stiffness, shaking, hands, resting, speech, reduced, difficulty, walking, balance, problems, rigid, muscles",Parkinson's
"facial, drooping, arm, weakness, speech, difficulty, slurred, paralysis, dizziness, loss, balance, fatigue, sudden, collapse, twitching, awareness",Stroke
"dizziness, throbbing, headache, visual, aura, sensitivity, sound, sudden, collapse, twitching, loss, awareness, pain, seizure, consciousness, muscle, jerks, confusion",Epilepsy
"severe, headache, nausea, light, sensitivity, vomiting, seizure, loss, consciousness, muscle, jerks, confusion, pain, dizziness",Migraine
"headache, nausea, throbbing, visual, aura, dizziness, sensitivity, sound, tremor, slow, movement, muscle, stiffness, shaking, hands, resting, speech, reduced",Parkinson's
"weakness, throbbing, headache, visual, aura, dizziness, sensitivity, sound, nausea, seizure, loss, consciousness, muscle, jerks, confusion",Epilepsy
"sudden, numbness, confusion, severe, headache, vision, loss, dizziness, facial, drooping, arm, weakness, speech, difficulty, intense, head, pain, vomiting, fatigue, blurred, nausea",Stroke
"weakness, intense, head, pain, vomiting, fatigue, blurred, vision, tremor, slow, movement, muscle, stiffness, shaking, hands, nausea",Migraine
"nausea, sudden, numbness, confusion, severe, headache, vision, loss, facial, drooping, arm, weakness, speech, difficulty, walking, balance, problems, rigid, muscles",Stroke
"dizziness, sudden, numbness, confusion, severe, headache, vision, loss, tremor, slow, movement, muscle, stiffness, shaking, hands, fatigue",Stroke
"seizure, loss, consciousness, muscle, jerks, confusion, nausea, pain",Epilepsy
"fatigue, pain, tremor, slow, movement, muscle, stiffness, shaking, hands, difficulty, walking, balance, problems, rigid, muscles",Parkinson's
"fatigue, severe, headache, nausea, light, sensitivity, vomiting, throbbing, visual, aura, dizziness, sound",Migraine
"intense, head, pain, vomiting, fatigue, blurred, vision, throbbing, headache, visual, aura, dizziness, sensitivity, sound, weakness",Migraine
"difficulty, walking, balance, problems, rigid, muscles, tremor, slow, movement, muscle, stiffness, shaking, hands, dizziness, pain",Parkinson's
"seizure, loss, consciousness, muscle, jerks, confusion, fatigue, forgetfulness, personality, changes, cognitive, decline, weakness",Dementia
"slurred, speech, weakness, paralysis, dizziness, loss, balance, pain, seizure, consciousness, muscle, jerks, confusion, nausea, convulsions, staring, spells, body, shaking, unconsciousness",Epilepsy
"headache, memory, loss, confusion, difficulty, thinking, disorientation, resting, tremor, slow, speech, reduced, movement, forgetfulness, personality, changes, cognitive, decline, pain, language, problems, poor, judgment, impairment",Dementia
"nausea, severe, headache, light, sensitivity, vomiting, pain, forgetfulness, personality, changes, cognitive, decline",Migraine
"weakness, slurred, speech, paralysis, dizziness, loss, balance, seizure, consciousness, muscle, jerks, confusion",Epilepsy
"seizure, loss, consciousness, muscle, jerks, confusion, sudden, collapse, twitching, awareness, pain, resting, tremor, slow, speech, reduced, movement, nausea",Epilepsy
"resting, tremor, slow, speech, reduced, movement, sudden, collapse, twitching, loss, awareness, pain, difficulty, walking, balance, problems, rigid, muscles, nausea, muscle, stiffness, shaking, hands",Parkinson's
"facial, drooping, arm, weakness, speech, difficulty, slurred, paralysis, dizziness, loss, balance, convulsions, staring, spells, body, shaking, unconsciousness, headache, nausea",Stroke
"throbbing, headache, visual, aura, dizziness, sensitivity, sound, sudden, numbness, confusion, severe, vision, loss, intense, head, pain, vomiting, fatigue, blurred, nausea, light",Migraine
"headache, dizziness, intense, head, pain, vomiting, fatigue, blurred, vision, severe, nausea, light, sensitivity, slurred, speech, weakness, paralysis, loss, balance",Migraine
"weakness, severe, headache, nausea, light, sensitivity, vomiting, sudden, collapse, twitching, loss, awareness, seizure, consciousness, muscle, jerks, confusion",Epilepsy
"pain, sudden, collapse, twitching, loss, awareness, memory, confusion, difficulty, thinking, disorientation, weakness, convulsions, staring, spells, body, shaking, unconsciousness",Epilepsy
"fatigue, forgetfulness, personality, changes, cognitive, decline, pain, memory, loss, confusion, difficulty, thinking, disorientation",Dementia
"slurred, speech, weakness, paralysis, dizziness, loss, balance, facial, drooping, arm, difficulty, sudden, numbness, confusion, severe, headache, vision, seizure, consciousness, muscle, jerks",Stroke
"throbbing, headache, visual, aura, dizziness, sensitivity, sound, weakness, intense, head, pain, vomiting, fatigue, blurred, vision, nausea",Migraine
"pain, throbbing, headache, visual, aura, dizziness, sensitivity, sound, severe, nausea, light, vomiting, tremor, slow, movement, muscle, stiffness, shaking, hands",Migraine
"resting, tremor, slow, speech, reduced, movement, weakness, headache, convulsions, staring, spells, body, shaking, unconsciousness",Parkinson's
"facial, drooping, arm, weakness, speech, difficulty, pain, tremor, slow, movement, muscle, stiffness, shaking, hands, headache",Stroke
"sudden, collapse, twitching, loss, awareness, headache, seizure, consciousness, muscle, jerks, confusion, convulsions, staring, spells, body, shaking, unconsciousness, memory, difficulty, thinking, disorientation, fatigue",Epilepsy
"fatigue, slurred, speech, weakness, paralysis, dizziness, loss, balance, sudden, numbness, confusion, severe, headache, vision, facial, drooping, arm, difficulty",Stroke
"facial, drooping, arm, weakness, speech, difficulty, sudden, numbness, confusion, severe, headache, vision, loss, convulsions, staring, spells, body, shaking, unconsciousness, fatigue, dizziness",Stroke
"nausea, intense, head, pain, vomiting, fatigue, blurred, vision, severe, headache, light, sensitivity, sudden, collapse, twitching, loss, awareness, throbbing, visual, aura, dizziness, sound",Migraine
"seizure, loss, consciousness, muscle, jerks, confusion, dizziness, language, problems, poor, judgment, memory, impairment, nausea",Dementia
"sudden, numbness, confusion, severe, headache, vision, loss, dizziness, slurred, speech, weakness, paralysis, balance, facial, drooping, arm, difficulty",Stroke
"weakness, language, problems, poor, judgment, memory, impairment, forgetfulness, personality, changes, cognitive, decline, loss, confusion, difficulty, thinking, disorientation, pain",Dementia
"forgetfulness, personality, changes, cognitive, decline, resting, tremor, slow, speech, reduced, movement, weakness, fatigue",Parkinson's
"sudden, collapse, twitching, loss, awareness, intense, head, pain, vomiting, fatigue, blurred, vision, headache, nausea",Epilepsy
"severe, headache, nausea, light, sensitivity, vomiting, sudden, collapse, twitching, loss, awareness, throbbing, visual, aura, dizziness, sound, fatigue, intense, head, pain, blurred, vision",Migraine
"pain, sudden, collapse, twitching, loss, awareness, weakness, throbbing, headache, visual, aura, dizziness, sensitivity, sound",Migraine
"weakness, sudden, numbness, confusion, severe, headache, vision, loss, memory, difficulty, thinking, disorientation",Dementia
"throbbing, headache, visual, aura, dizziness, sensitivity, sound, weakness, seizure, loss, consciousness, muscle, jerks, confusion",Epilepsy
"facial, drooping, arm, weakness, speech, difficulty, slurred, paralysis, dizziness, loss, balance, sudden, numbness, confusion, severe, headache, vision",Stroke
"facial, drooping, arm, weakness, speech, difficulty, slurred, paralysis, dizziness, loss, balance, pain, language, problems, poor, judgment, memory, impairment",Stroke
"headache, sudden, collapse, twitching, loss, awareness, severe, nausea, light, sensitivity, vomiting, fatigue",Migraine
"resting, tremor, slow, speech, reduced, movement, slurred, weakness, paralysis, dizziness, loss, balance, pain",Stroke
"forgetfulness, personality, changes, cognitive, decline, memory, loss, confusion, difficulty, thinking, disorientation, language, problems, poor, judgment, impairment, fatigue, nausea, seizure, consciousness, muscle, jerks",Dementia
"convulsions, staring, spells, body, shaking, unconsciousness, pain, seizure, loss, consciousness, muscle, jerks, confusion, weakness, slurred, speech, paralysis, dizziness, balance",Epilepsy
"facial, drooping, arm, weakness, speech, difficulty, headache, slurred, paralysis, dizziness, loss, balance, convulsions, staring, spells, body, shaking, unconsciousness",Stroke
"language, problems, poor, judgment, memory, impairment, headache, pain, loss, confusion, difficulty, thinking, disorientation, convulsions, staring, spells, body, shaking, unconsciousness, forgetfulness, personality, changes, cognitive, decline",Dementia
"intense, head, pain, vomiting, fatigue, blurred, vision, nausea, severe, headache, light, sensitivity, dizziness, difficulty, walking, balance, problems, rigid, muscles",Migraine
"fatigue, intense, head, pain, vomiting, blurred, vision, throbbing, headache, visual, aura, dizziness, sensitivity, sound, severe, nausea, light",Migraine
"seizure, loss, consciousness, muscle, jerks, confusion, fatigue, convulsions, staring, spells, body, shaking, unconsciousness, headache",Epilepsy
"tremor, slow, movement, muscle, stiffness, shaking, hands, difficulty, walking, balance, problems, rigid, muscles, memory, loss, confusion, thinking, disorientation, weakness, pain",Parkinson's
"difficulty, walking, balance, problems, rigid, muscles, slurred, speech, weakness, paralysis, dizziness, loss, nausea, resting, tremor, slow, reduced, movement, pain",Parkinson's
"convulsions, staring, spells, body, shaking, unconsciousness, nausea, pain",Epilepsy
"severe, headache, nausea, light, sensitivity, vomiting, tremor, slow, movement, muscle, stiffness, shaking, hands, weakness, dizziness, throbbing, visual, aura, sound",Migraine
"weakness, facial, drooping, arm, speech, difficulty, sudden, numbness, confusion, severe, headache, vision, loss, pain",Stroke
"fatigue, sudden, collapse, twitching, loss, awareness, pain, convulsions, staring, spells, body, shaking, unconsciousness, seizure, consciousness, muscle, jerks, confusion",Epilepsy
"weakness, memory, loss, confusion, difficulty, thinking, disorientation, language, problems, poor, judgment, impairment, headache, forgetfulness, personality, changes, cognitive, decline",Dementia
"slurred, speech, weakness, paralysis, dizziness, loss, balance, pain",Stroke
"headache, slurred, speech, weakness, paralysis, dizziness, loss, balance, sudden, numbness, confusion, severe, vision",Stroke
"slurred, speech, weakness, paralysis, dizziness, loss, balance, facial, drooping, arm, difficulty, nausea, convulsions, staring, spells, body, shaking, unconsciousness, sudden, numbness, confusion, severe, headache, vision",Stroke
"sudden, collapse, twitching, loss, awareness, nausea, convulsions, staring, spells, body, shaking, unconsciousness, tremor, slow, movement, muscle, stiffness, hands, pain",Epilepsy
"language, problems, poor, judgment, memory, impairment, headache, sudden, numbness, confusion, severe, vision, loss, nausea",Stroke
"language, problems, poor, judgment, memory, impairment, fatigue, pain, seizure, loss, consciousness, muscle, jerks, confusion",Epilepsy
"dizziness, forgetfulness, personality, changes, cognitive, decline, weakness, throbbing, headache, visual, aura, sensitivity, sound",Migraine
"resting, tremor, slow, speech, reduced, movement, nausea, difficulty, walking, balance, problems, rigid, muscles, muscle, stiffness, shaking, hands, weakness",Parkinson's
"seizure, loss, consciousness, muscle, jerks, confusion, pain, nausea, slurred, speech, weakness, paralysis, dizziness, balance",Epilepsy
"dizziness, intense, head, pain, vomiting, fatigue, blurred, vision, severe, headache, nausea, light, sensitivity, weakness",Migraine
"sudden, numbness, confusion, severe, headache, vision, loss, facial, drooping, arm, weakness, speech, difficulty, nausea, light, sensitivity, vomiting, slurred, paralysis, dizziness, balance",Stroke
"weakness, language, problems, poor, judgment, memory, impairment, fatigue, difficulty, walking, balance, rigid, muscles",Parkinson's
"seizure, loss, consciousness, muscle, jerks, confusion, convulsions, staring, spells, body, shaking, unconsciousness, sudden, collapse, twitching, awareness, pain, weakness",Epilepsy
"tremor, slow, movement, muscle, stiffness, shaking, hands, resting, speech, reduced, pain, facial, drooping, arm, weakness, difficulty, fatigue",Parkinson's
"throbbing, headache, visual, aura, dizziness, sensitivity, sound, convulsions, staring, spells, body, shaking, unconsciousness, fatigue",Migraine
"dizziness, weakness, memory, loss, confusion, difficulty, thinking, disorientation, walking, balance, problems, rigid, muscles, tremor, slow, movement, muscle, stiffness, shaking, hands",Parkinson's
"memory, loss, confusion, difficulty, thinking, disorientation, dizziness, fatigue, intense, head, pain, vomiting, blurred, vision, forgetfulness, personality, changes, cognitive, decline",Dementia
"weakness, tremor, slow, movement, muscle, stiffness, shaking, hands, resting, speech, reduced, difficulty, walking, balance, problems, rigid, muscles, pain, slurred, paralysis, dizziness, loss",Parkinson's
"language, problems, poor, judgment, memory, impairment, sudden, numbness, confusion, severe, headache, vision, loss, weakness, facial, drooping, arm, speech, difficulty",Stroke
"throbbing, headache, visual, aura, dizziness, sensitivity, sound, slurred, speech, weakness, paralysis, loss, balance, fatigue, sudden, numbness, confusion, severe, vision, facial, drooping, arm, difficulty",Stroke
"facial, drooping, arm, weakness, speech, difficulty, dizziness, sudden, numbness, confusion, severe, headache, vision, loss",Stroke
"sudden, numbness, confusion, severe, headache, vision, loss, convulsions, staring, spells, body, shaking, unconsciousness, nausea, facial, drooping, arm, weakness, speech, difficulty",Stroke
"nausea, memory, loss, confusion, difficulty, thinking, disorientation, forgetfulness, personality, changes, cognitive, decline, sudden, numbness, severe, headache, vision, language, problems, poor, judgment, impairment, dizziness",Dementia
"convulsions, staring, spells, body, shaking, unconsciousness, tremor, slow, movement, muscle, stiffness, hands, dizziness, fatigue",Epilepsy
"headache, seizure, loss, consciousness, muscle, jerks, confusion, fatigue, intense, head, pain, vomiting, blurred, vision, throbbing, visual, aura, dizziness, sensitivity, sound",Migraine
"weakness, sudden, collapse, twitching, loss, awareness, difficulty, walking, balance, problems, rigid, muscles, pain, seizure, consciousness, muscle, jerks, confusion",Epilepsy
"severe, headache, nausea, light, sensitivity, vomiting, convulsions, staring, spells, body, shaking, unconsciousness, fatigue, intense, head, pain, blurred, vision, throbbing, visual, aura, dizziness, sound",Migraine
"headache, intense, head, pain, vomiting, fatigue, blurred, vision, nausea, throbbing, visual, aura, dizziness, sensitivity, sound, difficulty, walking, balance, problems, rigid, muscles",Migraine
"dizziness, weakness, throbbing, headache, visual, aura, sensitivity, sound, severe, nausea, light, vomiting, intense, head, pain, fatigue, blurred, vision",Migraine
"slurred, speech, weakness, paralysis, dizziness, loss, balance, facial, drooping, arm, difficulty, sudden, numbness, confusion, severe, headache, vision, tremor, slow, movement, muscle, stiffness, shaking, hands, nausea",Stroke
"tremor, slow, movement, muscle, stiffness, shaking, hands, severe, headache, nausea, light, sensitivity, vomiting, resting, speech, reduced, fatigue",Parkinson's
"fatigue, sudden, numbness, confusion, severe, headache, vision, loss, nausea, slurred, speech, weakness, paralysis, dizziness, balance",Stroke
"weakness, throbbing, headache, visual, aura, dizziness, sensitivity, sound, intense, head, pain, vomiting, fatigue, blurred, vision, severe, nausea, light, slurred, speech, paralysis, loss, balance",Migraine
"nausea, dizziness, severe, headache, light, sensitivity, vomiting, tremor, slow, movement, muscle, stiffness, shaking, hands",Parkinson's
"weakness, pain, sudden, numbness, confusion, severe, headache, vision, loss, facial, drooping, arm, speech, difficulty, walking, balance, problems, rigid, muscles, slurred, paralysis, dizziness",Stroke
"severe, headache, nausea, light, sensitivity, vomiting, pain, weakness, sudden, numbness, confusion, vision, loss",Stroke
"nausea, facial, drooping, arm, weakness, speech, difficulty, seizure, loss, consciousness, muscle, jerks, confusion, fatigue, slurred, paralysis, dizziness, balance",Stroke
"fatigue, tremor, slow, movement, muscle, stiffness, shaking, hands, facial, drooping, arm, weakness, speech, difficulty, nausea",Stroke
"convulsions, staring, spells, body, shaking, unconsciousness, dizziness, nausea, seizure, loss, consciousness, muscle, jerks, confusion, tremor, slow, movement, stiffness, hands",Epilepsy
"nausea, pain, tremor, slow, movement, muscle, stiffness, shaking, hands, convulsions, staring, spells, body, unconsciousness, seizure, loss, consciousness, jerks, confusion",Epilepsy
"tremor, slow, movement, muscle, stiffness, shaking, hands, resting, speech, reduced, severe, headache, nausea, light, sensitivity, vomiting, pain",Parkinson's
"fatigue, seizure, loss, consciousness, muscle, jerks, confusion, nausea, difficulty, walking, balance, problems, rigid, muscles, sudden, collapse, twitching, awareness",Epilepsy
"nausea, slurred, speech, weakness, paralysis, dizziness, loss, balance, sudden, numbness, confusion, severe, headache, vision, intense, head, pain, vomiting, fatigue, blurred, facial, drooping, arm, difficulty",Stroke
"slurred, speech, weakness, paralysis, dizziness, loss, balance, fatigue, language, problems, poor, judgment, memory, impairment",Dementia
"slurred, speech, weakness, paralysis, dizziness, loss, balance, nausea, tremor, slow, movement, muscle, stiffness, shaking, hands, fatigue, sudden, numbness, confusion, severe, headache, vision",Stroke
"sudden, numbness, confusion, severe, headache, vision, loss, pain, nausea, light, sensitivity, vomiting",Stroke
"sudden, numbness, confusion, severe, headache, vision, loss, facial, drooping, arm, weakness, speech, difficulty, fatigue, seizure, consciousness, muscle, jerks, slurred, paralysis, dizziness, balance",Stroke
"headache, tremor, slow, movement, muscle, stiffness, shaking, hands, facial, drooping, arm, weakness, speech, difficulty, slurred, paralysis, dizziness, loss, balance",Stroke
"dizziness, memory, loss, confusion, difficulty, thinking, disorientation, nausea, intense, head, pain, vomiting, fatigue, blurred, vision, throbbing, headache, visual, aura, sensitivity, sound",Migraine
"severe, headache, nausea, light, sensitivity, vomiting, pain, difficulty, walking, balance, problems, rigid, muscles, resting, tremor, slow, speech, reduced, movement",Parkinson's
"nausea, sudden, collapse, twitching, loss, awareness, convulsions, staring, spells, body, shaking, unconsciousness, difficulty, walking, balance, problems, rigid, muscles, dizziness",Epilepsy
"throbbing, headache, visual, aura, dizziness, sensitivity, sound, slurred, speech, weakness, paralysis, loss, balance, pain, facial, drooping, arm, difficulty",Stroke
"weakness, language, problems, poor, judgment, memory, impairment, headache, convulsions, staring, spells, body, shaking, unconsciousness",Epilepsy
"nausea, sudden, numbness, confusion, severe, headache, vision, loss, pain, resting, tremor, slow, speech, reduced, movement",Stroke
"convulsions, staring, spells, body, shaking, unconsciousness, sudden, collapse, twitching, loss, awareness, fatigue, difficulty, walking, balance, problems, rigid, muscles, dizziness, seizure, consciousness, muscle, jerks, confusion",Epilepsy
"intense, head, pain, vomiting, fatigue, blurred, vision, slurred, speech, weakness, paralysis, dizziness, loss, balance, facial, drooping, arm, difficulty, sudden, numbness, confusion, severe, headache",Stroke
"convulsions, staring, spells, body, shaking, unconsciousness, nausea, memory, loss, confusion, difficulty, thinking, disorientation, fatigue",Dementia
"memory, loss, confusion, difficulty, thinking, disorientation, throbbing, headache, visual, aura, dizziness, sensitivity, sound, nausea",Migraine
"dizziness, throbbing, headache, visual, aura, sensitivity, sound, nausea, convulsions, staring, spells, body, shaking, unconsciousness, sudden, collapse, twitching, loss, awareness",Epilepsy
"difficulty, walking, balance, problems, rigid, muscles, dizziness, fatigue, resting, tremor, slow, speech, reduced, movement, muscle, stiffness, shaking, hands, forgetfulness, personality, changes, cognitive, decline",Parkinson's
"weakness, slurred, speech, paralysis, dizziness, loss, balance, fatigue, severe, headache, nausea, light, sensitivity, vomiting, throbbing, visual, aura, sound, intense, head, pain, blurred, vision",Migraine
"dizziness, throbbing, headache, visual, aura, sensitivity, sound, pain, sudden, numbness, confusion, severe, vision, loss",Stroke
"sudden, numbness, confusion, severe, headache, vision, loss, dizziness, fatigue, collapse, twitching, awareness, convulsions, staring, spells, body, shaking, unconsciousness",Epilepsy
"dizziness, memory, loss, confusion, difficulty, thinking, disorientation, tremor, slow, movement, muscle, stiffness, shaking, hands, weakness",Parkinson's
"weakness, sudden, numbness, confusion, severe, headache, vision, loss, dizziness, facial, drooping, arm, speech, difficulty, nausea, light, sensitivity, vomiting",Stroke
"seizure, loss, consciousness, muscle, jerks, confusion, pain, fatigue",Epilepsy
"forgetfulness, personality, changes, cognitive, decline, sudden, collapse, twitching, loss, awareness, dizziness, weakness, convulsions, staring, spells, body, shaking, unconsciousness, seizure, consciousness, muscle, jerks, confusion",Epilepsy
"headache, sudden, numbness, confusion, severe, vision, loss, nausea, language, problems, poor, judgment, memory, impairment, facial, drooping, arm, weakness, speech, difficulty",Stroke
"sudden, numbness, confusion, severe, headache, vision, loss, weakness, nausea, tremor, slow, movement, muscle, stiffness, shaking, hands",Parkinson's
"headache, memory, loss, confusion, difficulty, thinking, disorientation, nausea, language, problems, poor, judgment, impairment, seizure, consciousness, muscle, jerks, forgetfulness, personality, changes, cognitive, decline",Dementia
"weakness, difficulty, walking, balance, problems, rigid, muscles, headache, sudden, numbness, confusion, severe, vision, loss",Stroke
"facial, drooping, arm, weakness, speech, difficulty, slurred, paralysis, dizziness, loss, balance, sudden, numbness, confusion, severe, headache, vision, fatigue",Stroke
"facial, drooping, arm, weakness, speech, difficulty, pain, sudden, numbness, confusion, severe, headache, vision, loss, fatigue, forgetfulness, personality, changes, cognitive, decline",Stroke
"tremor, slow, movement, muscle, stiffness, shaking, hands, nausea, difficulty, walking, balance, problems, rigid, muscles, dizziness, resting, speech, reduced, severe, headache, light, sensitivity, vomiting",Parkinson's
"dizziness, resting, tremor, slow, speech, reduced, movement, pain",Parkinson's
"forgetfulness, personality, changes, cognitive, decline, language, problems, poor, judgment, memory, impairment, pain, nausea, loss, confusion, difficulty, thinking, disorientation, severe, headache, light, sensitivity, vomiting",Dementia
"resting, tremor, slow, speech, reduced, movement, dizziness, facial, drooping, arm, weakness, difficulty, pain, slurred, paralysis, loss, balance",Stroke
"memory, loss, confusion, difficulty, thinking, disorientation, seizure, consciousness, muscle, jerks, sudden, collapse, twitching, awareness, pain, convulsions, staring, spells, body, shaking, unconsciousness, dizziness",Epilepsy
"convulsions, staring, spells, body, shaking, unconsciousness, resting, tremor, slow, speech, reduced, movement, nausea, pain",Epilepsy
"fatigue, forgetfulness, personality, changes, cognitive, decline, slurred, speech, weakness, paralysis, dizziness, loss, balance, facial, drooping, arm, difficulty, sudden, numbness, confusion, severe, headache, vision",Stroke
"headache, throbbing, visual, aura, dizziness, sensitivity, sound, sudden, numbness, confusion, severe, vision, loss, intense, head, pain, vomiting, fatigue, blurred",Migraine
"weakness, fatigue, facial, drooping, arm, speech, difficulty, throbbing, headache, visual, aura, dizziness, sensitivity, sound",Stroke
"sudden, numbness, confusion, severe, headache, vision, loss, slurred, speech, weakness, paralysis, dizziness, balance, convulsions, staring, spells, body, shaking, unconsciousness",Stroke
"convulsions, staring, spells, body, shaking, unconsciousness, sudden, numbness, confusion, severe, headache, vision, loss, facial, drooping, arm, weakness, speech, difficulty, pain, nausea, slurred, paralysis, dizziness, balance",Stroke
"nausea, tremor, slow, movement, muscle, stiffness, shaking, hands, fatigue",Parkinson's
"pain, difficulty, walking, balance, problems, rigid, muscles, fatigue, resting, tremor, slow, speech, reduced, movement, memory, loss, confusion, thinking, disorientation, muscle, stiffness, shaking, hands",Parkinson's
"pain, difficulty, walking, balance, problems, rigid, muscles, resting, tremor, slow, speech, reduced, movement, throbbing, headache, visual, aura, dizziness, sensitivity, sound",Parkinson's
"headache, pain, resting, tremor, slow, speech, reduced, movement, muscle, stiffness, shaking, hands, difficulty, walking, balance, problems, rigid, muscles",Parkinson's
"headache, throbbing, visual, aura, dizziness, sensitivity, sound, pain, facial, drooping, arm, weakness, speech, difficulty",Migraine
"weakness, headache, throbbing, visual, aura, dizziness, sensitivity, sound, seizure, loss, consciousness, muscle, jerks, confusion",Epilepsy
"tremor, slow, movement, muscle, stiffness, shaking, hands, resting, speech, reduced, fatigue, difficulty, walking, balance, problems, rigid, muscles, memory, loss, confusion, thinking, disorientation, dizziness",Parkinson's
"resting, tremor, slow, speech, reduced, movement, muscle, stiffness, shaking, hands, severe, headache, nausea, light, sensitivity, vomiting, difficulty, walking, balance, problems, rigid, muscles, dizziness, fatigue",Parkinson's
"convulsions, staring, spells, body, shaking, unconsciousness, nausea, sudden, collapse, twitching, loss, awareness, fatigue, forgetfulness, personality, changes, cognitive, decline, seizure, consciousness, muscle, jerks, confusion",Epilepsy
"nausea, forgetfulness, personality, changes, cognitive, decline, headache, language, problems, poor, judgment, memory, impairment",Dementia
"pain, headache, throbbing, visual, aura, dizziness, sensitivity, sound, sudden, numbness, confusion, severe, vision, loss",Stroke
"throbbing, headache, visual, aura, dizziness, sensitivity, sound, fatigue, sudden, numbness, confusion, severe, vision, loss, slurred, speech, weakness, paralysis, balance",Stroke
"headache, tremor, slow, movement, muscle, stiffness, shaking, hands, resting, speech, reduced, pain, difficulty, walking, balance, problems, rigid, muscles",Parkinson's
"fatigue, sudden, collapse, twitching, loss, awareness, convulsions, staring, spells, body, shaking, unconsciousness, seizure, consciousness, muscle, jerks, confusion, severe, headache, nausea, light, sensitivity, vomiting, weakness",Epilepsy
"headache, nausea, severe, light, sensitivity, vomiting, memory, loss, confusion, difficulty, thinking, disorientation",Migraine
"tremor, slow, movement, muscle, stiffness, shaking, hands, weakness, resting, speech, reduced, difficulty, walking, balance, problems, rigid, muscles, headache, sudden, collapse, twitching, loss, awareness",Parkinson's
"memory, loss, confusion, difficulty, thinking, disorientation, intense, head, pain, vomiting, fatigue, blurred, vision, severe, headache, nausea, light, sensitivity, weakness",Migraine
"fatigue, forgetfulness, personality, changes, cognitive, decline, nausea, convulsions, staring, spells, body, shaking, unconsciousness, sudden, collapse, twitching, loss, awareness",Epilepsy
"sudden, numbness, confusion, severe, headache, vision, loss, weakness",Stroke
"nausea, pain, throbbing, headache, visual, aura, dizziness, sensitivity, sound, memory, loss, confusion, difficulty, thinking, disorientation, forgetfulness, personality, changes, cognitive, decline, language, problems, poor, judgment, impairment",Dementia
"fatigue, severe, headache, nausea, light, sensitivity, vomiting, throbbing, visual, aura, dizziness, sound, intense, head, pain, blurred, vision",Migraine
"throbbing, headache, visual, aura, dizziness, sensitivity, sound, nausea, convulsions, staring, spells, body, shaking, unconsciousness",Epilepsy
"resting, tremor, slow, speech, reduced, movement, dizziness, forgetfulness, personality, changes, cognitive, decline, headache, muscle, stiffness, shaking, hands, difficulty, walking, balance, problems, rigid, muscles",Parkinson's
"sudden, collapse, twitching, loss, awareness, dizziness, tremor, slow, movement, muscle, stiffness, shaking, hands, convulsions, staring, spells, body, unconsciousness, fatigue",Epilepsy
"fatigue, language, problems, poor, judgment, memory, impairment, headache, slurred, speech, weakness, paralysis, dizziness, loss, balance",Stroke
"nausea, facial, drooping, arm, weakness, speech, difficulty, headache, sudden, collapse, twitching, loss, awareness",Epilepsy
"nausea, language, problems, poor, judgment, memory, impairment, loss, confusion, difficulty, thinking, disorientation, sudden, collapse, twitching, awareness, headache",Dementia
"intense, head, pain, vomiting, fatigue, blurred, vision, tremor, slow, movement, muscle, stiffness, shaking, hands, throbbing, headache, visual, aura, dizziness, sensitivity, sound, severe, nausea, light",Migraine
"throbbing, headache, visual, aura, dizziness, sensitivity, sound, pain, severe, nausea, light, vomiting, intense, head, fatigue, blurred, vision, weakness",Migraine
"memory, loss, confusion, difficulty, thinking, disorientation, dizziness, sudden, numbness, severe, headache, vision, language, problems, poor, judgment, impairment, forgetfulness, personality, changes, cognitive, decline, fatigue",Dementia
"intense, head, pain, vomiting, fatigue, blurred, vision, severe, headache, nausea, light, sensitivity, dizziness, throbbing, visual, aura, sound",Migraine
"pain, slurred, speech, weakness, paralysis, dizziness, loss, balance, facial, drooping, arm, difficulty, sudden, numbness, confusion, severe, headache, vision",Stroke
"memory, loss, confusion, difficulty, thinking, disorientation, nausea, walking, balance, problems, rigid, muscles, language, poor, judgment, impairment, forgetfulness, personality, changes, cognitive, decline, weakness",Dementia
"pain, slurred, speech, weakness, paralysis, dizziness, loss, balance, nausea, convulsions, staring, spells, body, shaking, unconsciousness",Epilepsy
"throbbing, headache, visual, aura, dizziness, sensitivity, sound, weakness, forgetfulness, personality, changes, cognitive, decline, memory, loss, confusion, difficulty, thinking, disorientation, fatigue",Dementia
"weakness, difficulty, walking, balance, problems, rigid, muscles, convulsions, staring, spells, body, shaking, unconsciousness, fatigue, resting, tremor, slow, speech, reduced, movement",Parkinson's
"dizziness, sudden, collapse, twitching, loss, awareness, forgetfulness, personality, changes, cognitive, decline, convulsions, staring, spells, body, shaking, unconsciousness, seizure, consciousness, muscle, jerks, confusion, weakness",Epilepsy
"sudden, collapse, twitching, loss, awareness, dizziness, language, problems, poor, judgment, memory, impairment, weakness",Epilepsy
"forgetfulness, personality, changes, cognitive, decline, language, problems, poor, judgment, memory, impairment, intense, head, pain, vomiting, fatigue, blurred, vision, nausea, headache",Dementia
"fatigue, pain, memory, loss, confusion, difficulty, thinking, disorientation",Dementia
"memory, loss, confusion, difficulty, thinking, disorientation, pain, language, problems, poor, judgment, impairment, forgetfulness, personality, changes, cognitive, decline, dizziness",Dementia
"fatigue, intense, head, pain, vomiting, blurred, vision, headache, difficulty, walking, balance, problems, rigid, muscles",Parkinson's
"throbbing, headache, visual, aura, dizziness, sensitivity, sound, slurred, speech, weakness, paralysis, loss, balance, pain, severe, nausea, light, vomiting",Migraine
"headache, nausea, slurred, speech, weakness, paralysis, dizziness, loss, balance, facial, drooping, arm, difficulty",Stroke
"pain, language, problems, poor, judgment, memory, impairment, dizziness, forgetfulness, personality, changes, cognitive, decline, loss, confusion, difficulty, thinking, disorientation",Dementia
"sudden, collapse, twitching, loss, awareness, nausea, language, problems, poor, judgment, memory, impairment, convulsions, staring, spells, body, shaking, unconsciousness, headache",Epilepsy
"weakness, tremor, slow, movement, muscle, stiffness, shaking, hands, difficulty, walking, balance, problems, rigid, muscles, throbbing, headache, visual, aura, dizziness, sensitivity, sound",Parkinson's
"facial, drooping, arm, weakness, speech, difficulty, dizziness, seizure, loss, consciousness, muscle, jerks, confusion, slurred, paralysis, balance, sudden, numbness, severe, headache, vision, fatigue",Stroke
"intense, head, pain, vomiting, fatigue, blurred, vision, weakness, throbbing, headache, visual, aura, dizziness, sensitivity, sound, severe, nausea, light, convulsions, staring, spells, body, shaking, unconsciousness",Migraine
"convulsions, staring, spells, body, shaking, unconsciousness, weakness, sudden, numbness, confusion, severe, headache, vision, loss, slurred, speech, paralysis, dizziness, balance",Stroke
"facial, drooping, arm, weakness, speech, difficulty, severe, headache, nausea, light, sensitivity, vomiting",Migraine
"resting, tremor, slow, speech, reduced, movement, weakness, convulsions, staring, spells, body, shaking, unconsciousness, seizure, loss, consciousness, muscle, jerks, confusion, pain",Epilepsy
"weakness, headache, difficulty, walking, balance, problems, rigid, muscles, tremor, slow, movement, muscle, stiffness, shaking, hands, resting, speech, reduced, memory, loss, confusion, thinking, disorientation",Parkinson's
"resting, tremor, slow, speech, reduced, movement, dizziness, headache",Parkinson's
"language, problems, poor, judgment, memory, impairment, forgetfulness, personality, changes, cognitive, decline, headache, pain, loss, confusion, difficulty, thinking, disorientation",Dementia
"sudden, numbness, confusion, severe, headache, vision, loss, pain, weakness, facial, drooping, arm, speech, difficulty, convulsions, staring, spells, body, shaking, unconsciousness, slurred, paralysis, dizziness, balance",Stroke
"sudden, collapse, twitching, loss, awareness, difficulty, walking, balance, problems, rigid, muscles, dizziness, headache",Epilepsy
"tremor, slow, movement, muscle, stiffness, shaking, hands, headache, resting, speech, reduced, nausea, memory, loss, confusion, difficulty, thinking, disorientation",Parkinson's
"weakness, slurred, speech, paralysis, dizziness, loss, balance",Stroke
"headache, severe, nausea, light, sensitivity, vomiting, sudden, collapse, twitching, loss, awareness, weakness, throbbing, visual, aura, dizziness, sound",Migraine
"throbbing, headache, visual, aura, dizziness, sensitivity, sound, fatigue, weakness, intense, head, pain, vomiting, blurred, vision, tremor, slow, movement, muscle, stiffness, shaking, hands",Migraine
"throbbing, headache, visual, aura, dizziness, sensitivity, sound, seizure, loss, consciousness, muscle, jerks, confusion, weakness",Epilepsy
"language, problems, poor, judgment, memory, impairment, dizziness, nausea, loss, confusion, difficulty, thinking, disorientation, forgetfulness, personality, changes, cognitive, decline",Dementia
"intense, head, pain, vomiting, fatigue, blurred, vision, dizziness, headache, difficulty, walking, balance, problems, rigid, muscles",Parkinson's
"nausea, pain, throbbing, headache, visual, aura, dizziness, sensitivity, sound, resting, tremor, slow, speech, reduced, movement, difficulty, walking, balance, problems, rigid, muscles",Parkinson's
"convulsions, staring, spells, body, shaking, unconsciousness, pain, intense, head, vomiting, fatigue, blurred, vision, nausea, sudden, collapse, twitching, loss, awareness",Epilepsy
"fatigue, sudden, numbness, confusion, severe, headache, vision, loss",Stroke
"pain, sudden, numbness, confusion, severe, headache, vision, loss, slurred, speech, weakness, paralysis, dizziness, balance",Stroke
"seizure, loss, consciousness, muscle, jerks, confusion, language, problems, poor, judgment, memory, impairment, nausea, forgetfulness, personality, changes, cognitive, decline, weakness",Dementia
"headache, tremor, slow, movement, muscle, stiffness, shaking, hands, resting, speech, reduced, throbbing, visual, aura, dizziness, sensitivity, sound, difficulty, walking, balance, problems, rigid, muscles",Parkinson's
"nausea, sudden, numbness, confusion, severe, headache, vision, loss, difficulty, walking, balance, problems, rigid, muscles, facial, drooping, arm, weakness, speech, dizziness",Stroke
"severe, headache, nausea, light, sensitivity, vomiting, weakness",Migraine
"sudden, collapse, twitching, loss, awareness, headache, seizure, consciousness, muscle, jerks, confusion, pain, convulsions, staring, spells, body, shaking, unconsciousness, resting, tremor, slow, speech, reduced, movement",Epilepsy
"memory, loss, confusion, difficulty, thinking, disorientation, sudden, numbness, severe, headache, vision, nausea, fatigue, language, problems, poor, judgment, impairment, forgetfulness, personality, changes, cognitive, decline",Dementia
"weakness, sudden, collapse, twitching, loss, awareness, throbbing, headache, visual, aura, dizziness, sensitivity, sound, convulsions, staring, spells, body, shaking, unconsciousness, seizure, consciousness, muscle, jerks, confusion, pain",Epilepsy
"headache, intense, head, pain, vomiting, fatigue, blurred, vision, dizziness, convulsions, staring, spells, body, shaking, unconsciousness, seizure, loss, consciousness, muscle, jerks, confusion, sudden, collapse, twitching, awareness",Epilepsy
"dizziness, language, problems, poor, judgment, memory, impairment, headache, throbbing, visual, aura, sensitivity, sound",Migraine
"sudden, collapse, twitching, loss, awareness, headache, slurred, speech, weakness, paralysis, dizziness, balance, facial, drooping, arm, difficulty",Stroke
"convulsions, staring, spells, body, shaking, unconsciousness, sudden, numbness, confusion, severe, headache, vision, loss, seizure, consciousness, muscle, jerks, collapse, twitching, awareness, weakness",Epilepsy
"forgetfulness, personality, changes, cognitive, decline, fatigue, weakness, memory, loss, confusion, difficulty, thinking, disorientation, sudden, numbness, severe, headache, vision",Dementia
"forgetfulness, personality, changes, cognitive, decline, sudden, collapse, twitching, loss, awareness, weakness, seizure, consciousness, muscle, jerks, confusion, dizziness, convulsions, staring, spells, body, shaking, unconsciousness",Epilepsy
"convulsions, staring, spells, body, shaking, unconsciousness, severe, headache, nausea, light, sensitivity, vomiting, weakness, pain, seizure, loss, consciousness, muscle, jerks, confusion",Epilepsy
"sudden, numbness, confusion, severe, headache, vision, loss, nausea, difficulty, walking, balance, problems, rigid, muscles, dizziness",Stroke
"sudden, numbness, confusion, severe, headache, vision, loss, nausea, pain, collapse, twitching, awareness",Stroke
"sudden, numbness, confusion, severe, headache, vision, loss, pain, nausea, intense, head, vomiting, fatigue, blurred, slurred, speech, weakness, paralysis, dizziness, balance",Stroke
"resting, tremor, slow, speech, reduced, movement, difficulty, walking, balance, problems, rigid, muscles, memory, loss, confusion, thinking, disorientation, headache, nausea, muscle, stiffness, shaking, hands",Parkinson's
"pain, difficulty, walking, balance, problems, rigid, muscles, headache, memory, loss, confusion, thinking, disorientation",Parkinson's
"weakness, memory, loss, confusion, difficulty, thinking, disorientation, dizziness, facial, drooping, arm, speech, forgetfulness, personality, changes, cognitive, decline, language, problems, poor, judgment, impairment",Dementia
"headache, language, problems, poor, judgment, memory, impairment, forgetfulness, personality, changes, cognitive, decline, throbbing, visual, aura, dizziness, sensitivity, sound, loss, confusion, difficulty, thinking, disorientation, weakness",Dementia
"headache, dizziness, sudden, collapse, twitching, loss, awareness, severe, nausea, light, sensitivity, vomiting",Migraine
"pain, headache, tremor, slow, movement, muscle, stiffness, shaking, hands, resting, speech, reduced, convulsions, staring, spells, body, unconsciousness",Parkinson's
"nausea, convulsions, staring, spells, body, shaking, unconsciousness, sudden, collapse, twitching, loss, awareness, seizure, consciousness, muscle, jerks, confusion, fatigue",Epilepsy
"sudden, collapse, twitching, loss, awareness, seizure, consciousness, muscle, jerks, confusion, convulsions, staring, spells, body, shaking, unconsciousness, pain, difficulty, walking, balance, problems, rigid, muscles, nausea",Epilepsy
"sudden, collapse, twitching, loss, awareness, forgetfulness, personality, changes, cognitive, decline, headache, seizure, consciousness, muscle, jerks, confusion, dizziness",Epilepsy
"dizziness, slurred, speech, weakness, paralysis, loss, balance, sudden, collapse, twitching, awareness, pain",Epilepsy
"pain, forgetfulness, personality, changes, cognitive, decline, severe, headache, nausea, light, sensitivity, vomiting, memory, loss, confusion, difficulty, thinking, disorientation, language, problems, poor, judgment, impairment",Dementia
"sudden, numbness, confusion, severe, headache, vision, loss, convulsions, staring, spells, body, shaking, unconsciousness, nausea",Epilepsy
"seizure, loss, consciousness, muscle, jerks, confusion, sudden, collapse, twitching, awareness, intense, head, pain, vomiting, fatigue, blurred, vision",Epilepsy
"headache, language, problems, poor, judgment, memory, impairment, facial, drooping, arm, weakness, speech, difficulty, slurred, paralysis, dizziness, loss, balance, pain",Stroke
"convulsions, staring, spells, body, shaking, unconsciousness, forgetfulness, personality, changes, cognitive, decline, dizziness, headache",Epilepsy
"forgetfulness, personality, changes, cognitive, decline, headache, nausea, tremor, slow, movement, muscle, stiffness, shaking, hands, difficulty, walking, balance, problems, rigid, muscles",Parkinson's
"nausea, throbbing, headache, visual, aura, dizziness, sensitivity, sound, forgetfulness, personality, changes, cognitive, decline, intense, head, pain, vomiting, fatigue, blurred, vision, severe, light",Migraine
"tremor, slow, movement, muscle, stiffness, shaking, hands, resting, speech, reduced, pain, difficulty, walking, balance, problems, rigid, muscles, weakness, slurred, paralysis, dizziness, loss",Parkinson's
"dizziness, nausea, tremor, slow, movement, muscle, stiffness, shaking, hands, forgetfulness, personality, changes, cognitive, decline, language, problems, poor, judgment, memory, impairment",Dementia
"dizziness, sudden, numbness, confusion, severe, headache, vision, loss, facial, drooping, arm, weakness, speech, difficulty, nausea, light, sensitivity, vomiting, pain",Stroke
"forgetfulness, personality, changes, cognitive, decline, language, problems, poor, judgment, memory, impairment, difficulty, walking, balance, rigid, muscles, loss, confusion, thinking, disorientation, pain, nausea",Dementia
"pain, weakness, seizure, loss, consciousness, muscle, jerks, confusion, sudden, collapse, twitching, awareness, tremor, slow, movement, stiffness, shaking, hands",Epilepsy
"difficulty, walking, balance, problems, rigid, muscles, tremor, slow, movement, muscle, stiffness, shaking, hands, headache, pain, resting, speech, reduced, language, poor, judgment, memory, impairment",Parkinson's
"fatigue, dizziness, sudden, numbness, confusion, severe, headache, vision, loss, facial, drooping, arm, weakness, speech, difficulty, slurred, paralysis, balance",Stroke
"resting, tremor, slow, speech, reduced, movement, memory, loss, confusion, difficulty, thinking, disorientation, headache, walking, balance, problems, rigid, muscles, muscle, stiffness, shaking, hands, fatigue",Parkinson's
"dizziness, forgetfulness, personality, changes, cognitive, decline, language, problems, poor, judgment, memory, impairment, seizure, loss, consciousness, muscle, jerks, confusion, nausea, difficulty, thinking, disorientation",Dementia
"memory, loss, confusion, difficulty, thinking, disorientation, language, problems, poor, judgment, impairment, forgetfulness, personality, changes, cognitive, decline, nausea, dizziness",Dementia
"weakness, intense, head, pain, vomiting, fatigue, blurred, vision, facial, drooping, arm, speech, difficulty",Migraine
"facial, drooping, arm, weakness, speech, difficulty, pain",Stroke
"intense, head, pain, vomiting, fatigue, blurred, vision, weakness, dizziness",Migraine
"tremor, slow, movement, muscle, stiffness, shaking, hands, sudden, collapse, twitching, loss, awareness, convulsions, staring, spells, body, unconsciousness, pain, weakness, seizure, consciousness, jerks, confusion",Epilepsy
"convulsions, staring, spells, body, shaking, unconsciousness, dizziness, sudden, collapse, twitching, loss, awareness, slurred, speech, weakness, paralysis, balance, seizure, consciousness, muscle, jerks, confusion, pain",Epilepsy
"language, problems, poor, judgment, memory, impairment, forgetfulness, personality, changes, cognitive, decline, loss, confusion, difficulty, thinking, disorientation, nausea, intense, head, pain, vomiting, fatigue, blurred, vision",Dementia
"memory, loss, confusion, difficulty, thinking, disorientation, throbbing, headache, visual, aura, dizziness, sensitivity, sound, pain, intense, head, vomiting, fatigue, blurred, vision, weakness, severe, nausea, light",Migraine
"pain, nausea, severe, headache, light, sensitivity, vomiting, slurred, speech, weakness, paralysis, dizziness, loss, balance",Migraine
"headache, throbbing, visual, aura, dizziness, sensitivity, sound, convulsions, staring, spells, body, shaking, unconsciousness, intense, head, pain, vomiting, fatigue, blurred, vision",Migraine
"throbbing, headache, visual, aura, dizziness, sensitivity, sound, tremor, slow, movement, muscle, stiffness, shaking, hands, pain, intense, head, vomiting, fatigue, blurred, vision, nausea",Migraine
"sudden, collapse, twitching, loss, awareness, weakness, facial, drooping, arm, speech, difficulty, nausea",Stroke
"difficulty, walking, balance, problems, rigid, muscles, weakness, sudden, collapse, twitching, loss, awareness, fatigue",Parkinson's
"weakness, dizziness, facial, drooping, arm, speech, difficulty, forgetfulness, personality, changes, cognitive, decline",Stroke
"fatigue, resting, tremor, slow, speech, reduced, movement, pain, difficulty, walking, balance, problems, rigid, muscles",Parkinson's
"difficulty, walking, balance, problems, rigid, muscles, language, poor, judgment, memory, impairment, nausea, weakness, resting, tremor, slow, speech, reduced, movement",Parkinson's
"fatigue, language, problems, poor, judgment, memory, impairment, pain, tremor, slow, movement, muscle, stiffness, shaking, hands",Dementia
"facial, drooping, arm, weakness, speech, difficulty, pain, walking, balance, problems, rigid, muscles, dizziness, sudden, numbness, confusion, severe, headache, vision, loss",Stroke
"pain, difficulty, walking, balance, problems, rigid, muscles, weakness, convulsions, staring, spells, body, shaking, unconsciousness, tremor, slow, movement, muscle, stiffness, hands",Parkinson's
"facial, drooping, arm, weakness, speech, difficulty, forgetfulness, personality, changes, cognitive, decline, memory, loss, confusion, thinking, disorientation, fatigue",Dementia
"fatigue, throbbing, headache, visual, aura, dizziness, sensitivity, sound, severe, nausea, light, vomiting, memory, loss, confusion, difficulty, thinking, disorientation",Migraine
"intense, head, pain, vomiting, fatigue, blurred, vision, dizziness, severe, headache, nausea, light, sensitivity, throbbing, visual, aura, sound",Migraine
"pain, dizziness, memory, loss, confusion, difficulty, thinking, disorientation, resting, tremor, slow, speech, reduced, movement",Dementia
"nausea, tremor, slow, movement, muscle, stiffness, shaking, hands, resting, speech, reduced, difficulty, walking, balance, problems, rigid, muscles, facial, drooping, arm, weakness, pain",Parkinson's
"pain, slurred, speech, weakness, paralysis, dizziness, loss, balance, headache",Stroke
"sudden, collapse, twitching, loss, awareness, dizziness, nausea, forgetfulness, personality, changes, cognitive, decline",Epilepsy
"headache, severe, nausea, light, sensitivity, vomiting, throbbing, visual, aura, dizziness, sound, intense, head, pain, fatigue, blurred, vision, sudden, numbness, confusion, loss, weakness",Migraine
"pain, convulsions, staring, spells, body, shaking, unconsciousness, seizure, loss, consciousness, muscle, jerks, confusion, difficulty, walking, balance, problems, rigid, muscles, weakness",Epilepsy
"difficulty, walking, balance, problems, rigid, muscles, weakness, sudden, numbness, confusion, severe, headache, vision, loss",Stroke
"headache, pain, facial, drooping, arm, weakness, speech, difficulty, forgetfulness, personality, changes, cognitive, decline",Stroke
"seizure, loss, consciousness, muscle, jerks, confusion, convulsions, staring, spells, body, shaking, unconsciousness, fatigue, pain",Epilepsy
"sudden, collapse, twitching, loss, awareness, convulsions, staring, spells, body, shaking, unconsciousness, numbness, confusion, severe, headache, vision, nausea, pain, seizure, consciousness, muscle, jerks",Epilepsy
"seizure, loss, consciousness, muscle, jerks, confusion, headache, memory, difficulty, thinking, disorientation, convulsions, staring, spells, body, shaking, unconsciousness, pain",Epilepsy
"headache, dizziness, tremor, slow, movement, muscle, stiffness, shaking, hands, seizure, loss, consciousness, jerks, confusion, resting, speech, reduced",Parkinson's
"dizziness, sudden, numbness, confusion, severe, headache, vision, loss, fatigue, slurred, speech, weakness, paralysis, balance, convulsions, staring, spells, body, shaking, unconsciousness, facial, drooping, arm, difficulty",Stroke
"pain, tremor, slow, movement, muscle, stiffness, shaking, hands, difficulty, walking, balance, problems, rigid, muscles, weakness, resting, speech, reduced",Parkinson's
"resting, tremor, slow, speech, reduced, movement, headache, difficulty, walking, balance, problems, rigid, muscles, language, poor, judgment, memory, impairment, weakness, muscle, stiffness, shaking, hands",Parkinson's
"pain, slurred, speech, weakness, paralysis, dizziness, loss, balance, facial, drooping, arm, difficulty, headache, sudden, numbness, confusion, severe, vision, intense, head, vomiting, fatigue, blurred",Stroke
"weakness, sudden, numbness, confusion, severe, headache, vision, loss, fatigue",Stroke
"headache, facial, drooping, arm, weakness, speech, difficulty, resting, tremor, slow, reduced, movement",Parkinson's
"nausea, slurred, speech, weakness, paralysis, dizziness, loss, balance, tremor, slow, movement, muscle, stiffness, shaking, hands, facial, drooping, arm, difficulty, sudden, numbness, confusion, severe, headache, vision",Stroke
"language, problems, poor, judgment, memory, impairment, nausea, dizziness, severe, headache, light, sensitivity, vomiting",Dementia
"memory, loss, confusion, difficulty, thinking, disorientation, slurred, speech, weakness, paralysis, dizziness, balance, fatigue",Stroke
"sudden, numbness, confusion, severe, headache, vision, loss, language, problems, poor, judgment, memory, impairment, facial, drooping, arm, weakness, speech, difficulty, slurred, paralysis, dizziness, balance, fatigue",Stroke
"dizziness, seizure, loss, consciousness, muscle, jerks, confusion, facial, drooping, arm, weakness, speech, difficulty, pain",Stroke
"nausea, memory, loss, confusion, difficulty, thinking, disorientation, pain, forgetfulness, personality, changes, cognitive, decline, sudden, collapse, twitching, awareness",Dementia
"difficulty, walking, balance, problems, rigid, muscles, weakness, throbbing, headache, visual, aura, dizziness, sensitivity, sound, intense, head, pain, vomiting, fatigue, blurred, vision, severe, nausea, light",Migraine
"difficulty, walking, balance, problems, rigid, muscles, pain, sudden, collapse, twitching, loss, awareness, headache",Epilepsy
"slurred, speech, weakness, paralysis, dizziness, loss, balance, severe, headache, nausea, light, sensitivity, vomiting, fatigue, pain",Stroke
"facial, drooping, arm, weakness, speech, difficulty, convulsions, staring, spells, body, shaking, unconsciousness, dizziness, sudden, numbness, confusion, severe, headache, vision, loss, nausea",Stroke
"pain, forgetfulness, personality, changes, cognitive, decline, fatigue, sudden, numbness, confusion, severe, headache, vision, loss, slurred, speech, weakness, paralysis, dizziness, balance",Stroke
"slurred, speech, weakness, paralysis, dizziness, loss, balance, pain, resting, tremor, slow, reduced, movement, sudden, numbness, confusion, severe, headache, vision, facial, drooping, arm, difficulty",Stroke
"weakness, dizziness, sudden, collapse, twitching, loss, awareness, convulsions, staring, spells, body, shaking, unconsciousness",Epilepsy
"seizure, loss, consciousness, muscle, jerks, confusion, fatigue, sudden, collapse, twitching, awareness, headache, convulsions, staring, spells, body, shaking, unconsciousness",Epilepsy
"forgetfulness, personality, changes, cognitive, decline, fatigue, headache, memory, loss, confusion, difficulty, thinking, disorientation, sudden, numbness, severe, vision, language, problems, poor, judgment, impairment",Dementia
"sudden, collapse, twitching, loss, awareness, weakness, dizziness",Epilepsy
"headache, intense, head, pain, vomiting, fatigue, blurred, vision, difficulty, walking, balance, problems, rigid, muscles, throbbing, visual, aura, dizziness, sensitivity, sound, severe, nausea, light, weakness",Migraine
"difficulty, walking, balance, problems, rigid, muscles, intense, head, pain, vomiting, fatigue, blurred, vision, dizziness, nausea",Migraine
"resting, tremor, slow, speech, reduced, movement, seizure, loss, consciousness, muscle, jerks, confusion, weakness, stiffness, shaking, hands, nausea, difficulty, walking, balance, problems, rigid, muscles",Parkinson's
"pain, convulsions, staring, spells, body, shaking, unconsciousness, weakness, seizure, loss, consciousness, muscle, jerks, confusion",Epilepsy
"throbbing, headache, visual, aura, dizziness, sensitivity, sound, convulsions, staring, spells, body, shaking, unconsciousness, weakness",Epilepsy
"weakness, pain, slurred, speech, paralysis, dizziness, loss, balance, facial, drooping, arm, difficulty, sudden, numbness, confusion, severe, headache, vision",Stroke
"facial, drooping, arm, weakness, speech, difficulty, headache, pain, sudden, numbness, confusion, severe, vision, loss",Stroke
"intense, head, pain, vomiting, fatigue, blurred, vision, sudden, numbness, confusion, severe, headache, loss, nausea",Migraine
"nausea, resting, tremor, slow, speech, reduced, movement, sudden, numbness, confusion, severe, headache, vision, loss, weakness",Stroke
"resting, tremor, slow, speech, reduced, movement, pain, slurred, weakness, paralysis, dizziness, loss, balance, nausea",Parkinson's
"resting, tremor, slow, speech, reduced, movement, intense, head, pain, vomiting, fatigue, blurred, vision, difficulty, walking, balance, problems, rigid, muscles, nausea, dizziness",Parkinson's
"sudden, collapse, twitching, loss, awareness, headache, pain, convulsions, staring, spells, body, shaking, unconsciousness",Epilepsy
"sudden, numbness, confusion, severe, headache, vision, loss, difficulty, walking, balance, problems, rigid, muscles, tremor, slow, movement, muscle, stiffness, shaking, hands, resting, speech, reduced, dizziness",Parkinson's
"pain, dizziness, slurred, speech, weakness, paralysis, loss, balance, tremor, slow, movement, muscle, stiffness, shaking, hands, resting, reduced",Parkinson's
"sudden, numbness, confusion, severe, headache, vision, loss, slurred, speech, weakness, paralysis, dizziness, balance, pain, nausea, difficulty, walking, problems, rigid, muscles",Stroke
"sudden, numbness, confusion, severe, headache, vision, loss, language, problems, poor, judgment, memory, impairment, fatigue, pain, forgetfulness, personality, changes, cognitive, decline, difficulty, thinking, disorientation",Dementia
"nausea, intense, head, pain, vomiting, fatigue, blurred, vision, language, problems, poor, judgment, memory, impairment, severe, headache, light, sensitivity, dizziness",Migraine
"nausea, headache, slurred, speech, weakness, paralysis, dizziness, loss, balance, language, problems, poor, judgment, memory, impairment, forgetfulness, personality, changes, cognitive, decline, confusion, difficulty, thinking, disorientation",Dementia
"sudden, numbness, confusion, severe, headache, vision, loss, slurred, speech, weakness, paralysis, dizziness, balance, seizure, consciousness, muscle, jerks, facial, drooping, arm, difficulty, fatigue",Stroke
"facial, drooping, arm, weakness, speech, difficulty, dizziness, resting, tremor, slow, reduced, movement, nausea",Stroke
"tremor, slow, movement, muscle, stiffness, shaking, hands, headache, pain, forgetfulness, personality, changes, cognitive, decline, memory, loss, confusion, difficulty, thinking, disorientation",Dementia
"weakness, nausea, forgetfulness, personality, changes, cognitive, decline, sudden, numbness, confusion, severe, headache, vision, loss",Stroke
"fatigue, difficulty, walking, balance, problems, rigid, muscles, language, poor, judgment, memory, impairment, loss, confusion, thinking, disorientation, weakness",Dementia
"tremor, slow, movement, muscle, stiffness, shaking, hands, intense, head, pain, vomiting, fatigue, blurred, vision, difficulty, walking, balance, problems, rigid, muscles, headache",Parkinson's
"nausea, severe, headache, light, sensitivity, vomiting, sudden, collapse, twitching, loss, awareness, convulsions, staring, spells, body, shaking, unconsciousness",Epilepsy
"pain, headache, facial, drooping, arm, weakness, speech, difficulty, sudden, numbness, confusion, severe, vision, loss, slurred, paralysis, dizziness, balance",Stroke
"nausea, severe, headache, light, sensitivity, vomiting, pain, memory, loss, confusion, difficulty, thinking, disorientation",Dementia
"severe, headache, nausea, light, sensitivity, vomiting, weakness, pain, sudden, numbness, confusion, vision, loss",Stroke
"fatigue, seizure, loss, consciousness, muscle, jerks, confusion, dizziness, memory, difficulty, thinking, disorientation, convulsions, staring, spells, body, shaking, unconsciousness",Epilepsy
"resting, tremor, slow, speech, reduced, movement, fatigue, muscle, stiffness, shaking, hands, weakness",Parkinson's
"slurred, speech, weakness, paralysis, dizziness, loss, balance, facial, drooping, arm, difficulty, nausea",Stroke
"dizziness, forgetfulness, personality, changes, cognitive, decline, throbbing, headache, visual, aura, sensitivity, sound, severe, nausea, light, vomiting, intense, head, pain, fatigue, blurred, vision",Migraine
"fatigue, severe, headache, nausea, light, sensitivity, vomiting, dizziness",Migraine
"intense, head, pain, vomiting, fatigue, blurred, vision, facial, drooping, arm, weakness, speech, difficulty, nausea, sudden, numbness, confusion, severe, headache, loss, slurred, paralysis, dizziness, balance",Stroke
"nausea, resting, tremor, slow, speech, reduced, movement, headache, muscle, stiffness, shaking, hands, facial, drooping, arm, weakness, difficulty",Parkinson's
"forgetfulness, personality, changes, cognitive, decline, fatigue, weakness, difficulty, walking, balance, problems, rigid, muscles",Parkinson's
"headache, memory, loss, confusion, difficulty, thinking, disorientation, language, problems, poor, judgment, impairment, nausea, tremor, slow, movement, muscle, stiffness, shaking, hands, forgetfulness, personality, changes, cognitive, decline",Dementia
"sudden, collapse, twitching, loss, awareness, weakness, fatigue",Epilepsy
"convulsions, staring, spells, body, shaking, unconsciousness, sudden, collapse, twitching, loss, awareness, dizziness, severe, headache, nausea, light, sensitivity, vomiting, weakness, seizure, consciousness, muscle, jerks, confusion",Epilepsy
"headache, slurred, speech, weakness, paralysis, dizziness, loss, balance, intense, head, pain, vomiting, fatigue, blurred, vision, facial, drooping, arm, difficulty, sudden, numbness, confusion, severe",Stroke
"memory, loss, confusion, difficulty, thinking, disorientation, dizziness, language, problems, poor, judgment, impairment, weakness, intense, head, pain, vomiting, fatigue, blurred, vision",Dementia
"difficulty, walking, balance, problems, rigid, muscles, nausea, fatigue",Parkinson's
"throbbing, headache, visual, aura, dizziness, sensitivity, sound, seizure, loss, consciousness, muscle, jerks, confusion, fatigue",Epilepsy
"slurred, speech, weakness, paralysis, dizziness, loss, balance, language, problems, poor, judgment, memory, impairment, pain, confusion, difficulty, thinking, disorientation, nausea",Dementia
"facial, drooping, arm, weakness, speech, difficulty, fatigue, headache, convulsions, staring, spells, body, shaking, unconsciousness",Epilepsy
"fatigue, sudden, numbness, confusion, severe, headache, vision, loss, facial, drooping, arm, weakness, speech, difficulty, slurred, paralysis, dizziness, balance, pain",Stroke
"sudden, collapse, twitching, loss, awareness, slurred, speech, weakness, paralysis, dizziness, balance, headache",Epilepsy
"tremor, slow, movement, muscle, stiffness, shaking, hands, seizure, loss, consciousness, jerks, confusion, resting, speech, reduced, pain, difficulty, walking, balance, problems, rigid, muscles, dizziness",Parkinson's
"throbbing, headache, visual, aura, dizziness, sensitivity, sound, severe, nausea, light, vomiting, intense, head, pain, fatigue, blurred, vision, tremor, slow, movement, muscle, stiffness, shaking, hands",Migraine
"difficulty, walking, balance, problems, rigid, muscles, headache, sudden, collapse, twitching, loss, awareness, nausea, tremor, slow, movement, muscle, stiffness, shaking, hands, resting, speech, reduced",Parkinson's
"tremor, slow, movement, muscle, stiffness, shaking, hands, resting, speech, reduced, severe, headache, nausea, light, sensitivity, vomiting, weakness, difficulty, walking, balance, problems, rigid, muscles",Parkinson's
"nausea, throbbing, headache, visual, aura, dizziness, sensitivity, sound, resting, tremor, slow, speech, reduced, movement, fatigue",Parkinson's
"memory, loss, confusion, difficulty, thinking, disorientation, fatigue, walking, balance, problems, rigid, muscles, dizziness",Dementia
"weakness, dizziness, intense, head, pain, vomiting, fatigue, blurred, vision, convulsions, staring, spells, body, shaking, unconsciousness",Epilepsy
"severe, headache, nausea, light, sensitivity, vomiting, fatigue, difficulty, walking, balance, problems, rigid, muscles",Migraine
"dizziness, convulsions, staring, spells, body, shaking, unconsciousness, language, problems, poor, judgment, memory, impairment, headache",Dementia
"fatigue, headache, severe, nausea, light, sensitivity, vomiting, tremor, slow, movement, muscle, stiffness, shaking, hands, difficulty, walking, balance, problems, rigid, muscles",Parkinson's
"slurred, speech, weakness, paralysis, dizziness, loss, balance, facial, drooping, arm, difficulty, fatigue, sudden, numbness, confusion, severe, headache, vision",Stroke
"slurred, speech, weakness, paralysis, dizziness, loss, balance, language, problems, poor, judgment, memory, impairment, nausea, forgetfulness, personality, changes, cognitive, decline, confusion, difficulty, thinking, disorientation",Dementia
"tremor, slow, movement, muscle, stiffness, shaking, hands, convulsions, staring, spells, body, unconsciousness, sudden, collapse, twitching, loss, awareness, dizziness, nausea, seizure, consciousness, jerks, confusion",Epilepsy
"fatigue, sudden, numbness, confusion, severe, headache, vision, loss, convulsions, staring, spells, body, shaking, unconsciousness",Epilepsy
"severe, headache, nausea, light, sensitivity, vomiting, throbbing, visual, aura, dizziness, sound, seizure, loss, consciousness, muscle, jerks, confusion, pain",Migraine
"weakness, intense, head, pain, vomiting, fatigue, blurred, vision, resting, tremor, slow, speech, reduced, movement, difficulty, walking, balance, problems, rigid, muscles",Parkinson's
"convulsions, staring, spells, body, shaking, unconsciousness, headache, forgetfulness, personality, changes, cognitive, decline, dizziness, memory, loss, confusion, difficulty, thinking, disorientation, language, problems, poor, judgment, impairment",Dementia
"fatigue, pain, facial, drooping, arm, weakness, speech, difficulty, forgetfulness, personality, changes, cognitive, decline, language, problems, poor, judgment, memory, impairment, loss, confusion, thinking, disorientation",Dementia
"memory, loss, confusion, difficulty, thinking, disorientation, language, problems, poor, judgment, impairment, fatigue, weakness",Dementia
"nausea, slurred, speech, weakness, paralysis, dizziness, loss, balance, facial, drooping, arm, difficulty, fatigue, sudden, numbness, confusion, severe, headache, vision",Stroke
"pain, nausea, intense, head, vomiting, fatigue, blurred, vision, sudden, numbness, confusion, severe, headache, loss, throbbing, visual, aura, dizziness, sensitivity, sound",Migraine
"headache, severe, nausea, light, sensitivity, vomiting, sudden, numbness, confusion, vision, loss, dizziness",Migraine
"fatigue, resting, tremor, slow, speech, reduced, movement, convulsions, staring, spells, body, shaking, unconsciousness, seizure, loss, consciousness, muscle, jerks, confusion, sudden, collapse, twitching, awareness, dizziness",Epilepsy
"headache, forgetfulness, personality, changes, cognitive, decline, dizziness",Dementia
"dizziness, throbbing, headache, visual, aura, sensitivity, sound, fatigue, severe, nausea, light, vomiting",Migraine
"facial, drooping, arm, weakness, speech, difficulty, intense, head, pain, vomiting, fatigue, blurred, vision, dizziness, severe, headache, nausea, light, sensitivity",Migraine
"facial, drooping, arm, weakness, speech, difficulty, slurred, paralysis, dizziness, loss, balance, sudden, numbness, confusion, severe, headache, vision, language, problems, poor, judgment, memory, impairment, fatigue",Stroke
"headache, convulsions, staring, spells, body, shaking, unconsciousness, sudden, collapse, twitching, loss, awareness, seizure, consciousness, muscle, jerks, confusion, fatigue, resting, tremor, slow, speech, reduced, movement",Epilepsy
"throbbing, headache, visual, aura, dizziness, sensitivity, sound, weakness, severe, nausea, light, vomiting, resting, tremor, slow, speech, reduced, movement, intense, head, pain, fatigue, blurred, vision",Migraine
"resting, tremor, slow, speech, reduced, movement, nausea, muscle, stiffness, shaking, hands, difficulty, walking, balance, problems, rigid, muscles, fatigue",Parkinson's
"headache, facial, drooping, arm, weakness, speech, difficulty, slurred, paralysis, dizziness, loss, balance, nausea, throbbing, visual, aura, sensitivity, sound, sudden, numbness, confusion, severe, vision",Stroke
"forgetfulness, personality, changes, cognitive, decline, weakness, sudden, collapse, twitching, loss, awareness, pain, seizure, consciousness, muscle, jerks, confusion",Epilepsy
"sudden, numbness, confusion, severe, headache, vision, loss, facial, drooping, arm, weakness, speech, difficulty, nausea, slurred, paralysis, dizziness, balance",Stroke
"language, problems, poor, judgment, memory, impairment, resting, tremor, slow, speech, reduced, movement, dizziness, weakness",Parkinson's
"sudden, numbness, confusion, severe, headache, vision, loss, nausea, light, sensitivity, vomiting, throbbing, visual, aura, dizziness, sound, pain",Migraine
"headache, severe, nausea, light, sensitivity, vomiting, intense, head, pain, fatigue, blurred, vision, seizure, loss, consciousness, muscle, jerks, confusion, throbbing, visual, aura, dizziness, sound",Migraine
"pain, forgetfulness, personality, changes, cognitive, decline, memory, loss, confusion, difficulty, thinking, disorientation, tremor, slow, movement, muscle, stiffness, shaking, hands, fatigue, language, problems, poor, judgment, impairment",Dementia
"tremor, slow, movement, muscle, stiffness, shaking, hands, resting, speech, reduced, pain, headache",Parkinson's
"fatigue, sudden, numbness, confusion, severe, headache, vision, loss, difficulty, walking, balance, problems, rigid, muscles, pain",Parkinson's
"slurred, speech, weakness, paralysis, dizziness, loss, balance, fatigue, headache",Stroke
"fatigue, seizure, loss, consciousness, muscle, jerks, confusion, forgetfulness, personality, changes, cognitive, decline, weakness, sudden, collapse, twitching, awareness, convulsions, staring, spells, body, shaking, unconsciousness",Epilepsy
"headache, pain, convulsions, staring, spells, body, shaking, unconsciousness, throbbing, visual, aura, dizziness, sensitivity, sound, seizure, loss, consciousness, muscle, jerks, confusion",Epilepsy
"facial, drooping, arm, weakness, speech, difficulty, headache, sudden, numbness, confusion, severe, vision, loss",Stroke
"headache, convulsions, staring, spells, body, shaking, unconsciousness, difficulty, walking, balance, problems, rigid, muscles, sudden, collapse, twitching, loss, awareness, dizziness",Epilepsy
"tremor, slow, movement, muscle, stiffness, shaking, hands, weakness, forgetfulness, personality, changes, cognitive, decline, fatigue",Parkinson's
"fatigue, weakness, severe, headache, nausea, light, sensitivity, vomiting, difficulty, walking, balance, problems, rigid, muscles, intense, head, pain, blurred, vision, throbbing, visual, aura, dizziness, sound",Migraine
"difficulty, walking, balance, problems, rigid, muscles, dizziness, weakness, seizure, loss, consciousness, muscle, jerks, confusion, resting, tremor, slow, speech, reduced, movement",Parkinson's
"slurred, speech, weakness, paralysis, dizziness, loss, balance, pain, sudden, numbness, confusion, severe, headache, vision, facial, drooping, arm, difficulty, forgetfulness, personality, changes, cognitive, decline, nausea",Stroke
"nausea, convulsions, staring, spells, body, shaking, unconsciousness, intense, head, pain, vomiting, fatigue, blurred, vision",Migraine
"resting, tremor, slow, speech, reduced, movement, slurred, weakness, paralysis, dizziness, loss, balance, nausea, muscle, stiffness, shaking, hands, pain",Parkinson's
"fatigue, resting, tremor, slow, speech, reduced, movement, weakness",Parkinson's
"weakness, nausea, facial, drooping, arm, speech, difficulty",Stroke
"dizziness, fatigue, throbbing, headache, visual, aura, sensitivity, sound, slurred, speech, weakness, paralysis, loss, balance",Stroke
"weakness, convulsions, staring, spells, body, shaking, unconsciousness, slurred, speech, paralysis, dizziness, loss, balance, sudden, numbness, confusion, severe, headache, vision, facial, drooping, arm, difficulty",Stroke
"facial, drooping, arm, weakness, speech, difficulty, severe, headache, nausea, light, sensitivity, vomiting, pain, fatigue, throbbing, visual, aura, dizziness, sound, intense, head, blurred, vision",Migraine
"nausea, fatigue, tremor, slow, movement, muscle, stiffness, shaking, hands, difficulty, walking, balance, problems, rigid, muscles",Parkinson's
"headache, forgetfulness, personality, changes, cognitive, decline, memory, loss, confusion, difficulty, thinking, disorientation, language, problems, poor, judgment, impairment, dizziness",Dementia
"headache, convulsions, staring, spells, body, shaking, unconsciousness, sudden, collapse, twitching, loss, awareness, seizure, consciousness, muscle, jerks, confusion, pain",Epilepsy
"facial, drooping, arm, weakness, speech, difficulty, fatigue, nausea, sudden, numbness, confusion, severe, headache, vision, loss",Stroke
"weakness, tremor, slow, movement, muscle, stiffness, shaking, hands, memory, loss, confusion, difficulty, thinking, disorientation, resting, speech, reduced, headache, walking, balance, problems, rigid, muscles",Parkinson's
"tremor, slow, movement, muscle, stiffness, shaking, hands, pain, resting, speech, reduced, dizziness",Parkinson's
"sudden, collapse, twitching, loss, awareness, pain, dizziness",Epilepsy
"fatigue, intense, head, pain, vomiting, blurred, vision, sudden, collapse, twitching, loss, awareness, seizure, consciousness, muscle, jerks, confusion, weakness",Epilepsy
"slurred, speech, weakness, paralysis, dizziness, loss, balance, intense, head, pain, vomiting, fatigue, blurred, vision, facial, drooping, arm, difficulty, sudden, numbness, confusion, severe, headache",Stroke
"sudden, collapse, twitching, loss, awareness, fatigue, nausea, resting, tremor, slow, speech, reduced, movement, difficulty, walking, balance, problems, rigid, muscles",Parkinson's
"throbbing, headache, visual, aura, dizziness, sensitivity, sound, weakness, nausea, seizure, loss, consciousness, muscle, jerks, confusion, convulsions, staring, spells, body, shaking, unconsciousness",Epilepsy
"dizziness, sudden, numbness, confusion, severe, headache, vision, loss, pain, facial, drooping, arm, weakness, speech, difficulty, nausea, light, sensitivity, vomiting",Stroke
"seizure, loss, consciousness, muscle, jerks, confusion, resting, tremor, slow, speech, reduced, movement, headache, stiffness, shaking, hands, difficulty, walking, balance, problems, rigid, muscles, dizziness",Parkinson's
"seizure, loss, consciousness, muscle, jerks, confusion, nausea, language, problems, poor, judgment, memory, impairment, fatigue",Epilepsy
"facial, drooping, arm, weakness, speech, difficulty, sudden, numbness, confusion, severe, headache, vision, loss, fatigue, dizziness, slurred, paralysis, balance",Stroke
"difficulty, walking, balance, problems, rigid, muscles, nausea, fatigue, forgetfulness, personality, changes, cognitive, decline",Dementia
"throbbing, headache, visual, aura, dizziness, sensitivity, sound, intense, head, pain, vomiting, fatigue, blurred, vision, facial, drooping, arm, weakness, speech, difficulty, severe, nausea, light",Migraine
"pain, throbbing, headache, visual, aura, dizziness, sensitivity, sound, severe, nausea, light, vomiting",Migraine
"tremor, slow, movement, muscle, stiffness, shaking, hands, headache, weakness",Parkinson's
"memory, loss, confusion, difficulty, thinking, disorientation, slurred, speech, weakness, paralysis, dizziness, balance, pain",Dementia
"severe, headache, nausea, light, sensitivity, vomiting, weakness, memory, loss, confusion, difficulty, thinking, disorientation, throbbing, visual, aura, dizziness, sound",Migraine
"headache, seizure, loss, consciousness, muscle, jerks, confusion, dizziness, slurred, speech, weakness, paralysis, balance",Epilepsy
"forgetfulness, personality, changes, cognitive, decline, fatigue, convulsions, staring, spells, body, shaking, unconsciousness, sudden, collapse, twitching, loss, awareness, seizure, consciousness, muscle, jerks, confusion, pain",Epilepsy
"language, problems, poor, judgment, memory, impairment, resting, tremor, slow, speech, reduced, movement, loss, confusion, difficulty, thinking, disorientation, forgetfulness, personality, changes, cognitive, decline, headache, pain",Dementia
"weakness, memory, loss, confusion, difficulty, thinking, disorientation, nausea, facial, drooping, arm, speech",Stroke
"pain, language, problems, poor, judgment, memory, impairment, loss, confusion, difficulty, thinking, disorientation, weakness, forgetfulness, personality, changes, cognitive, decline, walking, balance, rigid, muscles",Dementia
"nausea, difficulty, walking, balance, problems, rigid, muscles, headache",Parkinson's
"headache, fatigue, facial, drooping, arm, weakness, speech, difficulty, language, problems, poor, judgment, memory, impairment",Stroke
"sudden, collapse, twitching, loss, awareness, convulsions, staring, spells, body, shaking, unconsciousness, intense, head, pain, vomiting, fatigue, blurred, vision, dizziness",Epilepsy
"headache, tremor, slow, movement, muscle, stiffness, shaking, hands, difficulty, walking, balance, problems, rigid, muscles, fatigue",Parkinson's
"memory, loss, confusion, difficulty, thinking, disorientation, language, problems, poor, judgment, impairment, nausea, forgetfulness, personality, changes, cognitive, decline, dizziness",Dementia
"forgetfulness, personality, changes, cognitive, decline, memory, loss, confusion, difficulty, thinking, disorientation, language, problems, poor, judgment, impairment, nausea, dizziness",Dementia
"forgetfulness, personality, changes, cognitive, decline, language, problems, poor, judgment, memory, impairment, difficulty, walking, balance, rigid, muscles, loss, confusion, thinking, disorientation, headache, fatigue",Dementia
"intense, head, pain, vomiting, fatigue, blurred, vision, nausea, tremor, slow, movement, muscle, stiffness, shaking, hands, resting, speech, reduced, weakness",Parkinson's
"weakness, fatigue, language, problems, poor, judgment, memory, impairment, forgetfulness, personality, changes, cognitive, decline, loss, confusion, difficulty, thinking, disorientation, slurred, speech, paralysis, dizziness, balance",Dementia
"difficulty, walking, balance, problems, rigid, muscles, sudden, numbness, confusion, severe, headache, vision, loss, facial, drooping, arm, weakness, speech, dizziness, pain",Stroke
"forgetfulness, personality, changes, cognitive, decline, sudden, numbness, confusion, severe, headache, vision, loss, facial, drooping, arm, weakness, speech, difficulty, slurred, paralysis, dizziness, balance, fatigue",Stroke
"sudden, collapse, twitching, loss, awareness, convulsions, staring, spells, body, shaking, unconsciousness, headache, nausea",Epilepsy
"dizziness, memory, loss, confusion, difficulty, thinking, disorientation, severe, headache, nausea, light, sensitivity, vomiting, throbbing, visual, aura, sound",Migraine
"dizziness, memory, loss, confusion, difficulty, thinking, disorientation, pain, resting, tremor, slow, speech, reduced, movement, forgetfulness, personality, changes, cognitive, decline",Dementia
"weakness, nausea, tremor, slow, movement, muscle, stiffness, shaking, hands, intense, head, pain, vomiting, fatigue, blurred, vision, difficulty, walking, balance, problems, rigid, muscles",Parkinson's
"tremor, slow, movement, muscle, stiffness, shaking, hands, difficulty, walking, balance, problems, rigid, muscles, resting, speech, reduced, weakness, nausea, intense, head, pain, vomiting, fatigue, blurred, vision",Parkinson's
"tremor, slow, movement, muscle, stiffness, shaking, hands, fatigue, resting, speech, reduced, facial, drooping, arm, weakness, difficulty, walking, balance, problems, rigid, muscles, nausea",Parkinson's
"sudden, numbness, confusion, severe, headache, vision, loss, slurred, speech, weakness, paralysis, dizziness, balance, pain, collapse, twitching, awareness, fatigue",Stroke
"forgetfulness, personality, changes, cognitive, decline, fatigue, nausea",Dementia
"dizziness, tremor, slow, movement, muscle, stiffness, shaking, hands, memory, loss, confusion, difficulty, thinking, disorientation, resting, speech, reduced, pain",Parkinson's
"dizziness, sudden, collapse, twitching, loss, awareness, headache, facial, drooping, arm, weakness, speech, difficulty",Epilepsy
"headache, seizure, loss, consciousness, muscle, jerks, confusion, sudden, collapse, twitching, awareness, fatigue, severe, nausea, light, sensitivity, vomiting",Epilepsy
"convulsions, staring, spells, body, shaking, unconsciousness, slurred, speech, weakness, paralysis, dizziness, loss, balance, sudden, collapse, twitching, awareness, fatigue, nausea",Epilepsy
"language, problems, poor, judgment, memory, impairment, severe, headache, nausea, light, sensitivity, vomiting, weakness, dizziness, loss, confusion, difficulty, thinking, disorientation, forgetfulness, personality, changes, cognitive, decline",Dementia
"throbbing, headache, visual, aura, dizziness, sensitivity, sound, severe, nausea, light, vomiting, intense, head, pain, fatigue, blurred, vision, sudden, numbness, confusion, loss",Migraine
"fatigue, nausea, forgetfulness, personality, changes, cognitive, decline",Dementia
"sudden, collapse, twitching, loss, awareness, seizure, consciousness, muscle, jerks, confusion, convulsions, staring, spells, body, shaking, unconsciousness, weakness, slurred, speech, paralysis, dizziness, balance, nausea",Epilepsy
"headache, resting, tremor, slow, speech, reduced, movement, throbbing, visual, aura, dizziness, sensitivity, sound, severe, nausea, light, vomiting, intense, head, pain, fatigue, blurred, vision",Migraine
"throbbing, headache, visual, aura, dizziness, sensitivity, sound, weakness, seizure, loss, consciousness, muscle, jerks, confusion, fatigue, sudden, collapse, twitching, awareness, convulsions, staring, spells, body, shaking, unconsciousness",Epilepsy
"fatigue, resting, tremor, slow, speech, reduced, movement, weakness, facial, drooping, arm, difficulty",Stroke
"tremor, slow, movement, muscle, stiffness, shaking, hands, pain, fatigue",Parkinson's
"resting, tremor, slow, speech, reduced, movement, weakness, difficulty, walking, balance, problems, rigid, muscles, facial, drooping, arm, dizziness",Parkinson's
"fatigue, headache, seizure, loss, consciousness, muscle, jerks, confusion, convulsions, staring, spells, body, shaking, unconsciousness, sudden, collapse, twitching, awareness, forgetfulness, personality, changes, cognitive, decline",Epilepsy
"tremor, slow, movement, muscle, stiffness, shaking, hands, pain, difficulty, walking, balance, problems, rigid, muscles, headache, resting, speech, reduced",Parkinson's
"seizure, loss, consciousness, muscle, jerks, confusion, fatigue, language, problems, poor, judgment, memory, impairment, nausea, convulsions, staring, spells, body, shaking, unconsciousness",Epilepsy
"dizziness, sudden, numbness, confusion, severe, headache, vision, loss, seizure, consciousness, muscle, jerks, facial, drooping, arm, weakness, speech, difficulty, slurred, paralysis, balance, nausea",Stroke
"language, problems, poor, judgment, memory, impairment, loss, confusion, difficulty, thinking, disorientation, pain, slurred, speech, weakness, paralysis, dizziness, balance",Dementia
"language, problems, poor, judgment, memory, impairment, weakness, headache, forgetfulness, personality, changes, cognitive, decline, loss, confusion, difficulty, thinking, disorientation, convulsions, staring, spells, body, shaking, unconsciousness",Dementia
"slurred, speech, weakness, paralysis, dizziness, loss, balance, convulsions, staring, spells, body, shaking, unconsciousness, facial, drooping, arm, difficulty, sudden, numbness, confusion, severe, headache, vision, pain",Stroke
"fatigue, difficulty, walking, balance, problems, rigid, muscles, nausea",Parkinson's
"weakness, forgetfulness, personality, changes, cognitive, decline, headache, resting, tremor, slow, speech, reduced, movement, memory, loss, confusion, difficulty, thinking, disorientation",Dementia
"nausea, difficulty, walking, balance, problems, rigid, muscles, convulsions, staring, spells, body, shaking, unconsciousness, sudden, collapse, twitching, loss, awareness, seizure, consciousness, muscle, jerks, confusion, headache",Epilepsy
"fatigue, tremor, slow, movement, muscle, stiffness, shaking, hands, sudden, numbness, confusion, severe, headache, vision, loss, pain",Stroke
"fatigue, forgetfulness, personality, changes, cognitive, decline, language, problems, poor, judgment, memory, impairment, dizziness, loss, confusion, difficulty, thinking, disorientation",Dementia
"headache, dizziness, difficulty, walking, balance, problems, rigid, muscles, forgetfulness, personality, changes, cognitive, decline, language, poor, judgment, memory, impairment, loss, confusion, thinking, disorientation",Dementia
"severe, headache, nausea, light, sensitivity, vomiting, pain, memory, loss, confusion, difficulty, thinking, disorientation, weakness",Migraine
"nausea, sudden, collapse, twitching, loss, awareness, headache, severe, light, sensitivity, vomiting, seizure, consciousness, muscle, jerks, confusion, convulsions, staring, spells, body, shaking, unconsciousness",Epilepsy
"weakness, forgetfulness, personality, changes, cognitive, decline, seizure, loss, consciousness, muscle, jerks, confusion, dizziness",Epilepsy
"dizziness, sudden, collapse, twitching, loss, awareness, nausea, seizure, consciousness, muscle, jerks, confusion",Epilepsy
"resting, tremor, slow, speech, reduced, movement, nausea, fatigue, difficulty, walking, balance, problems, rigid, muscles",Parkinson's
"slurred, speech, weakness, paralysis, dizziness, loss, balance, pain, facial, drooping, arm, difficulty, sudden, collapse, twitching, awareness",Stroke
"sudden, collapse, twitching, loss, awareness, headache, tremor, slow, movement, muscle, stiffness, shaking, hands, fatigue",Epilepsy
"tremor, slow, movement, muscle, stiffness, shaking, hands, weakness, difficulty, walking, balance, problems, rigid, muscles, nausea",Parkinson's
"weakness, difficulty, walking, balance, problems, rigid, muscles, tremor, slow, movement, muscle, stiffness, shaking, hands, seizure, loss, consciousness, jerks, confusion, resting, speech, reduced, headache",Parkinson's
"headache, severe, nausea, light, sensitivity, vomiting, dizziness, sudden, numbness, confusion, vision, loss, throbbing, visual, aura, sound",Migraine
"intense, head, pain, vomiting, fatigue, blurred, vision, headache, severe, nausea, light, sensitivity, weakness, language, problems, poor, judgment, memory, impairment",Migraine
"memory, loss, confusion, difficulty, thinking, disorientation, forgetfulness, personality, changes, cognitive, decline, tremor, slow, movement, muscle, stiffness, shaking, hands, nausea, language, problems, poor, judgment, impairment, pain",Dementia
"headache, severe, nausea, light, sensitivity, vomiting, forgetfulness, personality, changes, cognitive, decline, pain",Dementia
"sudden, numbness, confusion, severe, headache, vision, loss, nausea, slurred, speech, weakness, paralysis, dizziness, balance",Stroke
"sudden, numbness, confusion, severe, headache, vision, loss, pain, slurred, speech, weakness, paralysis, dizziness, balance, nausea, memory, difficulty, thinking, disorientation",Stroke
"throbbing, headache, visual, aura, dizziness, sensitivity, sound, nausea, slurred, speech, weakness, paralysis, loss, balance",Stroke
"tremor, slow, movement, muscle, stiffness, shaking, hands, resting, speech, reduced, weakness, fatigue, difficulty, walking, balance, problems, rigid, muscles",Parkinson's
"tremor, slow, movement, muscle, stiffness, shaking, hands, weakness, fatigue, resting, speech, reduced, memory, loss, confusion, difficulty, thinking, disorientation",Parkinson's
"sudden, numbness, confusion, severe, headache, vision, loss, dizziness, nausea, light, sensitivity, vomiting, pain",Migraine
"throbbing, headache, visual, aura, dizziness, sensitivity, sound, weakness, fatigue, resting, tremor, slow, speech, reduced, movement",Migraine
"dizziness, seizure, loss, consciousness, muscle, jerks, confusion, weakness, memory, difficulty, thinking, disorientation",Dementia
"dizziness, seizure, loss, consciousness, muscle, jerks, confusion, headache, convulsions, staring, spells, body, shaking, unconsciousness, throbbing, visual, aura, sensitivity, sound",Epilepsy
"pain, nausea, sudden, collapse, twitching, loss, awareness",Epilepsy
"convulsions, staring, spells, body, shaking, unconsciousness, intense, head, pain, vomiting, fatigue, blurred, vision, dizziness, headache, severe, nausea, light, sensitivity, throbbing, visual, aura, sound",Migraine
"severe, headache, nausea, light, sensitivity, vomiting, fatigue, intense, head, pain, blurred, vision, throbbing, visual, aura, dizziness, sound",Migraine
"sudden, collapse, twitching, loss, awareness, pain, numbness, confusion, severe, headache, vision, fatigue",Epilepsy
"fatigue, pain, memory, loss, confusion, difficulty, thinking, disorientation",Dementia
"headache, fatigue, slurred, speech, weakness, paralysis, dizziness, loss, balance, resting, tremor, slow, reduced, movement",Stroke
"sudden, collapse, twitching, loss, awareness, headache, intense, head, pain, vomiting, fatigue, blurred, vision",Epilepsy
"sudden, numbness, confusion, severe, headache, vision, loss, intense, head, pain, vomiting, fatigue, blurred, nausea",Stroke
"convulsions, staring, spells, body, shaking, unconsciousness, seizure, loss, consciousness, muscle, jerks, confusion, throbbing, headache, visual, aura, dizziness, sensitivity, sound, sudden, collapse, twitching, awareness, fatigue",Epilepsy
"dizziness, tremor, slow, movement, muscle, stiffness, shaking, hands, weakness",Parkinson's
"memory, loss, confusion, difficulty, thinking, disorientation, weakness, pain, slurred, speech, paralysis, dizziness, balance",Dementia
"resting, tremor, slow, speech, reduced, movement, fatigue, convulsions, staring, spells, body, shaking, unconsciousness, pain",Epilepsy
"dizziness, nausea, slurred, speech, weakness, paralysis, loss, balance, resting, tremor, slow, reduced, movement",Parkinson's
"tremor, slow, movement, muscle, stiffness, shaking, hands, slurred, speech, weakness, paralysis, dizziness, loss, balance, resting, reduced, pain, nausea",Parkinson's
"tremor, slow, movement, muscle, stiffness, shaking, hands, fatigue, resting, speech, reduced, nausea",Parkinson's
"pain, resting, tremor, slow, speech, reduced, movement, slurred, weakness, paralysis, dizziness, loss, balance, difficulty, walking, problems, rigid, muscles, muscle, stiffness, shaking, hands",Parkinson's
"headache, convulsions, staring, spells, body, shaking, unconsciousness, slurred, speech, weakness, paralysis, dizziness, loss, balance, seizure, consciousness, muscle, jerks, confusion, pain, sudden, collapse, twitching, awareness",Epilepsy
"fatigue, dizziness, throbbing, headache, visual, aura, sensitivity, sound, slurred, speech, weakness, paralysis, loss, balance",Stroke
"seizure, loss, consciousness, muscle, jerks, confusion, fatigue, pain, sudden, collapse, twitching, awareness, facial, drooping, arm, weakness, speech, difficulty",Epilepsy
"pain, fatigue, convulsions, staring, spells, body, shaking, unconsciousness, resting, tremor, slow, speech, reduced, movement",Epilepsy
"intense, head, pain, vomiting, fatigue, blurred, vision, severe, headache, nausea, light, sensitivity, dizziness, facial, drooping, arm, weakness, speech, difficulty, throbbing, visual, aura, sound",Migraine
"severe, headache, nausea, light, sensitivity, vomiting, fatigue, dizziness, intense, head, pain, blurred, vision, convulsions, staring, spells, body, shaking, unconsciousness",Migraine
"sudden, numbness, confusion, severe, headache, vision, loss, tremor, slow, movement, muscle, stiffness, shaking, hands, nausea, fatigue",Parkinson's
"intense, head, pain, vomiting, fatigue, blurred, vision, nausea, sudden, collapse, twitching, loss, awareness, severe, headache, light, sensitivity",Migraine
"memory, loss, confusion, difficulty, thinking, disorientation, dizziness, weakness, language, problems, poor, judgment, impairment, forgetfulness, personality, changes, cognitive, decline",Dementia
"headache, slurred, speech, weakness, paralysis, dizziness, loss, balance, facial, drooping, arm, difficulty, fatigue, sudden, numbness, confusion, severe, vision",Stroke
"sudden, numbness, confusion, severe, headache, vision, loss, fatigue, dizziness, throbbing, visual, aura, sensitivity, sound",Migraine
"sudden, numbness, confusion, severe, headache, vision, loss, dizziness, weakness, slurred, speech, paralysis, balance",Stroke
"tremor, slow, movement, muscle, stiffness, shaking, hands, nausea, sudden, numbness, confusion, severe, headache, vision, loss, slurred, speech, weakness, paralysis, dizziness, balance, facial, drooping, arm, difficulty, fatigue",Stroke
"headache, nausea, forgetfulness, personality, changes, cognitive, decline, resting, tremor, slow, speech, reduced, movement",Parkinson's
"memory, loss, confusion, difficulty, thinking, disorientation, nausea, language, problems, poor, judgment, impairment, slurred, speech, weakness, paralysis, dizziness, balance, forgetfulness, personality, changes, cognitive, decline",Dementia
"nausea, dizziness, resting, tremor, slow, speech, reduced, movement, memory, loss, confusion, difficulty, thinking, disorientation",Parkinson's
"headache, intense, head, pain, vomiting, fatigue, blurred, vision, weakness, severe, nausea, light, sensitivity, sudden, numbness, confusion, loss",Migraine
"difficulty, walking, balance, problems, rigid, muscles, pain, slurred, speech, weakness, paralysis, dizziness, loss, headache",Parkinson's
"slurred, speech, weakness, paralysis, dizziness, loss, balance, sudden, numbness, confusion, severe, headache, vision, nausea, facial, drooping, arm, difficulty, seizure, consciousness, muscle, jerks",Stroke
"intense, head, pain, vomiting, fatigue, blurred, vision, throbbing, headache, visual, aura, dizziness, sensitivity, sound, resting, tremor, slow, speech, reduced, movement, weakness",Migraine
"nausea, dizziness, resting, tremor, slow, speech, reduced, movement, forgetfulness, personality, changes, cognitive, decline, memory, loss, confusion, difficulty, thinking, disorientation",Dementia
"sudden, collapse, twitching, loss, awareness, convulsions, staring, spells, body, shaking, unconsciousness, language, problems, poor, judgment, memory, impairment, fatigue, dizziness, seizure, consciousness, muscle, jerks, confusion",Epilepsy
"language, problems, poor, judgment, memory, impairment, weakness, dizziness, throbbing, headache, visual, aura, sensitivity, sound",Dementia
"facial, drooping, arm, weakness, speech, difficulty, forgetfulness, personality, changes, cognitive, decline, sudden, numbness, confusion, severe, headache, vision, loss, dizziness",Stroke
"severe, headache, nausea, light, sensitivity, vomiting, seizure, loss, consciousness, muscle, jerks, confusion, pain",Migraine
"language, problems, poor, judgment, memory, impairment, nausea, sudden, collapse, twitching, loss, awareness, forgetfulness, personality, changes, cognitive, decline, pain",Dementia
"difficulty, walking, balance, problems, rigid, muscles, slurred, speech, weakness, paralysis, dizziness, loss, headache",Stroke
"resting, tremor, slow, speech, reduced, movement, difficulty, walking, balance, problems, rigid, muscles, nausea, dizziness, muscle, stiffness, shaking, hands",Parkinson's
"fatigue, pain, intense, head, vomiting, blurred, vision, severe, headache, nausea, light, sensitivity",Migraine
"slurred, speech, weakness, paralysis, dizziness, loss, balance, sudden, collapse, twitching, awareness, pain, convulsions, staring, spells, body, shaking, unconsciousness",Epilepsy
"weakness, sudden, collapse, twitching, loss, awareness, nausea, numbness, confusion, severe, headache, vision, seizure, consciousness, muscle, jerks, convulsions, staring, spells, body, shaking, unconsciousness",Epilepsy
"dizziness, nausea, resting, tremor, slow, speech, reduced, movement, language, problems, poor, judgment, memory, impairment, forgetfulness, personality, changes, cognitive, decline",Dementia
"difficulty, walking, balance, problems, rigid, muscles, dizziness, resting, tremor, slow, speech, reduced, movement, pain, severe, headache, nausea, light, sensitivity, vomiting",Parkinson's
"pain, language, problems, poor, judgment, memory, impairment, loss, confusion, difficulty, thinking, disorientation, weakness, tremor, slow, movement, muscle, stiffness, shaking, hands",Dementia
"nausea, forgetfulness, personality, changes, cognitive, decline, dizziness, facial, drooping, arm, weakness, speech, difficulty",Stroke
"fatigue, weakness, severe, headache, nausea, light, sensitivity, vomiting, sudden, collapse, twitching, loss, awareness, intense, head, pain, blurred, vision",Migraine
"nausea, sudden, numbness, confusion, severe, headache, vision, loss, dizziness, facial, drooping, arm, weakness, speech, difficulty",Stroke
"headache, throbbing, visual, aura, dizziness, sensitivity, sound",Migraine
"pain, dizziness, facial, drooping, arm, weakness, speech, difficulty, walking, balance, problems, rigid, muscles, slurred, paralysis, loss, sudden, numbness, confusion, severe, headache, vision",Stroke
"memory, loss, confusion, difficulty, thinking, disorientation, slurred, speech, weakness, paralysis, dizziness, balance, fatigue, facial, drooping, arm",Stroke
"severe, headache, nausea, light, sensitivity, vomiting, throbbing, visual, aura, dizziness, sound, convulsions, staring, spells, body, shaking, unconsciousness, fatigue",Migraine
"severe, headache, nausea, light, sensitivity, vomiting, resting, tremor, slow, speech, reduced, movement, difficulty, walking, balance, problems, rigid, muscles, weakness, muscle, stiffness, shaking, hands",Parkinson's
"headache, resting, tremor, slow, speech, reduced, movement, dizziness, throbbing, visual, aura, sensitivity, sound, difficulty, walking, balance, problems, rigid, muscles",Parkinson's
"convulsions, staring, spells, body, shaking, unconsciousness, memory, loss, confusion, difficulty, thinking, disorientation, dizziness, nausea",Dementia
"weakness, intense, head, pain, vomiting, fatigue, blurred, vision, dizziness, throbbing, headache, visual, aura, sensitivity, sound, language, problems, poor, judgment, memory, impairment",Migraine
"fatigue, pain, sudden, collapse, twitching, loss, awareness, convulsions, staring, spells, body, shaking, unconsciousness, facial, drooping, arm, weakness, speech, difficulty",Epilepsy
"pain, convulsions, staring, spells, body, shaking, unconsciousness, difficulty, walking, balance, problems, rigid, muscles, resting, tremor, slow, speech, reduced, movement, fatigue",Parkinson's
"slurred, speech, weakness, paralysis, dizziness, loss, balance, fatigue, language, problems, poor, judgment, memory, impairment, sudden, numbness, confusion, severe, headache, vision",Stroke
"dizziness, intense, head, pain, vomiting, fatigue, blurred, vision, sudden, numbness, confusion, severe, headache, loss, nausea, facial, drooping, arm, weakness, speech, difficulty, slurred, paralysis, balance",Stroke
"fatigue, difficulty, walking, balance, problems, rigid, muscles, memory, loss, confusion, thinking, disorientation, weakness",Dementia
"headache, throbbing, visual, aura, dizziness, sensitivity, sound, pain, seizure, loss, consciousness, muscle, jerks, confusion, severe, nausea, light, vomiting",Migraine
"difficulty, walking, balance, problems, rigid, muscles, resting, tremor, slow, speech, reduced, movement, dizziness, fatigue",Parkinson's
"slurred, speech, weakness, paralysis, dizziness, loss, balance, resting, tremor, slow, reduced, movement, facial, drooping, arm, difficulty, sudden, numbness, confusion, severe, headache, vision",Stroke
"language, problems, poor, judgment, memory, impairment, forgetfulness, personality, changes, cognitive, decline, fatigue, weakness, loss, confusion, difficulty, thinking, disorientation",Dementia
"fatigue, facial, drooping, arm, weakness, speech, difficulty, intense, head, pain, vomiting, blurred, vision",Migraine
"slurred, speech, weakness, paralysis, dizziness, loss, balance, facial, drooping, arm, difficulty, sudden, numbness, confusion, severe, headache, vision, pain, memory, thinking, disorientation",Stroke
"sudden, numbness, confusion, severe, headache, vision, loss, forgetfulness, personality, changes, cognitive, decline, pain, weakness",Stroke
"dizziness, convulsions, staring, spells, body, shaking, unconsciousness, pain",Epilepsy
"facial, drooping, arm, weakness, speech, difficulty, slurred, paralysis, dizziness, loss, balance, fatigue",Stroke
"seizure, loss, consciousness, muscle, jerks, confusion, difficulty, walking, balance, problems, rigid, muscles, nausea, pain, convulsions, staring, spells, body, shaking, unconsciousness",Epilepsy
"tremor, slow, movement, muscle, stiffness, shaking, hands, seizure, loss, consciousness, jerks, confusion, fatigue, headache, resting, speech, reduced",Parkinson's
"facial, drooping, arm, weakness, speech, difficulty, pain, seizure, loss, consciousness, muscle, jerks, confusion, sudden, numbness, severe, headache, vision, slurred, paralysis, dizziness, balance",Stroke
"memory, loss, confusion, difficulty, thinking, disorientation, nausea, language, problems, poor, judgment, impairment, forgetfulness, personality, changes, cognitive, decline, dizziness, resting, tremor, slow, speech, reduced, movement",Dementia
"headache, pain, sudden, collapse, twitching, loss, awareness",Epilepsy
"slurred, speech, weakness, paralysis, dizziness, loss, balance, convulsions, staring, spells, body, shaking, unconsciousness, seizure, consciousness, muscle, jerks, confusion",Epilepsy
"memory, loss, confusion, difficulty, thinking, disorientation, severe, headache, nausea, light, sensitivity, vomiting, dizziness",Dementia
"sudden, collapse, twitching, loss, awareness, difficulty, walking, balance, problems, rigid, muscles, nausea, convulsions, staring, spells, body, shaking, unconsciousness, dizziness",Epilepsy
"weakness, difficulty, walking, balance, problems, rigid, muscles, facial, drooping, arm, speech, slurred, paralysis, dizziness, loss, pain",Stroke
"difficulty, walking, balance, problems, rigid, muscles, nausea, resting, tremor, slow, speech, reduced, movement, pain, muscle, stiffness, shaking, hands, forgetfulness, personality, changes, cognitive, decline",Parkinson's
"intense, head, pain, vomiting, fatigue, blurred, vision, dizziness, facial, drooping, arm, weakness, speech, difficulty, nausea, severe, headache, light, sensitivity",Migraine
"pain, headache, difficulty, walking, balance, problems, rigid, muscles, tremor, slow, movement, muscle, stiffness, shaking, hands, convulsions, staring, spells, body, unconsciousness, resting, speech, reduced",Parkinson's
"seizure, loss, consciousness, muscle, jerks, confusion, memory, difficulty, thinking, disorientation, nausea, fatigue, convulsions, staring, spells, body, shaking, unconsciousness, sudden, collapse, twitching, awareness",Epilepsy
"tremor, slow, movement, muscle, stiffness, shaking, hands, language, problems, poor, judgment, memory, impairment, difficulty, walking, balance, rigid, muscles, headache, resting, speech, reduced, pain",Parkinson's
"pain, weakness, sudden, numbness, confusion, severe, headache, vision, loss, facial, drooping, arm, speech, difficulty",Stroke
"slurred, speech, weakness, paralysis, dizziness, loss, balance, resting, tremor, slow, reduced, movement, nausea, facial, drooping, arm, difficulty, headache, sudden, numbness, confusion, severe, vision",Stroke
"forgetfulness, personality, changes, cognitive, decline, weakness, memory, loss, confusion, difficulty, thinking, disorientation, headache, facial, drooping, arm, speech",Dementia
"headache, difficulty, walking, balance, problems, rigid, muscles, dizziness, resting, tremor, slow, speech, reduced, movement",Parkinson's
"weakness, dizziness, slurred, speech, paralysis, loss, balance, difficulty, walking, problems, rigid, muscles, sudden, numbness, confusion, severe, headache, vision",Stroke
"headache, nausea, facial, drooping, arm, weakness, speech, difficulty, sudden, collapse, twitching, loss, awareness, slurred, paralysis, dizziness, balance",Stroke
"throbbing, headache, visual, aura, dizziness, sensitivity, sound, language, problems, poor, judgment, memory, impairment, pain, loss, confusion, difficulty, thinking, disorientation, weakness",Dementia
"sudden, numbness, confusion, severe, headache, vision, loss, slurred, speech, weakness, paralysis, dizziness, balance, facial, drooping, arm, difficulty, fatigue",Stroke
"seizure, loss, consciousness, muscle, jerks, confusion, pain, sudden, collapse, twitching, awareness, memory, difficulty, thinking, disorientation, convulsions, staring, spells, body, shaking, unconsciousness, fatigue",Epilepsy
"forgetfulness, personality, changes, cognitive, decline, memory, loss, confusion, difficulty, thinking, disorientation, nausea, language, problems, poor, judgment, impairment, fatigue, walking, balance, rigid, muscles",Dementia
"weakness, headache, difficulty, walking, balance, problems, rigid, muscles, resting, tremor, slow, speech, reduced, movement, severe, nausea, light, sensitivity, vomiting",Parkinson's
"tremor, slow, movement, muscle, stiffness, shaking, hands, fatigue, resting, speech, reduced, pain, difficulty, walking, balance, problems, rigid, muscles",Parkinson's
"seizure, loss, consciousness, muscle, jerks, confusion, fatigue, facial, drooping, arm, weakness, speech, difficulty, dizziness",Stroke
"severe, headache, nausea, light, sensitivity, vomiting, throbbing, visual, aura, dizziness, sound, slurred, speech, weakness, paralysis, loss, balance, intense, head, pain, fatigue, blurred, vision",Migraine
"pain, headache, sudden, collapse, twitching, loss, awareness, intense, head, vomiting, fatigue, blurred, vision",Epilepsy
"weakness, convulsions, staring, spells, body, shaking, unconsciousness, headache, sudden, collapse, twitching, loss, awareness, seizure, consciousness, muscle, jerks, confusion, severe, nausea, light, sensitivity, vomiting",Epilepsy
"severe, headache, nausea, light, sensitivity, vomiting, weakness, fatigue, intense, head, pain, blurred, vision, throbbing, visual, aura, dizziness, sound",Migraine
"headache, memory, loss, confusion, difficulty, thinking, disorientation, throbbing, visual, aura, dizziness, sensitivity, sound",Dementia
"headache, slurred, speech, weakness, paralysis, dizziness, loss, balance, nausea, convulsions, staring, spells, body, shaking, unconsciousness",Stroke
"difficulty, walking, balance, problems, rigid, muscles, weakness, resting, tremor, slow, speech, reduced, movement, fatigue",Parkinson's
"forgetfulness, personality, changes, cognitive, decline, memory, loss, confusion, difficulty, thinking, disorientation, language, problems, poor, judgment, impairment, intense, head, pain, vomiting, fatigue, blurred, vision, weakness, dizziness",Dementia
"tremor, slow, movement, muscle, stiffness, shaking, hands, headache, seizure, loss, consciousness, jerks, confusion, nausea",Parkinson's
"slurred, speech, weakness, paralysis, dizziness, loss, balance, fatigue, difficulty, walking, problems, rigid, muscles, pain",Stroke
"fatigue, facial, drooping, arm, weakness, speech, difficulty, intense, head, pain, vomiting, blurred, vision, severe, headache, nausea, light, sensitivity, throbbing, visual, aura, dizziness, sound",Migraine
"slurred, speech, weakness, paralysis, dizziness, loss, balance, fatigue, resting, tremor, slow, reduced, movement, headache, sudden, numbness, confusion, severe, vision",Stroke
"pain, headache, sudden, collapse, twitching, loss, awareness, intense, head, vomiting, fatigue, blurred, vision",Epilepsy
"memory, loss, confusion, difficulty, thinking, disorientation, weakness, facial, drooping, arm, speech, dizziness",Dementia
"memory, loss, confusion, difficulty, thinking, disorientation, fatigue, forgetfulness, personality, changes, cognitive, decline, pain",Dementia
"pain, weakness, difficulty, walking, balance, problems, rigid, muscles, seizure, loss, consciousness, muscle, jerks, confusion",Parkinson's
"fatigue, throbbing, headache, visual, aura, dizziness, sensitivity, sound, difficulty, walking, balance, problems, rigid, muscles",Migraine
"resting, tremor, slow, speech, reduced, movement, pain, slurred, weakness, paralysis, dizziness, loss, balance, fatigue, difficulty, walking, problems, rigid, muscles",Parkinson's
"throbbing, headache, visual, aura, dizziness, sensitivity, sound, intense, head, pain, vomiting, fatigue, blurred, vision, severe, nausea, light",Migraine
"fatigue, intense, head, pain, vomiting, blurred, vision, facial, drooping, arm, weakness, speech, difficulty, nausea",Migraine
"convulsions, staring, spells, body, shaking, unconsciousness, memory, loss, confusion, difficulty, thinking, disorientation, seizure, consciousness, muscle, jerks, fatigue, pain, sudden, collapse, twitching, awareness",Epilepsy
"dizziness, facial, drooping, arm, weakness, speech, difficulty, nausea",Stroke
"resting, tremor, slow, speech, reduced, movement, difficulty, walking, balance, problems, rigid, muscles, fatigue, sudden, collapse, twitching, loss, awareness, muscle, stiffness, shaking, hands, dizziness",Parkinson's
"nausea, forgetfulness, personality, changes, cognitive, decline, pain, seizure, loss, consciousness, muscle, jerks, confusion, sudden, collapse, twitching, awareness, convulsions, staring, spells, body, shaking, unconsciousness",Epilepsy
"tremor, slow, movement, muscle, stiffness, shaking, hands, convulsions, staring, spells, body, unconsciousness, difficulty, walking, balance, problems, rigid, muscles, nausea, fatigue",Parkinson's
"pain, sudden, collapse, twitching, loss, awareness, dizziness, seizure, consciousness, muscle, jerks, confusion, convulsions, staring, spells, body, shaking, unconsciousness",Epilepsy
"intense, head, pain, vomiting, fatigue, blurred, vision, tremor, slow, movement, muscle, stiffness, shaking, hands, resting, speech, reduced, headache",Parkinson's
"pain, memory, loss, confusion, difficulty, thinking, disorientation, weakness, intense, head, vomiting, fatigue, blurred, vision",Dementia
"slurred, speech, weakness, paralysis, dizziness, loss, balance, sudden, numbness, confusion, severe, headache, vision, pain, seizure, consciousness, muscle, jerks, fatigue",Stroke
"language, problems, poor, judgment, memory, impairment, forgetfulness, personality, changes, cognitive, decline, nausea, facial, drooping, arm, weakness, speech, difficulty, dizziness",Dementia
"nausea, weakness, sudden, collapse, twitching, loss, awareness, convulsions, staring, spells, body, shaking, unconsciousness",Epilepsy
"pain, severe, headache, nausea, light, sensitivity, vomiting, throbbing, visual, aura, dizziness, sound, intense, head, fatigue, blurred, vision, weakness",Migraine
"difficulty, walking, balance, problems, rigid, muscles, tremor, slow, movement, muscle, stiffness, shaking, hands, language, poor, judgment, memory, impairment, weakness, dizziness",Parkinson's
"language, problems, poor, judgment, memory, impairment, nausea, forgetfulness, personality, changes, cognitive, decline, headache",Dementia
"throbbing, headache, visual, aura, dizziness, sensitivity, sound, severe, nausea, light, vomiting, intense, head, pain, fatigue, blurred, vision, seizure, loss, consciousness, muscle, jerks, confusion",Migraine
"intense, head, pain, vomiting, fatigue, blurred, vision, severe, headache, nausea, light, sensitivity, tremor, slow, movement, muscle, stiffness, shaking, hands, throbbing, visual, aura, dizziness, sound, weakness",Migraine
"pain, resting, tremor, slow, speech, reduced, movement, intense, head, vomiting, fatigue, blurred, vision, weakness, muscle, stiffness, shaking, hands",Parkinson's
"fatigue, language, problems, poor, judgment, memory, impairment, forgetfulness, personality, changes, cognitive, decline, pain, severe, headache, nausea, light, sensitivity, vomiting",Dementia
"resting, tremor, slow, speech, reduced, movement, nausea, difficulty, walking, balance, problems, rigid, muscles, muscle, stiffness, shaking, hands, sudden, numbness, confusion, severe, headache, vision, loss, weakness",Parkinson's
"resting, tremor, slow, speech, reduced, movement, sudden, collapse, twitching, loss, awareness, fatigue, headache, difficulty, walking, balance, problems, rigid, muscles",Parkinson's
"sudden, collapse, twitching, loss, awareness, seizure, consciousness, muscle, jerks, confusion, fatigue, convulsions, staring, spells, body, shaking, unconsciousness, dizziness",Epilepsy
"headache, facial, drooping, arm, weakness, speech, difficulty, pain, tremor, slow, movement, muscle, stiffness, shaking, hands, walking, balance, problems, rigid, muscles, resting, reduced",Parkinson's
"resting, tremor, slow, speech, reduced, movement, fatigue, severe, headache, nausea, light, sensitivity, vomiting",Migraine
"nausea, pain, language, problems, poor, judgment, memory, impairment, resting, tremor, slow, speech, reduced, movement",Dementia
"convulsions, staring, spells, body, shaking, unconsciousness, weakness, severe, headache, nausea, light, sensitivity, vomiting",Epilepsy
"weakness, intense, head, pain, vomiting, fatigue, blurred, vision, throbbing, headache, visual, aura, dizziness, sensitivity, sound",Migraine
"nausea, sudden, collapse, twitching, loss, awareness, weakness, throbbing, headache, visual, aura, dizziness, sensitivity, sound",Migraine
"dizziness, fatigue, throbbing, headache, visual, aura, sensitivity, sound, intense, head, pain, vomiting, blurred, vision, slurred, speech, weakness, paralysis, loss, balance",Migraine
"fatigue, difficulty, walking, balance, problems, rigid, muscles, sudden, numbness, confusion, severe, headache, vision, loss, resting, tremor, slow, speech, reduced, movement",Parkinson's
"pain, nausea, language, problems, poor, judgment, memory, impairment, severe, headache, light, sensitivity, vomiting",Migraine
"nausea, fatigue, tremor, slow, movement, muscle, stiffness, shaking, hands, seizure, loss, consciousness, jerks, confusion",Epilepsy
"throbbing, headache, visual, aura, dizziness, sensitivity, sound, fatigue, facial, drooping, arm, weakness, speech, difficulty, intense, head, pain, vomiting, blurred, vision, severe, nausea, light",Migraine
"convulsions, staring, spells, body, shaking, unconsciousness, headache, sudden, collapse, twitching, loss, awareness, seizure, consciousness, muscle, jerks, confusion, nausea",Epilepsy
"nausea, dizziness, resting, tremor, slow, speech, reduced, movement, slurred, weakness, paralysis, loss, balance",Parkinson's
"headache, facial, drooping, arm, weakness, speech, difficulty, sudden, numbness, confusion, severe, vision, loss",Stroke
"pain, severe, headache, nausea, light, sensitivity, vomiting, dizziness",Migraine
"sudden, numbness, confusion, severe, headache, vision, loss, pain, throbbing, visual, aura, dizziness, sensitivity, sound, fatigue",Migraine
"convulsions, staring, spells, body, shaking, unconsciousness, fatigue, dizziness, seizure, loss, consciousness, muscle, jerks, confusion",Epilepsy
"dizziness, pain, language, problems, poor, judgment, memory, impairment, sudden, numbness, confusion, severe, headache, vision, loss, difficulty, thinking, disorientation",Dementia
"tremor, slow, movement, muscle, stiffness, shaking, hands, difficulty, walking, balance, problems, rigid, muscles, pain, headache, facial, drooping, arm, weakness, speech, resting, reduced",Parkinson's
"intense, head, pain, vomiting, fatigue, blurred, vision, memory, loss, confusion, difficulty, thinking, disorientation, throbbing, headache, visual, aura, dizziness, sensitivity, sound",Migraine
"sudden, numbness, confusion, severe, headache, vision, loss, nausea, seizure, consciousness, muscle, jerks, collapse, twitching, awareness, convulsions, staring, spells, body, shaking, unconsciousness",Epilepsy
"fatigue, facial, drooping, arm, weakness, speech, difficulty, walking, balance, problems, rigid, muscles",Stroke
"memory, loss, confusion, difficulty, thinking, disorientation, intense, head, pain, vomiting, fatigue, blurred, vision, severe, headache, nausea, light, sensitivity, throbbing, visual, aura, dizziness, sound",Migraine
"convulsions, staring, spells, body, shaking, unconsciousness, headache, weakness, tremor, slow, movement, muscle, stiffness, hands, difficulty, walking, balance, problems, rigid, muscles",Parkinson's
"dizziness, throbbing, headache, visual, aura, sensitivity, sound, facial, drooping, arm, weakness, speech, difficulty, severe, nausea, light, vomiting, intense, head, pain, fatigue, blurred, vision",Migraine
"intense, head, pain, vomiting, fatigue, blurred, vision, slurred, speech, weakness, paralysis, dizziness, loss, balance",Migraine
"convulsions, staring, spells, body, shaking, unconsciousness, headache, nausea, difficulty, walking, balance, problems, rigid, muscles",Epilepsy
"intense, head, pain, vomiting, fatigue, blurred, vision, resting, tremor, slow, speech, reduced, movement, weakness, severe, headache, nausea, light, sensitivity",Migraine
"dizziness, resting, tremor, slow, speech, reduced, movement, nausea, throbbing, headache, visual, aura, sensitivity, sound, severe, light, vomiting, intense, head, pain, fatigue, blurred, vision",Migraine
"intense, head, pain, vomiting, fatigue, blurred, vision, severe, headache, nausea, light, sensitivity, throbbing, visual, aura, dizziness, sound, seizure, loss, consciousness, muscle, jerks, confusion",Migraine
"severe, headache, nausea, light, sensitivity, vomiting, throbbing, visual, aura, dizziness, sound, language, problems, poor, judgment, memory, impairment, pain, intense, head, fatigue, blurred, vision",Migraine
"weakness, fatigue, severe, headache, nausea, light, sensitivity, vomiting, convulsions, staring, spells, body, shaking, unconsciousness, throbbing, visual, aura, dizziness, sound, intense, head, pain, blurred, vision",Migraine
"convulsions, staring, spells, body, shaking, unconsciousness, weakness, fatigue, forgetfulness, personality, changes, cognitive, decline, memory, loss, confusion, difficulty, thinking, disorientation",Dementia
"nausea, fatigue, facial, drooping, arm, weakness, speech, difficulty, language, problems, poor, judgment, memory, impairment",Stroke
"difficulty, walking, balance, problems, rigid, muscles, nausea, weakness, throbbing, headache, visual, aura, dizziness, sensitivity, sound",Migraine
"pain, resting, tremor, slow, speech, reduced, movement, muscle, stiffness, shaking, hands, difficulty, walking, balance, problems, rigid, muscles, dizziness",Parkinson's
"fatigue, memory, loss, confusion, difficulty, thinking, disorientation, dizziness",Dementia
"nausea, tremor, slow, movement, muscle, stiffness, shaking, hands, resting, speech, reduced, pain",Parkinson's
"pain, headache, slurred, speech, weakness, paralysis, dizziness, loss, balance, seizure, consciousness, muscle, jerks, confusion",Stroke
"fatigue, sudden, numbness, confusion, severe, headache, vision, loss, resting, tremor, slow, speech, reduced, movement, nausea, muscle, stiffness, shaking, hands",Parkinson's
"convulsions, staring, spells, body, shaking, unconsciousness, pain, dizziness, seizure, loss, consciousness, muscle, jerks, confusion",Epilepsy
"sudden, numbness, confusion, severe, headache, vision, loss, pain, tremor, slow, movement, muscle, stiffness, shaking, hands, nausea",Parkinson's
"tremor, slow, movement, muscle, stiffness, shaking, hands, throbbing, headache, visual, aura, dizziness, sensitivity, sound, intense, head, pain, vomiting, fatigue, blurred, vision, severe, nausea, light",Migraine
"nausea, tremor, slow, movement, muscle, stiffness, shaking, hands, memory, loss, confusion, difficulty, thinking, disorientation, dizziness, resting, speech, reduced",Parkinson's
"intense, head, pain, vomiting, fatigue, blurred, vision, language, problems, poor, judgment, memory, impairment, loss, confusion, difficulty, thinking, disorientation, weakness",Dementia
"headache, convulsions, staring, spells, body, shaking, unconsciousness, slurred, speech, weakness, paralysis, dizziness, loss, balance, seizure, consciousness, muscle, jerks, confusion",Epilepsy
"fatigue, intense, head, pain, vomiting, blurred, vision, headache, severe, nausea, light, sensitivity",Migraine
"dizziness, resting, tremor, slow, speech, reduced, movement, sudden, collapse, twitching, loss, awareness, fatigue",Epilepsy
"sudden, collapse, twitching, loss, awareness, memory, confusion, difficulty, thinking, disorientation, pain, weakness",Epilepsy
"sudden, numbness, confusion, severe, headache, vision, loss, fatigue, slurred, speech, weakness, paralysis, dizziness, balance, nausea, tremor, slow, movement, muscle, stiffness, shaking, hands",Stroke
"resting, tremor, slow, speech, reduced, movement, sudden, collapse, twitching, loss, awareness, muscle, stiffness, shaking, hands, pain, difficulty, walking, balance, problems, rigid, muscles, headache",Parkinson's
"difficulty, walking, balance, problems, rigid, muscles, headache, fatigue, tremor, slow, movement, muscle, stiffness, shaking, hands, intense, head, pain, vomiting, blurred, vision, resting, speech, reduced",Parkinson's
"facial, drooping, arm, weakness, speech, difficulty, dizziness, headache, seizure, loss, consciousness, muscle, jerks, confusion",Epilepsy
"pain, fatigue, sudden, numbness, confusion, severe, headache, vision, loss, seizure, consciousness, muscle, jerks",Stroke
"intense, head, pain, vomiting, fatigue, blurred, vision, resting, tremor, slow, speech, reduced, movement, nausea",Parkinson's
"pain, forgetfulness, personality, changes, cognitive, decline, severe, headache, nausea, light, sensitivity, vomiting, dizziness",Migraine
"seizure, loss, consciousness, muscle, jerks, confusion, fatigue, severe, headache, nausea, light, sensitivity, vomiting, pain",Epilepsy
"resting, tremor, slow, speech, reduced, movement, pain, sudden, collapse, twitching, loss, awareness, difficulty, walking, balance, problems, rigid, muscles, fatigue",Parkinson's
"difficulty, walking, balance, problems, rigid, muscles, fatigue, tremor, slow, movement, muscle, stiffness, shaking, hands, resting, speech, reduced, throbbing, headache, visual, aura, dizziness, sensitivity, sound",Parkinson's
"intense, head, pain, vomiting, fatigue, blurred, vision, dizziness, severe, headache, nausea, light, sensitivity, difficulty, walking, balance, problems, rigid, muscles, throbbing, visual, aura, sound",Migraine
"fatigue, seizure, loss, consciousness, muscle, jerks, confusion, facial, drooping, arm, weakness, speech, difficulty, nausea, slurred, paralysis, dizziness, balance, sudden, numbness, severe, headache, vision",Stroke
"sudden, collapse, twitching, loss, awareness, seizure, consciousness, muscle, jerks, confusion, weakness, convulsions, staring, spells, body, shaking, unconsciousness, dizziness, forgetfulness, personality, changes, cognitive, decline",Epilepsy
"sudden, collapse, twitching, loss, awareness, intense, head, pain, vomiting, fatigue, blurred, vision, headache",Migraine
"slurred, speech, weakness, paralysis, dizziness, loss, balance, fatigue, facial, drooping, arm, difficulty, convulsions, staring, spells, body, shaking, unconsciousness",Stroke
"headache, forgetfulness, personality, changes, cognitive, decline, convulsions, staring, spells, body, shaking, unconsciousness, pain",Epilepsy
"nausea, pain, difficulty, walking, balance, problems, rigid, muscles, resting, tremor, slow, speech, reduced, movement",Parkinson's
"resting, tremor, slow, speech, reduced, movement, muscle, stiffness, shaking, hands, severe, headache, nausea, light, sensitivity, vomiting, difficulty, walking, balance, problems, rigid, muscles, dizziness, pain",Parkinson's
"dizziness, weakness, difficulty, walking, balance, problems, rigid, muscles, convulsions, staring, spells, body, shaking, unconsciousness",Epilepsy
"headache, convulsions, staring, spells, body, shaking, unconsciousness, fatigue, language, problems, poor, judgment, memory, impairment, sudden, collapse, twitching, loss, awareness",Epilepsy
"memory, loss, confusion, difficulty, thinking, disorientation, pain, severe, headache, nausea, light, sensitivity, vomiting, throbbing, visual, aura, dizziness, sound",Migraine
"dizziness, slurred, speech, weakness, paralysis, loss, balance, pain, facial, drooping, arm, difficulty",Stroke
"facial, drooping, arm, weakness, speech, difficulty, slurred, paralysis, dizziness, loss, balance, pain, sudden, numbness, confusion, severe, headache, vision, walking, problems, rigid, muscles",Stroke
"fatigue, throbbing, headache, visual, aura, dizziness, sensitivity, sound, nausea, convulsions, staring, spells, body, shaking, unconsciousness",Migraine
"weakness, fatigue, intense, head, pain, vomiting, blurred, vision, memory, loss, confusion, difficulty, thinking, disorientation, forgetfulness, personality, changes, cognitive, decline, language, problems, poor, judgment, impairment",Dementia
"severe, headache, nausea, light, sensitivity, vomiting, intense, head, pain, fatigue, blurred, vision, weakness, throbbing, visual, aura, dizziness, sound",Migraine
"difficulty, walking, balance, problems, rigid, muscles, dizziness, weakness, sudden, collapse, twitching, loss, awareness",Epilepsy
"seizure, loss, consciousness, muscle, jerks, confusion, convulsions, staring, spells, body, shaking, unconsciousness, headache, sudden, collapse, twitching, awareness, weakness",Epilepsy
"weakness, severe, headache, nausea, light, sensitivity, vomiting, sudden, numbness, confusion, vision, loss, throbbing, visual, aura, dizziness, sound, intense, head, pain, fatigue, blurred",Migraine
"nausea, sudden, numbness, confusion, severe, headache, vision, loss, pain, facial, drooping, arm, weakness, speech, difficulty",Stroke
"severe, headache, nausea, light, sensitivity, vomiting, slurred, speech, weakness, paralysis, dizziness, loss, balance, fatigue, throbbing, visual, aura, sound, intense, head, pain, blurred, vision",Migraine
"dizziness, fatigue, seizure, loss, consciousness, muscle, jerks, confusion, slurred, speech, weakness, paralysis, balance",Epilepsy
"headache, convulsions, staring, spells, body, shaking, unconsciousness, fatigue, tremor, slow, movement, muscle, stiffness, hands, seizure, loss, consciousness, jerks, confusion, sudden, collapse, twitching, awareness",Epilepsy
"sudden, collapse, twitching, loss, awareness, fatigue, pain, memory, confusion, difficulty, thinking, disorientation",Epilepsy
"resting, tremor, slow, speech, reduced, movement, dizziness, seizure, loss, consciousness, muscle, jerks, confusion, convulsions, staring, spells, body, shaking, unconsciousness, weakness",Epilepsy
"forgetfulness, personality, changes, cognitive, decline, pain, resting, tremor, slow, speech, reduced, movement, memory, loss, confusion, difficulty, thinking, disorientation, nausea, language, problems, poor, judgment, impairment",Dementia
"difficulty, walking, balance, problems, rigid, muscles, facial, drooping, arm, weakness, speech, nausea, pain",Parkinson's
"language, problems, poor, judgment, memory, impairment, dizziness, fatigue, tremor, slow, movement, muscle, stiffness, shaking, hands",Parkinson's
"intense, head, pain, vomiting, fatigue, blurred, vision, severe, headache, nausea, light, sensitivity, dizziness, difficulty, walking, balance, problems, rigid, muscles, throbbing, visual, aura, sound",Migraine
"weakness, sudden, collapse, twitching, loss, awareness, pain, throbbing, headache, visual, aura, dizziness, sensitivity, sound",Epilepsy
"throbbing, headache, visual, aura, dizziness, sensitivity, sound, seizure, loss, consciousness, muscle, jerks, confusion, sudden, collapse, twitching, awareness",Epilepsy
"weakness, facial, drooping, arm, speech, difficulty, nausea, slurred, paralysis, dizziness, loss, balance, sudden, numbness, confusion, severe, headache, vision",Stroke
"dizziness, slurred, speech, weakness, paralysis, loss, balance, tremor, slow, movement, muscle, stiffness, shaking, hands, difficulty, walking, problems, rigid, muscles, resting, reduced, pain",Parkinson's
"seizure, loss, consciousness, muscle, jerks, confusion, nausea, facial, drooping, arm, weakness, speech, difficulty, pain",Stroke
"forgetfulness, personality, changes, cognitive, decline, memory, loss, confusion, difficulty, thinking, disorientation, headache, fatigue, language, problems, poor, judgment, impairment, sudden, collapse, twitching, awareness",Dementia
"resting, tremor, slow, speech, reduced, movement, memory, loss, confusion, difficulty, thinking, disorientation, walking, balance, problems, rigid, muscles, headache, pain",Parkinson's
"severe, headache, nausea, light, sensitivity, vomiting, sudden, collapse, twitching, loss, awareness, dizziness",Migraine
"facial, drooping, arm, weakness, speech, difficulty, slurred, paralysis, dizziness, loss, balance, severe, headache, nausea, light, sensitivity, vomiting, fatigue, sudden, numbness, confusion, vision",Stroke
"forgetfulness, personality, changes, cognitive, decline, nausea, memory, loss, confusion, difficulty, thinking, disorientation, convulsions, staring, spells, body, shaking, unconsciousness, dizziness, language, problems, poor, judgment, impairment",Dementia
"facial, drooping, arm, weakness, speech, difficulty, fatigue, pain, tremor, slow, movement, muscle, stiffness, shaking, hands",Parkinson's
"weakness, severe, headache, nausea, light, sensitivity, vomiting, intense, head, pain, fatigue, blurred, vision, slurred, speech, paralysis, dizziness, loss, balance, throbbing, visual, aura, sound",Migraine
"forgetfulness, personality, changes, cognitive, decline, dizziness, tremor, slow, movement, muscle, stiffness, shaking, hands, fatigue",Parkinson's
"nausea, resting, tremor, slow, speech, reduced, movement, difficulty, walking, balance, problems, rigid, muscles, sudden, numbness, confusion, severe, headache, vision, loss, pain, muscle, stiffness, shaking, hands",Parkinson's
"dizziness, convulsions, staring, spells, body, shaking, unconsciousness, headache, tremor, slow, movement, muscle, stiffness, hands",Parkinson's
"dizziness, severe, headache, nausea, light, sensitivity, vomiting",Migraine
"pain, convulsions, staring, spells, body, shaking, unconsciousness, nausea, seizure, loss, consciousness, muscle, jerks, confusion, slurred, speech, weakness, paralysis, dizziness, balance",Epilepsy
"sudden, collapse, twitching, loss, awareness, headache, convulsions, staring, spells, body, shaking, unconsciousness, dizziness",Epilepsy
"pain, difficulty, walking, balance, problems, rigid, muscles, slurred, speech, weakness, paralysis, dizziness, loss, tremor, slow, movement, muscle, stiffness, shaking, hands",Parkinson's
"intense, head, pain, vomiting, fatigue, blurred, vision, severe, headache, nausea, light, sensitivity, dizziness, throbbing, visual, aura, sound, weakness, difficulty, walking, balance, problems, rigid, muscles",Migraine
"dizziness, convulsions, staring, spells, body, shaking, unconsciousness, throbbing, headache, visual, aura, sensitivity, sound, pain",Migraine
"dizziness, difficulty, walking, balance, problems, rigid, muscles, throbbing, headache, visual, aura, sensitivity, sound, nausea",Migraine
"fatigue, dizziness, sudden, numbness, confusion, severe, headache, vision, loss, collapse, twitching, awareness",Stroke
"sudden, numbness, confusion, severe, headache, vision, loss, slurred, speech, weakness, paralysis, dizziness, balance, facial, drooping, arm, difficulty",Stroke
"sudden, collapse, twitching, loss, awareness, weakness, language, problems, poor, judgment, memory, impairment, pain",Dementia
"pain, headache, sudden, collapse, twitching, loss, awareness, seizure, consciousness, muscle, jerks, confusion",Epilepsy
"throbbing, headache, visual, aura, dizziness, sensitivity, sound, intense, head, pain, vomiting, fatigue, blurred, vision, sudden, numbness, confusion, severe, loss, nausea, light",Migraine
"fatigue, weakness, language, problems, poor, judgment, memory, impairment, forgetfulness, personality, changes, cognitive, decline, tremor, slow, movement, muscle, stiffness, shaking, hands, loss, confusion, difficulty, thinking, disorientation",Dementia
"severe, headache, nausea, light, sensitivity, vomiting, throbbing, visual, aura, dizziness, sound, slurred, speech, weakness, paralysis, loss, balance",Migraine
"memory, loss, confusion, difficulty, thinking, disorientation, sudden, collapse, twitching, awareness, fatigue, convulsions, staring, spells, body, shaking, unconsciousness, headache, seizure, consciousness, muscle, jerks",Epilepsy
"fatigue, headache, intense, head, pain, vomiting, blurred, vision, seizure, loss, consciousness, muscle, jerks, confusion, severe, nausea, light, sensitivity",Migraine
"intense, head, pain, vomiting, fatigue, blurred, vision, tremor, slow, movement, muscle, stiffness, shaking, hands, throbbing, headache, visual, aura, dizziness, sensitivity, sound, weakness, severe, nausea, light",Migraine
"nausea, difficulty, walking, balance, problems, rigid, muscles, sudden, collapse, twitching, loss, awareness, headache, seizure, consciousness, muscle, jerks, confusion",Epilepsy
"headache, severe, nausea, light, sensitivity, vomiting, facial, drooping, arm, weakness, speech, difficulty, fatigue",Stroke
"slurred, speech, weakness, paralysis, dizziness, loss, balance, sudden, numbness, confusion, severe, headache, vision, collapse, twitching, awareness, facial, drooping, arm, difficulty, pain",Stroke
"dizziness, difficulty, walking, balance, problems, rigid, muscles, weakness, language, poor, judgment, memory, impairment, loss, confusion, thinking, disorientation",Dementia
"headache, dizziness, slurred, speech, weakness, paralysis, loss, balance",Stroke
"severe, headache, nausea, light, sensitivity, vomiting, memory, loss, confusion, difficulty, thinking, disorientation, weakness, pain",Dementia
"forgetfulness, personality, changes, cognitive, decline, nausea, memory, loss, confusion, difficulty, thinking, disorientation, weakness, language, problems, poor, judgment, impairment, walking, balance, rigid, muscles",Dementia
"dizziness, sudden, collapse, twitching, loss, awareness, numbness, confusion, severe, headache, vision, pain, seizure, consciousness, muscle, jerks",Epilepsy
"dizziness, headache, sudden, numbness, confusion, severe, vision, loss, slurred, speech, weakness, paralysis, balance, facial, drooping, arm, difficulty",Stroke
"facial, drooping, arm, weakness, speech, difficulty, pain, seizure, loss, consciousness, muscle, jerks, confusion, headache, sudden, collapse, twitching, awareness",Epilepsy
"forgetfulness, personality, changes, cognitive, decline, weakness, tremor, slow, movement, muscle, stiffness, shaking, hands, memory, loss, confusion, difficulty, thinking, disorientation, dizziness, language, problems, poor, judgment, impairment",Dementia
"severe, headache, nausea, light, sensitivity, vomiting, seizure, loss, consciousness, muscle, jerks, confusion, throbbing, visual, aura, dizziness, sound, pain",Migraine
"slurred, speech, weakness, paralysis, dizziness, loss, balance, fatigue, forgetfulness, personality, changes, cognitive, decline, nausea",Stroke
"seizure, loss, consciousness, muscle, jerks, confusion, weakness, difficulty, walking, balance, problems, rigid, muscles, headache, resting, tremor, slow, speech, reduced, movement",Parkinson's
"convulsions, staring, spells, body, shaking, unconsciousness, memory, loss, confusion, difficulty, thinking, disorientation, nausea, headache",Epilepsy
"convulsions, staring, spells, body, shaking, unconsciousness, fatigue, facial, drooping, arm, weakness, speech, difficulty, pain",Stroke
"slurred, speech, weakness, paralysis, dizziness, loss, balance, difficulty, walking, problems, rigid, muscles, tremor, slow, movement, muscle, stiffness, shaking, hands",Parkinson's
"convulsions, staring, spells, body, shaking, unconsciousness, seizure, loss, consciousness, muscle, jerks, confusion, pain, fatigue, sudden, collapse, twitching, awareness, resting, tremor, slow, speech, reduced, movement",Epilepsy
"facial, drooping, arm, weakness, speech, difficulty, resting, tremor, slow, reduced, movement, headache, nausea",Parkinson's
"nausea, headache, intense, head, pain, vomiting, fatigue, blurred, vision, difficulty, walking, balance, problems, rigid, muscles, tremor, slow, movement, muscle, stiffness, shaking, hands",Parkinson's
"forgetfulness, personality, changes, cognitive, decline, pain, weakness, sudden, numbness, confusion, severe, headache, vision, loss",Stroke
"headache, tremor, slow, movement, muscle, stiffness, shaking, hands, nausea, memory, loss, confusion, difficulty, thinking, disorientation",Dementia
"weakness, resting, tremor, slow, speech, reduced, movement, memory, loss, confusion, difficulty, thinking, disorientation, headache, language, problems, poor, judgment, impairment",Dementia
"dizziness, resting, tremor, slow, speech, reduced, movement, facial, drooping, arm, weakness, difficulty, pain, slurred, paralysis, loss, balance",Stroke
"convulsions, staring, spells, body, shaking, unconsciousness, dizziness, sudden, collapse, twitching, loss, awareness, fatigue, seizure, consciousness, muscle, jerks, confusion",Epilepsy
"fatigue, nausea, resting, tremor, slow, speech, reduced, movement, severe, headache, light, sensitivity, vomiting",Parkinson's
"tremor, slow, movement, muscle, stiffness, shaking, hands, headache, dizziness, seizure, loss, consciousness, jerks, confusion",Epilepsy
"facial, drooping, arm, weakness, speech, difficulty, nausea, pain, seizure, loss, consciousness, muscle, jerks, confusion",Stroke
"severe, headache, nausea, light, sensitivity, vomiting, pain, fatigue, sudden, numbness, confusion, vision, loss",Stroke
"slurred, speech, weakness, paralysis, dizziness, loss, balance, pain",Stroke
"pain, severe, headache, nausea, light, sensitivity, vomiting, facial, drooping, arm, weakness, speech, difficulty, fatigue",Migraine
"pain, tremor, slow, movement, muscle, stiffness, shaking, hands, throbbing, headache, visual, aura, dizziness, sensitivity, sound, difficulty, walking, balance, problems, rigid, muscles, resting, speech, reduced",Parkinson's
"slurred, speech, weakness, paralysis, dizziness, loss, balance, facial, drooping, arm, difficulty, sudden, numbness, confusion, severe, headache, vision, fatigue",Stroke
"dizziness, tremor, slow, movement, muscle, stiffness, shaking, hands, difficulty, walking, balance, problems, rigid, muscles, resting, speech, reduced, headache",Parkinson's
"weakness, difficulty, walking, balance, problems, rigid, muscles, sudden, numbness, confusion, severe, headache, vision, loss, fatigue, tremor, slow, movement, muscle, stiffness, shaking, hands",Parkinson's
"convulsions, staring, spells, body, shaking, unconsciousness, pain, sudden, collapse, twitching, loss, awareness, nausea, difficulty, walking, balance, problems, rigid, muscles",Epilepsy
"tremor, slow, movement, muscle, stiffness, shaking, hands, fatigue, headache, resting, speech, reduced, intense, head, pain, vomiting, blurred, vision",Parkinson's
"headache, pain, memory, loss, confusion, difficulty, thinking, disorientation, facial, drooping, arm, weakness, speech",Stroke
"nausea, slurred, speech, weakness, paralysis, dizziness, loss, balance, tremor, slow, movement, muscle, stiffness, shaking, hands, difficulty, walking, problems, rigid, muscles, resting, reduced",Parkinson's
"difficulty, walking, balance, problems, rigid, muscles, nausea, slurred, speech, weakness, paralysis, dizziness, loss",Stroke
"tremor, slow, movement, muscle, stiffness, shaking, hands, difficulty, walking, balance, problems, rigid, muscles, fatigue, dizziness, resting, speech, reduced, throbbing, headache, visual, aura, sensitivity, sound",Parkinson's
"fatigue, resting, tremor, slow, speech, reduced, movement, facial, drooping, arm, weakness, difficulty, slurred, paralysis, dizziness, loss, balance",Stroke
"sudden, collapse, twitching, loss, awareness, nausea, weakness, language, problems, poor, judgment, memory, impairment",Epilepsy
"fatigue, difficulty, walking, balance, problems, rigid, muscles, sudden, numbness, confusion, severe, headache, vision, loss, facial, drooping, arm, weakness, speech",Stroke
"resting, tremor, slow, speech, reduced, movement, weakness, difficulty, walking, balance, problems, rigid, muscles, muscle, stiffness, shaking, hands, pain, seizure, loss, consciousness, jerks, confusion",Parkinson's
"difficulty, walking, balance, problems, rigid, muscles, memory, loss, confusion, thinking, disorientation, pain, language, poor, judgment, impairment, forgetfulness, personality, changes, cognitive, decline, nausea",Dementia
"weakness, seizure, loss, consciousness, muscle, jerks, confusion, fatigue, tremor, slow, movement, stiffness, shaking, hands",Parkinson's
"intense, head, pain, vomiting, fatigue, blurred, vision, nausea, headache, severe, light, sensitivity, throbbing, visual, aura, dizziness, sound, resting, tremor, slow, speech, reduced, movement",Migraine
"headache, fatigue, sudden, numbness, confusion, severe, vision, loss, throbbing, visual, aura, dizziness, sensitivity, sound, intense, head, pain, vomiting, blurred",Migraine
"sudden, numbness, confusion, severe, headache, vision, loss, difficulty, walking, balance, problems, rigid, muscles, tremor, slow, movement, muscle, stiffness, shaking, hands, dizziness, fatigue",Parkinson's
"language, problems, poor, judgment, memory, impairment, headache, dizziness, severe, nausea, light, sensitivity, vomiting, throbbing, visual, aura, sound",Migraine
"seizure, loss, consciousness, muscle, jerks, confusion, fatigue, sudden, numbness, severe, headache, vision, dizziness, collapse, twitching, awareness",Epilepsy
"resting, tremor, slow, speech, reduced, movement, dizziness, fatigue, convulsions, staring, spells, body, shaking, unconsciousness",Parkinson's
"tremor, slow, movement, muscle, stiffness, shaking, hands, difficulty, walking, balance, problems, rigid, muscles, severe, headache, nausea, light, sensitivity, vomiting, fatigue, resting, speech, reduced",Parkinson's
"memory, loss, confusion, difficulty, thinking, disorientation, weakness, dizziness, language, problems, poor, judgment, impairment",Dementia
"resting, tremor, slow, speech, reduced, movement, forgetfulness, personality, changes, cognitive, decline, nausea, headache, memory, loss, confusion, difficulty, thinking, disorientation, language, problems, poor, judgment, impairment",Dementia
"weakness, nausea, memory, loss, confusion, difficulty, thinking, disorientation, language, problems, poor, judgment, impairment, severe, headache, light, sensitivity, vomiting, forgetfulness, personality, changes, cognitive, decline",Dementia
"dizziness, headache, slurred, speech, weakness, paralysis, loss, balance, severe, nausea, light, sensitivity, vomiting, intense, head, pain, fatigue, blurred, vision",Migraine
"fatigue, forgetfulness, personality, changes, cognitive, decline, memory, loss, confusion, difficulty, thinking, disorientation, headache, sudden, collapse, twitching, awareness, language, problems, poor, judgment, impairment",Dementia
"severe, headache, nausea, light, sensitivity, vomiting, intense, head, pain, fatigue, blurred, vision, tremor, slow, movement, muscle, stiffness, shaking, hands, throbbing, visual, aura, dizziness, sound",Migraine
"severe, headache, nausea, light, sensitivity, vomiting, sudden, numbness, confusion, vision, loss, pain, dizziness",Migraine
"throbbing, headache, visual, aura, dizziness, sensitivity, sound, nausea, intense, head, pain, vomiting, fatigue, blurred, vision, severe, light",Migraine
"memory, loss, confusion, difficulty, thinking, disorientation, dizziness, weakness, tremor, slow, movement, muscle, stiffness, shaking, hands, language, problems, poor, judgment, impairment, forgetfulness, personality, changes, cognitive, decline",Dementia
"headache, dizziness, sudden, numbness, confusion, severe, vision, loss",Stroke
"facial, drooping, arm, weakness, speech, difficulty, convulsions, staring, spells, body, shaking, unconsciousness, seizure, loss, consciousness, muscle, jerks, confusion, fatigue",Epilepsy
"slurred, speech, weakness, paralysis, dizziness, loss, balance, facial, drooping, arm, difficulty, sudden, numbness, confusion, severe, headache, vision, pain, nausea, light, sensitivity, vomiting",Stroke
"tremor, slow, movement, muscle, stiffness, shaking, hands, fatigue, weakness",Parkinson's
"sudden, collapse, twitching, loss, awareness, dizziness, fatigue, intense, head, pain, vomiting, blurred, vision",Epilepsy
"pain, memory, loss, confusion, difficulty, thinking, disorientation, headache, severe, nausea, light, sensitivity, vomiting",Migraine
"pain, intense, head, vomiting, fatigue, blurred, vision, difficulty, walking, balance, problems, rigid, muscles, headache",Parkinson's
"facial, drooping, arm, weakness, speech, difficulty, headache, convulsions, staring, spells, body, shaking, unconsciousness, nausea, sudden, numbness, confusion, severe, vision, loss, slurred, paralysis, dizziness, balance",Stroke
"convulsions, staring, spells, body, shaking, unconsciousness, sudden, collapse, twitching, loss, awareness, pain, seizure, consciousness, muscle, jerks, confusion, dizziness",Epilepsy
"tremor, slow, movement, muscle, stiffness, shaking, hands, difficulty, walking, balance, problems, rigid, muscles, fatigue, weakness",Parkinson's
"severe, headache, nausea, light, sensitivity, vomiting, fatigue, forgetfulness, personality, changes, cognitive, decline, throbbing, visual, aura, dizziness, sound, pain, intense, head, blurred, vision",Migraine
"fatigue, resting, tremor, slow, speech, reduced, movement, weakness",Parkinson's
"dizziness, fatigue, intense, head, pain, vomiting, blurred, vision, severe, headache, nausea, light, sensitivity, throbbing, visual, aura, sound, sudden, collapse, twitching, loss, awareness",Migraine
"pain, headache, intense, head, vomiting, fatigue, blurred, vision",Migraine
"memory, loss, confusion, difficulty, thinking, disorientation, pain, nausea, language, problems, poor, judgment, impairment",Dementia
"facial, drooping, arm, weakness, speech, difficulty, pain, dizziness, slurred, paralysis, loss, balance",Stroke
"dizziness, forgetfulness, personality, changes, cognitive, decline, slurred, speech, weakness, paralysis, loss, balance, headache, sudden, numbness, confusion, severe, vision, facial, drooping, arm, difficulty",Stroke
"fatigue, facial, drooping, arm, weakness, speech, difficulty, intense, head, pain, vomiting, blurred, vision, sudden, numbness, confusion, severe, headache, loss, slurred, paralysis, dizziness, balance",Stroke
"sudden, numbness, confusion, severe, headache, vision, loss, resting, tremor, slow, speech, reduced, movement, muscle, stiffness, shaking, hands, difficulty, walking, balance, problems, rigid, muscles, dizziness, pain",Parkinson's
"pain, throbbing, headache, visual, aura, dizziness, sensitivity, sound, intense, head, vomiting, fatigue, blurred, vision, severe, nausea, light, tremor, slow, movement, muscle, stiffness, shaking, hands",Migraine
"fatigue, throbbing, headache, visual, aura, dizziness, sensitivity, sound, weakness, slurred, speech, paralysis, loss, balance",Migraine
"seizure, loss, consciousness, muscle, jerks, confusion, headache, convulsions, staring, spells, body, shaking, unconsciousness, fatigue",Epilepsy
"weakness, slurred, speech, paralysis, dizziness, loss, balance, headache, forgetfulness, personality, changes, cognitive, decline, language, problems, poor, judgment, memory, impairment",Dementia
"weakness, slurred, speech, paralysis, dizziness, loss, balance, pain, seizure, consciousness, muscle, jerks, confusion, convulsions, staring, spells, body, shaking, unconsciousness",Epilepsy
"slurred, speech, weakness, paralysis, dizziness, loss, balance, facial, drooping, arm, difficulty, language, problems, poor, judgment, memory, impairment",Stroke
"sudden, numbness, confusion, severe, headache, vision, loss, fatigue, facial, drooping, arm, weakness, speech, difficulty, slurred, paralysis, dizziness, balance",Stroke
"fatigue, tremor, slow, movement, muscle, stiffness, shaking, hands, language, problems, poor, judgment, memory, impairment, resting, speech, reduced, difficulty, walking, balance, rigid, muscles, headache",Parkinson's
"language, problems, poor, judgment, memory, impairment, slurred, speech, weakness, paralysis, dizziness, loss, balance, forgetfulness, personality, changes, cognitive, decline, headache",Dementia
"slurred, speech, weakness, paralysis, dizziness, loss, balance, sudden, numbness, confusion, severe, headache, vision, nausea, facial, drooping, arm, difficulty",Stroke
"headache, sudden, collapse, twitching, loss, awareness, nausea, memory, confusion, difficulty, thinking, disorientation, language, problems, poor, judgment, impairment, forgetfulness, personality, changes, cognitive, decline",Dementia
"forgetfulness, personality, changes, cognitive, decline, convulsions, staring, spells, body, shaking, unconsciousness, sudden, collapse, twitching, loss, awareness, fatigue, nausea",Epilepsy
"headache, sudden, collapse, twitching, loss, awareness, convulsions, staring, spells, body, shaking, unconsciousness, seizure, consciousness, muscle, jerks, confusion, weakness",Epilepsy
"fatigue, tremor, slow, movement, muscle, stiffness, shaking, hands, resting, speech, reduced, convulsions, staring, spells, body, unconsciousness, headache",Parkinson's
"intense, head, pain, vomiting, fatigue, blurred, vision, difficulty, walking, balance, problems, rigid, muscles, weakness, severe, headache, nausea, light, sensitivity, throbbing, visual, aura, dizziness, sound",Migraine
"throbbing, headache, visual, aura, dizziness, sensitivity, sound, weakness, sudden, numbness, confusion, severe, vision, loss, intense, head, pain, vomiting, fatigue, blurred",Migraine
"convulsions, staring, spells, body, shaking, unconsciousness, seizure, loss, consciousness, muscle, jerks, confusion, pain, fatigue, sudden, collapse, twitching, awareness",Epilepsy
"fatigue, resting, tremor, slow, speech, reduced, movement, difficulty, walking, balance, problems, rigid, muscles, pain, muscle, stiffness, shaking, hands",Parkinson's
"difficulty, walking, balance, problems, rigid, muscles, weakness, resting, tremor, slow, speech, reduced, movement, fatigue",Parkinson's
"language, problems, poor, judgment, memory, impairment, dizziness, forgetfulness, personality, changes, cognitive, decline, loss, confusion, difficulty, thinking, disorientation, fatigue",Dementia
"language, problems, poor, judgment, memory, impairment, dizziness, weakness, loss, confusion, difficulty, thinking, disorientation",Dementia
"fatigue, throbbing, headache, visual, aura, dizziness, sensitivity, sound, severe, nausea, light, vomiting, language, problems, poor, judgment, memory, impairment, pain",Migraine
"dizziness, nausea, resting, tremor, slow, speech, reduced, movement, memory, loss, confusion, difficulty, thinking, disorientation",Dementia
"throbbing, headache, visual, aura, dizziness, sensitivity, sound, nausea, fatigue, intense, head, pain, vomiting, blurred, vision, severe, light, memory, loss, confusion, difficulty, thinking, disorientation",Migraine
"convulsions, staring, spells, body, shaking, unconsciousness, facial, drooping, arm, weakness, speech, difficulty, headache, sudden, collapse, twitching, loss, awareness, dizziness",Epilepsy
"sudden, numbness, confusion, severe, headache, vision, loss, fatigue, intense, head, pain, vomiting, blurred, weakness",Migraine
"weakness, nausea, intense, head, pain, vomiting, fatigue, blurred, vision, language, problems, poor, judgment, memory, impairment",Migraine
"forgetfulness, personality, changes, cognitive, decline, fatigue, nausea, resting, tremor, slow, speech, reduced, movement",Dementia
"throbbing, headache, visual, aura, dizziness, sensitivity, sound, fatigue, severe, nausea, light, vomiting, intense, head, pain, blurred, vision, language, problems, poor, judgment, memory, impairment",Migraine
"weakness, headache, slurred, speech, paralysis, dizziness, loss, balance, throbbing, visual, aura, sensitivity, sound",Stroke
"convulsions, staring, spells, body, shaking, unconsciousness, nausea, sudden, numbness, confusion, severe, headache, vision, loss, slurred, speech, weakness, paralysis, dizziness, balance",Stroke
"pain, intense, head, vomiting, fatigue, blurred, vision, weakness, tremor, slow, movement, muscle, stiffness, shaking, hands",Parkinson's
"memory, loss, confusion, difficulty, thinking, disorientation, language, problems, poor, judgment, impairment, forgetfulness, personality, changes, cognitive, decline, headache, facial, drooping, arm, weakness, speech",Dementia
"fatigue, pain, intense, head, vomiting, blurred, vision, forgetfulness, personality, changes, cognitive, decline",Dementia
"slurred, speech, weakness, paralysis, dizziness, loss, balance, sudden, numbness, confusion, severe, headache, vision, facial, drooping, arm, difficulty, pain, fatigue",Stroke
"dizziness, fatigue, slurred, speech, weakness, paralysis, loss, balance",Stroke
"tremor, slow, movement, muscle, stiffness, shaking, hands, nausea, dizziness, slurred, speech, weakness, paralysis, loss, balance",Parkinson's
"nausea, sudden, numbness, confusion, severe, headache, vision, loss, memory, difficulty, thinking, disorientation, pain, slurred, speech, weakness, paralysis, dizziness, balance",Stroke
"language, problems, poor, judgment, memory, impairment, forgetfulness, personality, changes, cognitive, decline, pain, fatigue",Dementia
"seizure, loss, consciousness, muscle, jerks, confusion, intense, head, pain, vomiting, fatigue, blurred, vision, nausea, sudden, collapse, twitching, awareness, headache",Epilepsy
"resting, tremor, slow, speech, reduced, movement, dizziness, pain, intense, head, vomiting, fatigue, blurred, vision, severe, headache, nausea, light, sensitivity",Migraine
"weakness, intense, head, pain, vomiting, fatigue, blurred, vision, tremor, slow, movement, muscle, stiffness, shaking, hands",Migraine
"intense, head, pain, vomiting, fatigue, blurred, vision, severe, headache, nausea, light, sensitivity, weakness, sudden, collapse, twitching, loss, awareness, throbbing, visual, aura, dizziness, sound",Migraine
"tremor, slow, movement, muscle, stiffness, shaking, hands, resting, speech, reduced, convulsions, staring, spells, body, unconsciousness, dizziness, headache, difficulty, walking, balance, problems, rigid, muscles",Parkinson's
"throbbing, headache, visual, aura, dizziness, sensitivity, sound, severe, nausea, light, vomiting, difficulty, walking, balance, problems, rigid, muscles, intense, head, pain, fatigue, blurred, vision",Migraine
"severe, headache, nausea, light, sensitivity, vomiting, fatigue, intense, head, pain, blurred, vision, facial, drooping, arm, weakness, speech, difficulty, throbbing, visual, aura, dizziness, sound",Migraine
"pain, nausea, language, problems, poor, judgment, memory, impairment",Dementia
"slurred, speech, weakness, paralysis, dizziness, loss, balance, sudden, collapse, twitching, awareness, pain, nausea",Epilepsy
"forgetfulness, personality, changes, cognitive, decline, dizziness, sudden, numbness, confusion, severe, headache, vision, loss, facial, drooping, arm, weakness, speech, difficulty, nausea, slurred, paralysis, balance",Stroke
"throbbing, headache, visual, aura, dizziness, sensitivity, sound, weakness, nausea, convulsions, staring, spells, body, shaking, unconsciousness, intense, head, pain, vomiting, fatigue, blurred, vision",Migraine
"throbbing, headache, visual, aura, dizziness, sensitivity, sound, severe, nausea, light, vomiting, facial, drooping, arm, weakness, speech, difficulty, pain",Migraine
"sudden, collapse, twitching, loss, awareness, difficulty, walking, balance, problems, rigid, muscles, resting, tremor, slow, speech, reduced, movement, nausea, dizziness",Parkinson's
"memory, loss, confusion, difficulty, thinking, disorientation, pain, language, problems, poor, judgment, impairment, fatigue, forgetfulness, personality, changes, cognitive, decline, seizure, consciousness, muscle, jerks",Dementia
"severe, headache, nausea, light, sensitivity, vomiting, dizziness, intense, head, pain, fatigue, blurred, vision, throbbing, visual, aura, sound, convulsions, staring, spells, body, shaking, unconsciousness",Migraine
"pain, weakness, tremor, slow, movement, muscle, stiffness, shaking, hands, intense, head, vomiting, fatigue, blurred, vision, resting, speech, reduced",Parkinson's
"headache, pain, memory, loss, confusion, difficulty, thinking, disorientation, resting, tremor, slow, speech, reduced, movement, forgetfulness, personality, changes, cognitive, decline",Dementia
"headache, weakness, slurred, speech, paralysis, dizziness, loss, balance, sudden, numbness, confusion, severe, vision",Stroke
"throbbing, headache, visual, aura, dizziness, sensitivity, sound, nausea, severe, light, vomiting",Migraine
"language, problems, poor, judgment, memory, impairment, intense, head, pain, vomiting, fatigue, blurred, vision, loss, confusion, difficulty, thinking, disorientation, weakness, dizziness, forgetfulness, personality, changes, cognitive, decline",Dementia
"severe, headache, nausea, light, sensitivity, vomiting, pain, resting, tremor, slow, speech, reduced, movement, muscle, stiffness, shaking, hands, weakness",Parkinson's
"dizziness, language, problems, poor, judgment, memory, impairment, forgetfulness, personality, changes, cognitive, decline, headache, loss, confusion, difficulty, thinking, disorientation",Dementia
"sudden, collapse, twitching, loss, awareness, fatigue, numbness, confusion, severe, headache, vision, nausea, slurred, speech, weakness, paralysis, dizziness, balance, facial, drooping, arm, difficulty",Stroke
"nausea, forgetfulness, personality, changes, cognitive, decline, language, problems, poor, judgment, memory, impairment, loss, confusion, difficulty, thinking, disorientation, dizziness, tremor, slow, movement, muscle, stiffness, shaking, hands",Dementia
"headache, forgetfulness, personality, changes, cognitive, decline, weakness",Dementia
"headache, difficulty, walking, balance, problems, rigid, muscles, throbbing, visual, aura, dizziness, sensitivity, sound, tremor, slow, movement, muscle, stiffness, shaking, hands, weakness",Parkinson's
"tremor, slow, movement, muscle, stiffness, shaking, hands, resting, speech, reduced, nausea, difficulty, walking, balance, problems, rigid, muscles, intense, head, pain, vomiting, fatigue, blurred, vision",Parkinson's
"intense, head, pain, vomiting, fatigue, blurred, vision, language, problems, poor, judgment, memory, impairment, headache, severe, nausea, light, sensitivity, throbbing, visual, aura, dizziness, sound",Migraine
"pain, throbbing, headache, visual, aura, dizziness, sensitivity, sound, severe, nausea, light, vomiting, intense, head, fatigue, blurred, vision, language, problems, poor, judgment, memory, impairment",Migraine
"throbbing, headache, visual, aura, dizziness, sensitivity, sound, fatigue, tremor, slow, movement, muscle, stiffness, shaking, hands, severe, nausea, light, vomiting",Migraine
"resting, tremor, slow, speech, reduced, movement, dizziness, intense, head, pain, vomiting, fatigue, blurred, vision, severe, headache, nausea, light, sensitivity",Migraine
"tremor, slow, movement, muscle, stiffness, shaking, hands, difficulty, walking, balance, problems, rigid, muscles, nausea, forgetfulness, personality, changes, cognitive, decline, weakness",Parkinson's
"fatigue, throbbing, headache, visual, aura, dizziness, sensitivity, sound, forgetfulness, personality, changes, cognitive, decline, nausea",Dementia
"pain, convulsions, staring, spells, body, shaking, unconsciousness, resting, tremor, slow, speech, reduced, movement, headache",Epilepsy
"sudden, numbness, confusion, severe, headache, vision, loss, facial, drooping, arm, weakness, speech, difficulty, slurred, paralysis, dizziness, balance",Stroke
"fatigue, throbbing, headache, visual, aura, dizziness, sensitivity, sound, seizure, loss, consciousness, muscle, jerks, confusion, sudden, collapse, twitching, awareness, nausea, convulsions, staring, spells, body, shaking, unconsciousness",Epilepsy
"language, problems, poor, judgment, memory, impairment, loss, confusion, difficulty, thinking, disorientation, headache, nausea, tremor, slow, movement, muscle, stiffness, shaking, hands",Dementia
"weakness, forgetfulness, personality, changes, cognitive, decline, resting, tremor, slow, speech, reduced, movement, headache",Dementia
"tremor, slow, movement, muscle, stiffness, shaking, hands, nausea, headache, resting, speech, reduced",Parkinson's
"intense, head, pain, vomiting, fatigue, blurred, vision, forgetfulness, personality, changes, cognitive, decline, memory, loss, confusion, difficulty, thinking, disorientation, language, problems, poor, judgment, impairment, weakness",Dementia
"seizure, loss, consciousness, muscle, jerks, confusion, fatigue, tremor, slow, movement, stiffness, shaking, hands, headache",Epilepsy
"memory, loss, confusion, difficulty, thinking, disorientation, throbbing, headache, visual, aura, dizziness, sensitivity, sound, forgetfulness, personality, changes, cognitive, decline, nausea",Dementia
"slurred, speech, weakness, paralysis, dizziness, loss, balance, headache, tremor, slow, movement, muscle, stiffness, shaking, hands, difficulty, walking, problems, rigid, muscles",Parkinson's
"weakness, severe, headache, nausea, light, sensitivity, vomiting, sudden, collapse, twitching, loss, awareness, convulsions, staring, spells, body, shaking, unconsciousness, fatigue",Epilepsy
"nausea, language, problems, poor, judgment, memory, impairment, dizziness, seizure, loss, consciousness, muscle, jerks, confusion, sudden, collapse, twitching, awareness",Epilepsy
"pain, forgetfulness, personality, changes, cognitive, decline, nausea, memory, loss, confusion, difficulty, thinking, disorientation",Dementia
"language, problems, poor, judgment, memory, impairment, facial, drooping, arm, weakness, speech, difficulty, headache, pain, sudden, numbness, confusion, severe, vision, loss, slurred, paralysis, dizziness, balance",Stroke
"weakness, intense, head, pain, vomiting, fatigue, blurred, vision, dizziness, tremor, slow, movement, muscle, stiffness, shaking, hands, throbbing, headache, visual, aura, sensitivity, sound",Migraine
"sudden, numbness, confusion, severe, headache, vision, loss, resting, tremor, slow, speech, reduced, movement, pain, difficulty, walking, balance, problems, rigid, muscles, weakness",Parkinson's
"language, problems, poor, judgment, memory, impairment, nausea, convulsions, staring, spells, body, shaking, unconsciousness, pain",Epilepsy
"headache, sudden, collapse, twitching, loss, awareness, dizziness, seizure, consciousness, muscle, jerks, confusion, language, problems, poor, judgment, memory, impairment",Epilepsy
"severe, headache, nausea, light, sensitivity, vomiting, dizziness, convulsions, staring, spells, body, shaking, unconsciousness, intense, head, pain, fatigue, blurred, vision",Migraine
"sudden, numbness, confusion, severe, headache, vision, loss, tremor, slow, movement, muscle, stiffness, shaking, hands, slurred, speech, weakness, paralysis, dizziness, balance, facial, drooping, arm, difficulty, nausea",Stroke
"dizziness, forgetfulness, personality, changes, cognitive, decline, language, problems, poor, judgment, memory, impairment, pain, throbbing, headache, visual, aura, sensitivity, sound",Dementia
"fatigue, language, problems, poor, judgment, memory, impairment, pain, throbbing, headache, visual, aura, dizziness, sensitivity, sound, intense, head, vomiting, blurred, vision",Migraine
"facial, drooping, arm, weakness, speech, difficulty, sudden, numbness, confusion, severe, headache, vision, loss, slurred, paralysis, dizziness, balance, memory, thinking, disorientation, pain",Stroke
"dizziness, language, problems, poor, judgment, memory, impairment, fatigue, severe, headache, nausea, light, sensitivity, vomiting, loss, confusion, difficulty, thinking, disorientation",Dementia
"pain, sudden, numbness, confusion, severe, headache, vision, loss, seizure, consciousness, muscle, jerks, nausea",Epilepsy
"intense, head, pain, vomiting, fatigue, blurred, vision, resting, tremor, slow, speech, reduced, movement, headache, weakness",Parkinson's
"nausea, facial, drooping, arm, weakness, speech, difficulty, fatigue, language, problems, poor, judgment, memory, impairment",Stroke
"memory, loss, confusion, difficulty, thinking, disorientation, facial, drooping, arm, weakness, speech, fatigue, nausea",Stroke
"fatigue, pain, severe, headache, nausea, light, sensitivity, vomiting, tremor, slow, movement, muscle, stiffness, shaking, hands",Migraine
"headache, weakness, sudden, collapse, twitching, loss, awareness, severe, nausea, light, sensitivity, vomiting",Epilepsy
"nausea, pain, sudden, numbness, confusion, severe, headache, vision, loss, throbbing, visual, aura, dizziness, sensitivity, sound",Migraine
"language, problems, poor, judgment, memory, impairment, loss, confusion, difficulty, thinking, disorientation, weakness, headache, forgetfulness, personality, changes, cognitive, decline",Dementia
"language, problems, poor, judgment, memory, impairment, difficulty, walking, balance, rigid, muscles, tremor, slow, movement, muscle, stiffness, shaking, hands, resting, speech, reduced, dizziness, fatigue",Parkinson's
"severe, headache, nausea, light, sensitivity, vomiting, dizziness, throbbing, visual, aura, sound, weakness, intense, head, pain, fatigue, blurred, vision, difficulty, walking, balance, problems, rigid, muscles",Migraine
"memory, loss, confusion, difficulty, thinking, disorientation, nausea, dizziness, forgetfulness, personality, changes, cognitive, decline, language, problems, poor, judgment, impairment",Dementia
"weakness, facial, drooping, arm, speech, difficulty, fatigue, sudden, collapse, twitching, loss, awareness",Stroke
"dizziness, difficulty, walking, balance, problems, rigid, muscles, headache, sudden, numbness, confusion, severe, vision, loss, facial, drooping, arm, weakness, speech",Stroke
"dizziness, throbbing, headache, visual, aura, sensitivity, sound, slurred, speech, weakness, paralysis, loss, balance, intense, head, pain, vomiting, fatigue, blurred, vision, severe, nausea, light",Migraine
"weakness, intense, head, pain, vomiting, fatigue, blurred, vision, headache, tremor, slow, movement, muscle, stiffness, shaking, hands",Parkinson's
"weakness, seizure, loss, consciousness, muscle, jerks, confusion, tremor, slow, movement, stiffness, shaking, hands, nausea",Epilepsy
"nausea, pain, intense, head, vomiting, fatigue, blurred, vision, tremor, slow, movement, muscle, stiffness, shaking, hands",Parkinson's
"dizziness, seizure, loss, consciousness, muscle, jerks, confusion, severe, headache, nausea, light, sensitivity, vomiting, fatigue",Migraine
"sudden, numbness, confusion, severe, headache, vision, loss, slurred, speech, weakness, paralysis, dizziness, balance, intense, head, pain, vomiting, fatigue, blurred",Stroke
"fatigue, throbbing, headache, visual, aura, dizziness, sensitivity, sound, intense, head, pain, vomiting, blurred, vision, memory, loss, confusion, difficulty, thinking, disorientation, severe, nausea, light",Migraine
"seizure, loss, consciousness, muscle, jerks, confusion, difficulty, walking, balance, problems, rigid, muscles, convulsions, staring, spells, body, shaking, unconsciousness, weakness, headache",Epilepsy
"throbbing, headache, visual, aura, dizziness, sensitivity, sound, forgetfulness, personality, changes, cognitive, decline, nausea, language, problems, poor, judgment, memory, impairment, weakness, loss, confusion, difficulty, thinking, disorientation",Dementia
"forgetfulness, personality, changes, cognitive, decline, seizure, loss, consciousness, muscle, jerks, confusion, sudden, collapse, twitching, awareness, pain, headache, convulsions, staring, spells, body, shaking, unconsciousness",Epilepsy
"weakness, slurred, speech, paralysis, dizziness, loss, balance, headache, facial, drooping, arm, difficulty",Stroke
"throbbing, headache, visual, aura, dizziness, sensitivity, sound, language, problems, poor, judgment, memory, impairment, intense, head, pain, vomiting, fatigue, blurred, vision, severe, nausea, light",Migraine
"pain, fatigue, resting, tremor, slow, speech, reduced, movement, difficulty, walking, balance, problems, rigid, muscles, sudden, collapse, twitching, loss, awareness",Parkinson's
"resting, tremor, slow, speech, reduced, movement, severe, headache, nausea, light, sensitivity, vomiting, muscle, stiffness, shaking, hands, difficulty, walking, balance, problems, rigid, muscles",Parkinson's
"weakness, forgetfulness, personality, changes, cognitive, decline, sudden, collapse, twitching, loss, awareness, nausea, convulsions, staring, spells, body, shaking, unconsciousness",Epilepsy
"dizziness, fatigue, sudden, numbness, confusion, severe, headache, vision, loss, nausea, light, sensitivity, vomiting",Migraine
"dizziness, resting, tremor, slow, speech, reduced, movement, muscle, stiffness, shaking, hands, difficulty, walking, balance, problems, rigid, muscles, weakness",Parkinson's
"pain, sudden, numbness, confusion, severe, headache, vision, loss, fatigue, language, problems, poor, judgment, memory, impairment, slurred, speech, weakness, paralysis, dizziness, balance",Stroke
"sudden, collapse, twitching, loss, awareness, slurred, speech, weakness, paralysis, dizziness, balance, headache, convulsions, staring, spells, body, shaking, unconsciousness",Epilepsy
"headache, facial, drooping, arm, weakness, speech, difficulty, sudden, numbness, confusion, severe, vision, loss, tremor, slow, movement, muscle, stiffness, shaking, hands",Stroke
"difficulty, walking, balance, problems, rigid, muscles, nausea, language, poor, judgment, memory, impairment, resting, tremor, slow, speech, reduced, movement, weakness, muscle, stiffness, shaking, hands",Parkinson's
"difficulty, walking, balance, problems, rigid, muscles, nausea, tremor, slow, movement, muscle, stiffness, shaking, hands, resting, speech, reduced, pain",Parkinson's
"tremor, slow, movement, muscle, stiffness, shaking, hands, nausea, seizure, loss, consciousness, jerks, confusion, headache",Parkinson's
"intense, head, pain, vomiting, fatigue, blurred, vision, throbbing, headache, visual, aura, dizziness, sensitivity, sound, weakness, forgetfulness, personality, changes, cognitive, decline",Migraine
"throbbing, headache, visual, aura, dizziness, sensitivity, sound, tremor, slow, movement, muscle, stiffness, shaking, hands, difficulty, walking, balance, problems, rigid, muscles, resting, speech, reduced, pain",Parkinson's
"slurred, speech, weakness, paralysis, dizziness, loss, balance, convulsions, staring, spells, body, shaking, unconsciousness, nausea, sudden, numbness, confusion, severe, headache, vision, pain, facial, drooping, arm, difficulty",Stroke
"weakness, difficulty, walking, balance, problems, rigid, muscles, sudden, numbness, confusion, severe, headache, vision, loss, pain",Parkinson's
"language, problems, poor, judgment, memory, impairment, loss, confusion, difficulty, thinking, disorientation, fatigue, pain, intense, head, vomiting, blurred, vision, forgetfulness, personality, changes, cognitive, decline",Dementia
"weakness, severe, headache, nausea, light, sensitivity, vomiting, forgetfulness, personality, changes, cognitive, decline, dizziness, language, problems, poor, judgment, memory, impairment",Dementia
"slurred, speech, weakness, paralysis, dizziness, loss, balance, throbbing, headache, visual, aura, sensitivity, sound, pain",Stroke
"weakness, fatigue, sudden, numbness, confusion, severe, headache, vision, loss, language, problems, poor, judgment, memory, impairment, forgetfulness, personality, changes, cognitive, decline",Dementia
"pain, nausea, language, problems, poor, judgment, memory, impairment, loss, confusion, difficulty, thinking, disorientation, sudden, collapse, twitching, awareness",Dementia
"difficulty, walking, balance, problems, rigid, muscles, seizure, loss, consciousness, muscle, jerks, confusion, pain, resting, tremor, slow, speech, reduced, movement, stiffness, shaking, hands, fatigue",Parkinson's
"seizure, loss, consciousness, muscle, jerks, confusion, nausea, dizziness, forgetfulness, personality, changes, cognitive, decline",Dementia
"difficulty, walking, balance, problems, rigid, muscles, resting, tremor, slow, speech, reduced, movement, dizziness, pain, sudden, collapse, twitching, loss, awareness",Parkinson's
"forgetfulness, personality, changes, cognitive, decline, dizziness, headache, language, problems, poor, judgment, memory, impairment, loss, confusion, difficulty, thinking, disorientation, sudden, numbness, severe, vision",Dementia
"sudden, collapse, twitching, loss, awareness, weakness, memory, confusion, difficulty, thinking, disorientation, fatigue",Dementia
"fatigue, intense, head, pain, vomiting, blurred, vision, convulsions, staring, spells, body, shaking, unconsciousness, dizziness",Migraine
"seizure, loss, consciousness, muscle, jerks, confusion, memory, difficulty, thinking, disorientation, weakness, forgetfulness, personality, changes, cognitive, decline, dizziness",Dementia
"severe, headache, nausea, light, sensitivity, vomiting, weakness, facial, drooping, arm, speech, difficulty, sudden, numbness, confusion, vision, loss, slurred, paralysis, dizziness, balance",Stroke
"seizure, loss, consciousness, muscle, jerks, confusion, pain, difficulty, walking, balance, problems, rigid, muscles, dizziness, convulsions, staring, spells, body, shaking, unconsciousness, sudden, collapse, twitching, awareness",Epilepsy
"weakness, language, problems, poor, judgment, memory, impairment, forgetfulness, personality, changes, cognitive, decline, loss, confusion, difficulty, thinking, disorientation, headache",Dementia
"slurred, speech, weakness, paralysis, dizziness, loss, balance, language, problems, poor, judgment, memory, impairment, sudden, numbness, confusion, severe, headache, vision, pain, facial, drooping, arm, difficulty",Stroke
"facial, drooping, arm, weakness, speech, difficulty, intense, head, pain, vomiting, fatigue, blurred, vision, dizziness",Migraine
"sudden, collapse, twitching, loss, awareness, headache, nausea, forgetfulness, personality, changes, cognitive, decline, convulsions, staring, spells, body, shaking, unconsciousness",Epilepsy
"nausea, sudden, numbness, confusion, severe, headache, vision, loss, throbbing, visual, aura, dizziness, sensitivity, sound, fatigue",Migraine
"pain, convulsions, staring, spells, body, shaking, unconsciousness, weakness, sudden, collapse, twitching, loss, awareness",Epilepsy
"language, problems, poor, judgment, memory, impairment, nausea, seizure, loss, consciousness, muscle, jerks, confusion, dizziness, difficulty, thinking, disorientation",Dementia
"difficulty, walking, balance, problems, rigid, muscles, weakness, forgetfulness, personality, changes, cognitive, decline, dizziness, memory, loss, confusion, thinking, disorientation",Dementia
"weakness, fatigue, convulsions, staring, spells, body, shaking, unconsciousness, facial, drooping, arm, speech, difficulty, sudden, numbness, confusion, severe, headache, vision, loss",Stroke
"seizure, loss, consciousness, muscle, jerks, confusion, headache, intense, head, pain, vomiting, fatigue, blurred, vision, throbbing, visual, aura, dizziness, sensitivity, sound, nausea",Migraine
"weakness, convulsions, staring, spells, body, shaking, unconsciousness, sudden, numbness, confusion, severe, headache, vision, loss, nausea, seizure, consciousness, muscle, jerks, collapse, twitching, awareness",Epilepsy
"severe, headache, nausea, light, sensitivity, vomiting, weakness, facial, drooping, arm, speech, difficulty",Stroke
"language, problems, poor, judgment, memory, impairment, forgetfulness, personality, changes, cognitive, decline, fatigue, headache, loss, confusion, difficulty, thinking, disorientation, facial, drooping, arm, weakness, speech",Dementia
"headache, severe, nausea, light, sensitivity, vomiting, fatigue, seizure, loss, consciousness, muscle, jerks, confusion",Migraine
"dizziness, weakness, throbbing, headache, visual, aura, sensitivity, sound, sudden, collapse, twitching, loss, awareness, intense, head, pain, vomiting, fatigue, blurred, vision, severe, nausea, light",Migraine
"dizziness, sudden, numbness, confusion, severe, headache, vision, loss, nausea, light, sensitivity, vomiting",Migraine
"nausea, pain, tremor, slow, movement, muscle, stiffness, shaking, hands",Parkinson's
"headache, sudden, numbness, confusion, severe, vision, loss, nausea, light, sensitivity, vomiting, weakness, intense, head, pain, fatigue, blurred",Migraine
"pain, intense, head, vomiting, fatigue, blurred, vision, sudden, numbness, confusion, severe, headache, loss, facial, drooping, arm, weakness, speech, difficulty, slurred, paralysis, dizziness, balance",Stroke
"intense, head, pain, vomiting, fatigue, blurred, vision, headache, convulsions, staring, spells, body, shaking, unconsciousness",Migraine
"intense, head, pain, vomiting, fatigue, blurred, vision, dizziness, throbbing, headache, visual, aura, sensitivity, sound",Migraine
"forgetfulness, personality, changes, cognitive, decline, memory, loss, confusion, difficulty, thinking, disorientation, fatigue, weakness, severe, headache, nausea, light, sensitivity, vomiting",Dementia
"resting, tremor, slow, speech, reduced, movement, muscle, stiffness, shaking, hands, forgetfulness, personality, changes, cognitive, decline, weakness, pain",Parkinson's
"dizziness, memory, loss, confusion, difficulty, thinking, disorientation, pain, sudden, collapse, twitching, awareness",Epilepsy
"dizziness, language, problems, poor, judgment, memory, impairment, forgetfulness, personality, changes, cognitive, decline, loss, confusion, difficulty, thinking, disorientation, nausea",Dementia
"sudden, numbness, confusion, severe, headache, vision, loss, slurred, speech, weakness, paralysis, dizziness, balance, pain, facial, drooping, arm, difficulty, convulsions, staring, spells, body, shaking, unconsciousness",Stroke
"seizure, loss, consciousness, muscle, jerks, confusion, fatigue, throbbing, headache, visual, aura, dizziness, sensitivity, sound, pain",Migraine
"facial, drooping, arm, weakness, speech, difficulty, headache, sudden, numbness, confusion, severe, vision, loss, fatigue, seizure, consciousness, muscle, jerks",Stroke
"sudden, numbness, confusion, severe, headache, vision, loss, nausea, language, problems, poor, judgment, memory, impairment, forgetfulness, personality, changes, cognitive, decline, pain, difficulty, thinking, disorientation",Dementia
"nausea, slurred, speech, weakness, paralysis, dizziness, loss, balance, forgetfulness, personality, changes, cognitive, decline, memory, confusion, difficulty, thinking, disorientation",Dementia
"resting, tremor, slow, speech, reduced, movement, sudden, numbness, confusion, severe, headache, vision, loss, pain, facial, drooping, arm, weakness, difficulty, slurred, paralysis, dizziness, balance",Stroke
"convulsions, staring, spells, body, shaking, unconsciousness, pain, dizziness, language, problems, poor, judgment, memory, impairment",Epilepsy
"fatigue, language, problems, poor, judgment, memory, impairment, pain, intense, head, vomiting, blurred, vision, throbbing, headache, visual, aura, dizziness, sensitivity, sound, severe, nausea, light",Migraine
"tremor, slow, movement, muscle, stiffness, shaking, hands, forgetfulness, personality, changes, cognitive, decline, memory, loss, confusion, difficulty, thinking, disorientation, dizziness, weakness",Dementia
"facial, drooping, arm, weakness, speech, difficulty, slurred, paralysis, dizziness, loss, balance, throbbing, headache, visual, aura, sensitivity, sound, pain",Stroke
"headache, dizziness, language, problems, poor, judgment, memory, impairment, convulsions, staring, spells, body, shaking, unconsciousness",Epilepsy
"language, problems, poor, judgment, memory, impairment, loss, confusion, difficulty, thinking, disorientation, headache, dizziness, forgetfulness, personality, changes, cognitive, decline",Dementia
"headache, throbbing, visual, aura, dizziness, sensitivity, sound, severe, nausea, light, vomiting, memory, loss, confusion, difficulty, thinking, disorientation, intense, head, pain, fatigue, blurred, vision",Migraine
"weakness, severe, headache, nausea, light, sensitivity, vomiting, pain, intense, head, fatigue, blurred, vision, facial, drooping, arm, speech, difficulty, throbbing, visual, aura, dizziness, sound",Migraine
"headache, convulsions, staring, spells, body, shaking, unconsciousness, pain, severe, nausea, light, sensitivity, vomiting, intense, head, fatigue, blurred, vision, throbbing, visual, aura, dizziness, sound",Migraine
"dizziness, sudden, collapse, twitching, loss, awareness, language, problems, poor, judgment, memory, impairment, nausea",Dementia
"headache, language, problems, poor, judgment, memory, impairment, loss, confusion, difficulty, thinking, disorientation, weakness, tremor, slow, movement, muscle, stiffness, shaking, hands",Dementia
"sudden, numbness, confusion, severe, headache, vision, loss, weakness, pain, slurred, speech, paralysis, dizziness, balance, throbbing, visual, aura, sensitivity, sound",Stroke
"facial, drooping, arm, weakness, speech, difficulty, dizziness, sudden, numbness, confusion, severe, headache, vision, loss, language, problems, poor, judgment, memory, impairment",Stroke
"fatigue, sudden, collapse, twitching, loss, awareness, dizziness, facial, drooping, arm, weakness, speech, difficulty",Stroke
"nausea, slurred, speech, weakness, paralysis, dizziness, loss, balance, memory, confusion, difficulty, thinking, disorientation, pain, forgetfulness, personality, changes, cognitive, decline",Dementia
"dizziness, slurred, speech, weakness, paralysis, loss, balance, nausea, facial, drooping, arm, difficulty, tremor, slow, movement, muscle, stiffness, shaking, hands",Stroke
"language, problems, poor, judgment, memory, impairment, forgetfulness, personality, changes, cognitive, decline, difficulty, walking, balance, rigid, muscles, loss, confusion, thinking, disorientation, dizziness, nausea",Dementia
"fatigue, seizure, loss, consciousness, muscle, jerks, confusion, tremor, slow, movement, stiffness, shaking, hands, weakness",Epilepsy
"language, problems, poor, judgment, memory, impairment, seizure, loss, consciousness, muscle, jerks, confusion, fatigue, forgetfulness, personality, changes, cognitive, decline, pain",Dementia
"dizziness, forgetfulness, personality, changes, cognitive, decline, slurred, speech, weakness, paralysis, loss, balance, memory, confusion, difficulty, thinking, disorientation, headache",Dementia
"dizziness, resting, tremor, slow, speech, reduced, movement, throbbing, headache, visual, aura, sensitivity, sound, difficulty, walking, balance, problems, rigid, muscles, muscle, stiffness, shaking, hands, nausea",Parkinson's
"dizziness, nausea, convulsions, staring, spells, body, shaking, unconsciousness, sudden, collapse, twitching, loss, awareness, language, problems, poor, judgment, memory, impairment, seizure, consciousness, muscle, jerks, confusion",Epilepsy
"convulsions, staring, spells, body, shaking, unconsciousness, pain, seizure, loss, consciousness, muscle, jerks, confusion, nausea, sudden, collapse, twitching, awareness, language, problems, poor, judgment, memory, impairment",Epilepsy
"pain, severe, headache, nausea, light, sensitivity, vomiting, intense, head, fatigue, blurred, vision, weakness",Migraine
"resting, tremor, slow, speech, reduced, movement, pain, dizziness, severe, headache, nausea, light, sensitivity, vomiting",Parkinson's
"intense, head, pain, vomiting, fatigue, blurred, vision, difficulty, walking, balance, problems, rigid, muscles, dizziness, throbbing, headache, visual, aura, sensitivity, sound, weakness",Migraine
"convulsions, staring, spells, body, shaking, unconsciousness, fatigue, sudden, collapse, twitching, loss, awareness, headache, seizure, consciousness, muscle, jerks, confusion",Epilepsy
"headache, severe, nausea, light, sensitivity, vomiting, difficulty, walking, balance, problems, rigid, muscles, tremor, slow, movement, muscle, stiffness, shaking, hands, resting, speech, reduced",Parkinson's
"seizure, loss, consciousness, muscle, jerks, confusion, severe, headache, nausea, light, sensitivity, vomiting, intense, head, pain, fatigue, blurred, vision, dizziness, throbbing, visual, aura, sound",Migraine
"weakness, pain, severe, headache, nausea, light, sensitivity, vomiting, memory, loss, confusion, difficulty, thinking, disorientation, forgetfulness, personality, changes, cognitive, decline",Dementia
"tremor, slow, movement, muscle, stiffness, shaking, hands, resting, speech, reduced, difficulty, walking, balance, problems, rigid, muscles, weakness, convulsions, staring, spells, body, unconsciousness, nausea",Parkinson's
"nausea, slurred, speech, weakness, paralysis, dizziness, loss, balance, memory, confusion, difficulty, thinking, disorientation, forgetfulness, personality, changes, cognitive, decline, fatigue, language, problems, poor, judgment, impairment",Dementia
"facial, drooping, arm, weakness, speech, difficulty, forgetfulness, personality, changes, cognitive, decline, sudden, numbness, confusion, severe, headache, vision, loss, slurred, paralysis, dizziness, balance",Stroke
"memory, loss, confusion, difficulty, thinking, disorientation, walking, balance, problems, rigid, muscles, dizziness, pain, language, poor, judgment, impairment",Dementia
"severe, headache, nausea, light, sensitivity, vomiting, weakness, intense, head, pain, fatigue, blurred, vision, resting, tremor, slow, speech, reduced, movement, throbbing, visual, aura, dizziness, sound",Migraine
"fatigue, tremor, slow, movement, muscle, stiffness, shaking, hands, forgetfulness, personality, changes, cognitive, decline, resting, speech, reduced, pain, difficulty, walking, balance, problems, rigid, muscles",Parkinson's
"sudden, collapse, twitching, loss, awareness, dizziness, nausea, forgetfulness, personality, changes, cognitive, decline, convulsions, staring, spells, body, shaking, unconsciousness",Epilepsy
"fatigue, pain, resting, tremor, slow, speech, reduced, movement, difficulty, walking, balance, problems, rigid, muscles, muscle, stiffness, shaking, hands, seizure, loss, consciousness, jerks, confusion",Parkinson's
"pain, resting, tremor, slow, speech, reduced, movement, dizziness",Parkinson's
"headache, sudden, numbness, confusion, severe, vision, loss, throbbing, visual, aura, dizziness, sensitivity, sound",Migraine
"fatigue, slurred, speech, weakness, paralysis, dizziness, loss, balance, sudden, numbness, confusion, severe, headache, vision, intense, head, pain, vomiting, blurred",Stroke
"fatigue, sudden, numbness, confusion, severe, headache, vision, loss, pain, intense, head, vomiting, blurred",Migraine
"facial, drooping, arm, weakness, speech, difficulty, nausea, pain, slurred, paralysis, dizziness, loss, balance",Stroke
"pain, nausea, slurred, speech, weakness, paralysis, dizziness, loss, balance, facial, drooping, arm, difficulty, resting, tremor, slow, reduced, movement, sudden, numbness, confusion, severe, headache, vision",Stroke
"sudden, collapse, twitching, loss, awareness, pain, resting, tremor, slow, speech, reduced, movement, difficulty, walking, balance, problems, rigid, muscles, nausea",Parkinson's
"sudden, numbness, confusion, severe, headache, vision, loss, nausea, fatigue, memory, difficulty, thinking, disorientation, language, problems, poor, judgment, impairment",Dementia
"throbbing, headache, visual, aura, dizziness, sensitivity, sound, resting, tremor, slow, speech, reduced, movement, weakness, pain",Migraine
"weakness, intense, head, pain, vomiting, fatigue, blurred, vision, headache, tremor, slow, movement, muscle, stiffness, shaking, hands, throbbing, visual, aura, dizziness, sensitivity, sound",Migraine
"fatigue, pain, tremor, slow, movement, muscle, stiffness, shaking, hands, resting, speech, reduced, throbbing, headache, visual, aura, dizziness, sensitivity, sound",Parkinson's
"dizziness, memory, loss, confusion, difficulty, thinking, disorientation, weakness",Dementia
"dizziness, tremor, slow, movement, muscle, stiffness, shaking, hands, nausea",Parkinson's
"facial, drooping, arm, weakness, speech, difficulty, sudden, numbness, confusion, severe, headache, vision, loss, slurred, paralysis, dizziness, balance",Stroke
"pain, memory, loss, confusion, difficulty, thinking, disorientation, tremor, slow, movement, muscle, stiffness, shaking, hands, resting, speech, reduced, walking, balance, problems, rigid, muscles, fatigue",Parkinson's
"sudden, numbness, confusion, severe, headache, vision, loss, slurred, speech, weakness, paralysis, dizziness, balance, nausea, light, sensitivity, vomiting",Stroke
"sudden, numbness, confusion, severe, headache, vision, loss, dizziness, tremor, slow, movement, muscle, stiffness, shaking, hands, resting, speech, reduced",Parkinson's
"sudden, numbness, confusion, severe, headache, vision, loss, pain, nausea, light, sensitivity, vomiting, intense, head, fatigue, blurred",Migraine
"headache, sudden, collapse, twitching, loss, awareness, seizure, consciousness, muscle, jerks, confusion, memory, difficulty, thinking, disorientation, weakness",Epilepsy
"sudden, numbness, confusion, severe, headache, vision, loss, facial, drooping, arm, weakness, speech, difficulty, intense, head, pain, vomiting, fatigue, blurred, nausea, dizziness, slurred, paralysis, balance",Stroke
"nausea, dizziness, language, problems, poor, judgment, memory, impairment, difficulty, walking, balance, rigid, muscles",Parkinson's
"fatigue, severe, headache, nausea, light, sensitivity, vomiting, weakness, forgetfulness, personality, changes, cognitive, decline",Migraine
"difficulty, walking, balance, problems, rigid, muscles, slurred, speech, weakness, paralysis, dizziness, loss, fatigue, nausea",Stroke
"pain, nausea, throbbing, headache, visual, aura, dizziness, sensitivity, sound, intense, head, vomiting, fatigue, blurred, vision, convulsions, staring, spells, body, shaking, unconsciousness",Migraine
"pain, sudden, numbness, confusion, severe, headache, vision, loss, language, problems, poor, judgment, memory, impairment, nausea, forgetfulness, personality, changes, cognitive, decline",Dementia
"headache, facial, drooping, arm, weakness, speech, difficulty, pain, slurred, paralysis, dizziness, loss, balance",Stroke
"seizure, loss, consciousness, muscle, jerks, confusion, dizziness, convulsions, staring, spells, body, shaking, unconsciousness, pain",Epilepsy
"tremor, slow, movement, muscle, stiffness, shaking, hands, intense, head, pain, vomiting, fatigue, blurred, vision, headache, severe, nausea, light, sensitivity, throbbing, visual, aura, dizziness, sound",Migraine
"sudden, numbness, confusion, severe, headache, vision, loss, pain, nausea, light, sensitivity, vomiting, facial, drooping, arm, weakness, speech, difficulty, slurred, paralysis, dizziness, balance",Stroke
"difficulty, walking, balance, problems, rigid, muscles, tremor, slow, movement, muscle, stiffness, shaking, hands, throbbing, headache, visual, aura, dizziness, sensitivity, sound, nausea, fatigue, resting, speech, reduced",Parkinson's
"convulsions, staring, spells, body, shaking, unconsciousness, difficulty, walking, balance, problems, rigid, muscles, pain, sudden, collapse, twitching, loss, awareness, dizziness, seizure, consciousness, muscle, jerks, confusion",Epilepsy
"headache, severe, nausea, light, sensitivity, vomiting, weakness, seizure, loss, consciousness, muscle, jerks, confusion",Epilepsy
"intense, head, pain, vomiting, fatigue, blurred, vision, memory, loss, confusion, difficulty, thinking, disorientation, severe, headache, nausea, light, sensitivity, throbbing, visual, aura, dizziness, sound",Migraine
"headache, fatigue, difficulty, walking, balance, problems, rigid, muscles",Parkinson's
"pain, tremor, slow, movement, muscle, stiffness, shaking, hands, nausea, difficulty, walking, balance, problems, rigid, muscles",Parkinson's
"intense, head, pain, vomiting, fatigue, blurred, vision, memory, loss, confusion, difficulty, thinking, disorientation, severe, headache, nausea, light, sensitivity, throbbing, visual, aura, dizziness, sound",Migraine
"dizziness, convulsions, staring, spells, body, shaking, unconsciousness, sudden, numbness, confusion, severe, headache, vision, loss",Stroke
"nausea, intense, head, pain, vomiting, fatigue, blurred, vision, headache, language, problems, poor, judgment, memory, impairment, loss, confusion, difficulty, thinking, disorientation",Dementia
"forgetfulness, personality, changes, cognitive, decline, dizziness, sudden, collapse, twitching, loss, awareness, weakness",Dementia
"forgetfulness, personality, changes, cognitive, decline, seizure, loss, consciousness, muscle, jerks, confusion, nausea, sudden, collapse, twitching, awareness, dizziness",Epilepsy
"weakness, language, problems, poor, judgment, memory, impairment, dizziness",Dementia
"throbbing, headache, visual, aura, dizziness, sensitivity, sound, intense, head, pain, vomiting, fatigue, blurred, vision, nausea, memory, loss, confusion, difficulty, thinking, disorientation, severe, light",Migraine
"resting, tremor, slow, speech, reduced, movement, headache, muscle, stiffness, shaking, hands, weakness, memory, loss, confusion, difficulty, thinking, disorientation, walking, balance, problems, rigid, muscles",Parkinson's
"forgetfulness, personality, changes, cognitive, decline, pain, memory, loss, confusion, difficulty, thinking, disorientation, language, problems, poor, judgment, impairment, headache, resting, tremor, slow, speech, reduced, movement",Dementia
"resting, tremor, slow, speech, reduced, movement, headache, nausea, facial, drooping, arm, weakness, difficulty",Parkinson's
"tremor, slow, movement, muscle, stiffness, shaking, hands, resting, speech, reduced, difficulty, walking, balance, problems, rigid, muscles, weakness, convulsions, staring, spells, body, unconsciousness, fatigue",Parkinson's
"severe, headache, nausea, light, sensitivity, vomiting, throbbing, visual, aura, dizziness, sound, fatigue, intense, head, pain, blurred, vision",Migraine
"headache, sudden, collapse, twitching, loss, awareness, nausea",Epilepsy
"memory, loss, confusion, difficulty, thinking, disorientation, pain, fatigue, language, problems, poor, judgment, impairment, forgetfulness, personality, changes, cognitive, decline, resting, tremor, slow, speech, reduced, movement",Dementia
"intense, head, pain, vomiting, fatigue, blurred, vision, forgetfulness, personality, changes, cognitive, decline, nausea, dizziness, severe, headache, light, sensitivity",Migraine
"fatigue, headache, resting, tremor, slow, speech, reduced, movement, difficulty, walking, balance, problems, rigid, muscles, muscle, stiffness, shaking, hands, severe, nausea, light, sensitivity, vomiting",Parkinson's
"pain, severe, headache, nausea, light, sensitivity, vomiting, resting, tremor, slow, speech, reduced, movement, throbbing, visual, aura, dizziness, sound, fatigue",Migraine
"pain, language, problems, poor, judgment, memory, impairment, fatigue",Dementia
"slurred, speech, weakness, paralysis, dizziness, loss, balance, sudden, collapse, twitching, awareness, pain, numbness, confusion, severe, headache, vision, facial, drooping, arm, difficulty",Stroke
"tremor, slow, movement, muscle, stiffness, shaking, hands, fatigue, headache, sudden, collapse, twitching, loss, awareness, difficulty, walking, balance, problems, rigid, muscles",Parkinson's
"seizure, loss, consciousness, muscle, jerks, confusion, tremor, slow, movement, stiffness, shaking, hands, fatigue, resting, speech, reduced, nausea",Parkinson's
"severe, headache, nausea, light, sensitivity, vomiting, sudden, numbness, confusion, vision, loss, weakness",Migraine
"resting, tremor, slow, speech, reduced, movement, dizziness, fatigue, throbbing, headache, visual, aura, sensitivity, sound",Migraine
"dizziness, throbbing, headache, visual, aura, sensitivity, sound, weakness, severe, nausea, light, vomiting, intense, head, pain, fatigue, blurred, vision, seizure, loss, consciousness, muscle, jerks, confusion",Migraine
"dizziness, tremor, slow, movement, muscle, stiffness, shaking, hands, pain, convulsions, staring, spells, body, unconsciousness",Parkinson's
"slurred, speech, weakness, paralysis, dizziness, loss, balance, facial, drooping, arm, difficulty, sudden, numbness, confusion, severe, headache, vision, nausea, tremor, slow, movement, muscle, stiffness, shaking, hands",Stroke
"nausea, facial, drooping, arm, weakness, speech, difficulty, dizziness, resting, tremor, slow, reduced, movement",Stroke
"convulsions, staring, spells, body, shaking, unconsciousness, pain, forgetfulness, personality, changes, cognitive, decline, dizziness",Dementia
"fatigue, slurred, speech, weakness, paralysis, dizziness, loss, balance, headache",Stroke
"dizziness, forgetfulness, personality, changes, cognitive, decline, sudden, collapse, twitching, loss, awareness, headache",Dementia
"headache, sudden, collapse, twitching, loss, awareness, dizziness, language, problems, poor, judgment, memory, impairment",Dementia
"forgetfulness, personality, changes, cognitive, decline, resting, tremor, slow, speech, reduced, movement, nausea, difficulty, walking, balance, problems, rigid, muscles, pain",Parkinson's
"tremor, slow, movement, muscle, stiffness, shaking, hands, sudden, collapse, twitching, loss, awareness, resting, speech, reduced, nausea, difficulty, walking, balance, problems, rigid, muscles, weakness",Parkinson's
"sudden, numbness, confusion, severe, headache, vision, loss, weakness, fatigue, difficulty, walking, balance, problems, rigid, muscles, tremor, slow, movement, muscle, stiffness, shaking, hands, resting, speech, reduced",Parkinson's
"pain, tremor, slow, movement, muscle, stiffness, shaking, hands, headache",Parkinson's
"fatigue, convulsions, staring, spells, body, shaking, unconsciousness, weakness, forgetfulness, personality, changes, cognitive, decline, memory, loss, confusion, difficulty, thinking, disorientation, language, problems, poor, judgment, impairment",Dementia
"sudden, numbness, confusion, severe, headache, vision, loss, convulsions, staring, spells, body, shaking, unconsciousness, facial, drooping, arm, weakness, speech, difficulty, fatigue, nausea, slurred, paralysis, dizziness, balance",Stroke
"headache, dizziness, throbbing, visual, aura, sensitivity, sound",Migraine
"memory, loss, confusion, difficulty, thinking, disorientation, tremor, slow, movement, muscle, stiffness, shaking, hands, resting, speech, reduced, weakness, fatigue",Parkinson's
"sudden, collapse, twitching, loss, awareness, weakness, fatigue, convulsions, staring, spells, body, shaking, unconsciousness, seizure, consciousness, muscle, jerks, confusion",Epilepsy
"sudden, collapse, twitching, loss, awareness, nausea, headache, seizure, consciousness, muscle, jerks, confusion, convulsions, staring, spells, body, shaking, unconsciousness",Epilepsy
"nausea, sudden, collapse, twitching, loss, awareness, headache, severe, light, sensitivity, vomiting, intense, head, pain, fatigue, blurred, vision",Migraine
"tremor, slow, movement, muscle, stiffness, shaking, hands, language, problems, poor, judgment, memory, impairment, forgetfulness, personality, changes, cognitive, decline, nausea, pain, loss, confusion, difficulty, thinking, disorientation",Dementia
"nausea, headache, resting, tremor, slow, speech, reduced, movement, intense, head, pain, vomiting, fatigue, blurred, vision, muscle, stiffness, shaking, hands",Parkinson's
"sudden, collapse, twitching, loss, awareness, convulsions, staring, spells, body, shaking, unconsciousness, weakness, intense, head, pain, vomiting, fatigue, blurred, vision, nausea",Epilepsy
"memory, loss, confusion, difficulty, thinking, disorientation, resting, tremor, slow, speech, reduced, movement, nausea, pain",Parkinson's
"intense, head, pain, vomiting, fatigue, blurred, vision, nausea, sudden, numbness, confusion, severe, headache, loss, facial, drooping, arm, weakness, speech, difficulty",Stroke
"difficulty, walking, balance, problems, rigid, muscles, nausea, fatigue",Parkinson's
"convulsions, staring, spells, body, shaking, unconsciousness, weakness, headache, throbbing, visual, aura, dizziness, sensitivity, sound",Migraine
"headache, tremor, slow, movement, muscle, stiffness, shaking, hands, dizziness, seizure, loss, consciousness, jerks, confusion",Parkinson's
"language, problems, poor, judgment, memory, impairment, nausea, throbbing, headache, visual, aura, dizziness, sensitivity, sound, intense, head, pain, vomiting, fatigue, blurred, vision, severe, light",Migraine
"intense, head, pain, vomiting, fatigue, blurred, vision, dizziness, seizure, loss, consciousness, muscle, jerks, confusion",Epilepsy
"difficulty, walking, balance, problems, rigid, muscles, resting, tremor, slow, speech, reduced, movement, muscle, stiffness, shaking, hands, pain, weakness, throbbing, headache, visual, aura, dizziness, sensitivity, sound",Parkinson's
"dizziness, intense, head, pain, vomiting, fatigue, blurred, vision, resting, tremor, slow, speech, reduced, movement, difficulty, walking, balance, problems, rigid, muscles, weakness",Parkinson's
"pain, throbbing, headache, visual, aura, dizziness, sensitivity, sound, fatigue, forgetfulness, personality, changes, cognitive, decline, severe, nausea, light, vomiting",Migraine
"facial, drooping, arm, weakness, speech, difficulty, pain, intense, head, vomiting, fatigue, blurred, vision",Stroke
"sudden, numbness, confusion, severe, headache, vision, loss, seizure, consciousness, muscle, jerks, dizziness",Epilepsy
"memory, loss, confusion, difficulty, thinking, disorientation, nausea, forgetfulness, personality, changes, cognitive, decline, language, problems, poor, judgment, impairment, weakness",Dementia
"pain, memory, loss, confusion, difficulty, thinking, disorientation, dizziness, severe, headache, nausea, light, sensitivity, vomiting",Dementia
"throbbing, headache, visual, aura, dizziness, sensitivity, sound, resting, tremor, slow, speech, reduced, movement, pain",Migraine
"throbbing, headache, visual, aura, dizziness, sensitivity, sound, sudden, collapse, twitching, loss, awareness, fatigue, pain",Migraine
"difficulty, walking, balance, problems, rigid, muscles, tremor, slow, movement, muscle, stiffness, shaking, hands, nausea, facial, drooping, arm, weakness, speech, headache",Parkinson's
"sudden, collapse, twitching, loss, awareness, facial, drooping, arm, weakness, speech, difficulty, headache, fatigue",Epilepsy
"pain, headache, sudden, collapse, twitching, loss, awareness",Epilepsy
"dizziness, sudden, collapse, twitching, loss, awareness, convulsions, staring, spells, body, shaking, unconsciousness, seizure, consciousness, muscle, jerks, confusion, nausea",Epilepsy
"tremor, slow, movement, muscle, stiffness, shaking, hands, nausea, pain, difficulty, walking, balance, problems, rigid, muscles, forgetfulness, personality, changes, cognitive, decline",Parkinson's
"facial, drooping, arm, weakness, speech, difficulty, dizziness, fatigue, sudden, numbness, confusion, severe, headache, vision, loss, nausea, light, sensitivity, vomiting",Stroke
"sudden, numbness, confusion, severe, headache, vision, loss, slurred, speech, weakness, paralysis, dizziness, balance, facial, drooping, arm, difficulty, pain",Stroke
"memory, loss, confusion, difficulty, thinking, disorientation, fatigue, weakness, severe, headache, nausea, light, sensitivity, vomiting",Dementia
"intense, head, pain, vomiting, fatigue, blurred, vision, headache, nausea, facial, drooping, arm, weakness, speech, difficulty, sudden, numbness, confusion, severe, loss",Stroke
"resting, tremor, slow, speech, reduced, movement, severe, headache, nausea, light, sensitivity, vomiting, pain, fatigue",Parkinson's
"nausea, tremor, slow, movement, muscle, stiffness, shaking, hands, pain",Parkinson's
"difficulty, walking, balance, problems, rigid, muscles, headache, facial, drooping, arm, weakness, speech, fatigue, resting, tremor, slow, reduced, movement",Parkinson's
"dizziness, sudden, collapse, twitching, loss, awareness, convulsions, staring, spells, body, shaking, unconsciousness, numbness, confusion, severe, headache, vision, seizure, consciousness, muscle, jerks",Epilepsy
"convulsions, staring, spells, body, shaking, unconsciousness, severe, headache, nausea, light, sensitivity, vomiting, sudden, collapse, twitching, loss, awareness, pain, seizure, consciousness, muscle, jerks, confusion, dizziness",Epilepsy
"headache, weakness, resting, tremor, slow, speech, reduced, movement",Parkinson's
"forgetfulness, personality, changes, cognitive, decline, language, problems, poor, judgment, memory, impairment, headache, loss, confusion, difficulty, thinking, disorientation, dizziness",Dementia
"language, problems, poor, judgment, memory, impairment, resting, tremor, slow, speech, reduced, movement, weakness, nausea",Parkinson's
"nausea, headache, resting, tremor, slow, speech, reduced, movement",Parkinson's
"headache, severe, nausea, light, sensitivity, vomiting, difficulty, walking, balance, problems, rigid, muscles",Parkinson's
"intense, head, pain, vomiting, fatigue, blurred, vision, dizziness, forgetfulness, personality, changes, cognitive, decline, headache",Dementia
"sudden, numbness, confusion, severe, headache, vision, loss, convulsions, staring, spells, body, shaking, unconsciousness, dizziness, pain",Stroke
"difficulty, walking, balance, problems, rigid, muscles, fatigue, headache",Parkinson's
"seizure, loss, consciousness, muscle, jerks, confusion, headache, nausea, sudden, numbness, severe, vision, facial, drooping, arm, weakness, speech, difficulty",Stroke
"pain, dizziness, sudden, collapse, twitching, loss, awareness, language, problems, poor, judgment, memory, impairment, confusion, difficulty, thinking, disorientation",Dementia
"fatigue, seizure, loss, consciousness, muscle, jerks, confusion, convulsions, staring, spells, body, shaking, unconsciousness, sudden, collapse, twitching, awareness, nausea, memory, difficulty, thinking, disorientation",Epilepsy
"sudden, numbness, confusion, severe, headache, vision, loss, forgetfulness, personality, changes, cognitive, decline, language, problems, poor, judgment, memory, impairment, weakness",Dementia
"throbbing, headache, visual, aura, dizziness, sensitivity, sound, memory, loss, confusion, difficulty, thinking, disorientation, weakness, intense, head, pain, vomiting, fatigue, blurred, vision",Migraine
"nausea, fatigue, seizure, loss, consciousness, muscle, jerks, confusion, sudden, numbness, severe, headache, vision, slurred, speech, weakness, paralysis, dizziness, balance",Stroke
"dizziness, resting, tremor, slow, speech, reduced, movement, convulsions, staring, spells, body, shaking, unconsciousness, pain",Parkinson's
"dizziness, severe, headache, nausea, light, sensitivity, vomiting, forgetfulness, personality, changes, cognitive, decline, pain, language, problems, poor, judgment, memory, impairment",Dementia
"seizure, loss, consciousness, muscle, jerks, confusion, pain, nausea, convulsions, staring, spells, body, shaking, unconsciousness, sudden, collapse, twitching, awareness, numbness, severe, headache, vision",Epilepsy
"nausea, difficulty, walking, balance, problems, rigid, muscles, sudden, numbness, confusion, severe, headache, vision, loss, dizziness",Parkinson's
"language, problems, poor, judgment, memory, impairment, intense, head, pain, vomiting, fatigue, blurred, vision, nausea, severe, headache, light, sensitivity, throbbing, visual, aura, dizziness, sound, weakness",Migraine
"forgetfulness, personality, changes, cognitive, decline, language, problems, poor, judgment, memory, impairment, nausea, slurred, speech, weakness, paralysis, dizziness, loss, balance, headache, confusion, difficulty, thinking, disorientation",Dementia
"fatigue, slurred, speech, weakness, paralysis, dizziness, loss, balance, tremor, slow, movement, muscle, stiffness, shaking, hands, headache",Parkinson's
"headache, difficulty, walking, balance, problems, rigid, muscles, slurred, speech, weakness, paralysis, dizziness, loss, sudden, numbness, confusion, severe, vision, facial, drooping, arm, fatigue",Stroke
"language, problems, poor, judgment, memory, impairment, nausea, dizziness, facial, drooping, arm, weakness, speech, difficulty",Stroke
"resting, tremor, slow, speech, reduced, movement, sudden, numbness, confusion, severe, headache, vision, loss, weakness, fatigue",Parkinson's
"headache, pain, convulsions, staring, spells, body, shaking, unconsciousness, sudden, collapse, twitching, loss, awareness",Epilepsy
"language, problems, poor, judgment, memory, impairment, forgetfulness, personality, changes, cognitive, decline, facial, drooping, arm, weakness, speech, difficulty, fatigue, loss, confusion, thinking, disorientation",Dementia
"language, problems, poor, judgment, memory, impairment, forgetfulness, personality, changes, cognitive, decline, loss, confusion, difficulty, thinking, disorientation, weakness, fatigue",Dementia
"fatigue, headache, seizure, loss, consciousness, muscle, jerks, confusion, throbbing, visual, aura, dizziness, sensitivity, sound",Epilepsy
"sudden, numbness, confusion, severe, headache, vision, loss, slurred, speech, weakness, paralysis, dizziness, balance, facial, drooping, arm, difficulty, forgetfulness, personality, changes, cognitive, decline, nausea",Stroke
"fatigue, slurred, speech, weakness, paralysis, dizziness, loss, balance, sudden, collapse, twitching, awareness, convulsions, staring, spells, body, shaking, unconsciousness",Epilepsy
"sudden, numbness, confusion, severe, headache, vision, loss, fatigue, memory, difficulty, thinking, disorientation, facial, drooping, arm, weakness, speech, slurred, paralysis, dizziness, balance",Stroke
"dizziness, seizure, loss, consciousness, muscle, jerks, confusion, pain, sudden, numbness, severe, headache, vision",Stroke
"pain, difficulty, walking, balance, problems, rigid, muscles, resting, tremor, slow, speech, reduced, movement, nausea",Parkinson's
"difficulty, walking, balance, problems, rigid, muscles, facial, drooping, arm, weakness, speech, tremor, slow, movement, muscle, stiffness, shaking, hands, headache, resting, reduced",Parkinson's
"throbbing, headache, visual, aura, dizziness, sensitivity, sound, sudden, collapse, twitching, loss, awareness, pain",Epilepsy
"headache, nausea, convulsions, staring, spells, body, shaking, unconsciousness, throbbing, visual, aura, dizziness, sensitivity, sound",Migraine
"resting, tremor, slow, speech, reduced, movement, difficulty, walking, balance, problems, rigid, muscles, muscle, stiffness, shaking, hands, pain, dizziness",Parkinson's
"pain, seizure, loss, consciousness, muscle, jerks, confusion, difficulty, walking, balance, problems, rigid, muscles, dizziness",Parkinson's
"sudden, collapse, twitching, loss, awareness, weakness, fatigue, forgetfulness, personality, changes, cognitive, decline, memory, confusion, difficulty, thinking, disorientation, language, problems, poor, judgment, impairment",Dementia
"fatigue, pain, facial, drooping, arm, weakness, speech, difficulty, intense, head, vomiting, blurred, vision",Stroke
"pain, intense, head, vomiting, fatigue, blurred, vision, nausea, facial, drooping, arm, weakness, speech, difficulty",Stroke
"headache, weakness, language, problems, poor, judgment, memory, impairment, loss, confusion, difficulty, thinking, disorientation, seizure, consciousness, muscle, jerks",Dementia
"memory, loss, confusion, difficulty, thinking, disorientation, pain, fatigue, seizure, consciousness, muscle, jerks",Dementia
"headache, seizure, loss, consciousness, muscle, jerks, confusion, language, problems, poor, judgment, memory, impairment, convulsions, staring, spells, body, shaking, unconsciousness, fatigue",Epilepsy
"resting, tremor, slow, speech, reduced, movement, fatigue, weakness, sudden, numbness, confusion, severe, headache, vision, loss",Stroke
"convulsions, staring, spells, body, shaking, unconsciousness, sudden, collapse, twitching, loss, awareness, seizure, consciousness, muscle, jerks, confusion, weakness, fatigue",Epilepsy
"headache, slurred, speech, weakness, paralysis, dizziness, loss, balance, seizure, consciousness, muscle, jerks, confusion, sudden, numbness, severe, vision",Stroke
"dizziness, facial, drooping, arm, weakness, speech, difficulty, fatigue, slurred, paralysis, loss, balance, sudden, numbness, confusion, severe, headache, vision, forgetfulness, personality, changes, cognitive, decline",Stroke
"fatigue, dizziness, convulsions, staring, spells, body, shaking, unconsciousness, seizure, loss, consciousness, muscle, jerks, confusion, sudden, collapse, twitching, awareness",Epilepsy
"weakness, language, problems, poor, judgment, memory, impairment, loss, confusion, difficulty, thinking, disorientation, forgetfulness, personality, changes, cognitive, decline, resting, tremor, slow, speech, reduced, movement, dizziness",Dementia
"convulsions, staring, spells, body, shaking, unconsciousness, fatigue, throbbing, headache, visual, aura, dizziness, sensitivity, sound, pain",Epilepsy
"headache, pain, difficulty, walking, balance, problems, rigid, muscles, tremor, slow, movement, muscle, stiffness, shaking, hands, throbbing, visual, aura, dizziness, sensitivity, sound, resting, speech, reduced",Parkinson's
"intense, head, pain, vomiting, fatigue, blurred, vision, nausea, dizziness, forgetfulness, personality, changes, cognitive, decline, throbbing, headache, visual, aura, sensitivity, sound",Migraine
"fatigue, weakness, throbbing, headache, visual, aura, dizziness, sensitivity, sound, language, problems, poor, judgment, memory, impairment",Migraine
"throbbing, headache, visual, aura, dizziness, sensitivity, sound, language, problems, poor, judgment, memory, impairment, fatigue",Migraine
"fatigue, dizziness, facial, drooping, arm, weakness, speech, difficulty, severe, headache, nausea, light, sensitivity, vomiting, slurred, paralysis, loss, balance, sudden, numbness, confusion, vision",Stroke
"convulsions, staring, spells, body, shaking, unconsciousness, nausea, language, problems, poor, judgment, memory, impairment, loss, confusion, difficulty, thinking, disorientation, fatigue",Dementia
"convulsions, staring, spells, body, shaking, unconsciousness, seizure, loss, consciousness, muscle, jerks, confusion, sudden, collapse, twitching, awareness, nausea, pain, forgetfulness, personality, changes, cognitive, decline",Epilepsy
"convulsions, staring, spells, body, shaking, unconsciousness, weakness, forgetfulness, personality, changes, cognitive, decline, sudden, collapse, twitching, loss, awareness, nausea",Epilepsy
"forgetfulness, personality, changes, cognitive, decline, convulsions, staring, spells, body, shaking, unconsciousness, headache, dizziness, language, problems, poor, judgment, memory, impairment",Dementia
"weakness, intense, head, pain, vomiting, fatigue, blurred, vision, sudden, numbness, confusion, severe, headache, loss",Migraine
"intense, head, pain, vomiting, fatigue, blurred, vision, nausea, severe, headache, light, sensitivity",Migraine
"nausea, seizure, loss, consciousness, muscle, jerks, confusion, sudden, collapse, twitching, awareness, headache, memory, difficulty, thinking, disorientation",Epilepsy
"nausea, intense, head, pain, vomiting, fatigue, blurred, vision, severe, headache, light, sensitivity",Migraine
"difficulty, walking, balance, problems, rigid, muscles, resting, tremor, slow, speech, reduced, movement, sudden, numbness, confusion, severe, headache, vision, loss, dizziness, pain",Parkinson's
"intense, head, pain, vomiting, fatigue, blurred, vision, throbbing, headache, visual, aura, dizziness, sensitivity, sound, seizure, loss, consciousness, muscle, jerks, confusion, weakness",Migraine
"facial, drooping, arm, weakness, speech, difficulty, slurred, paralysis, dizziness, loss, balance, fatigue, resting, tremor, slow, reduced, movement, sudden, numbness, confusion, severe, headache, vision",Stroke
"forgetfulness, personality, changes, cognitive, decline, language, problems, poor, judgment, memory, impairment, seizure, loss, consciousness, muscle, jerks, confusion, difficulty, thinking, disorientation, pain, fatigue",Dementia
"language, problems, poor, judgment, memory, impairment, dizziness, throbbing, headache, visual, aura, sensitivity, sound, intense, head, pain, vomiting, fatigue, blurred, vision, severe, nausea, light",Migraine
"memory, loss, confusion, difficulty, thinking, disorientation, fatigue, convulsions, staring, spells, body, shaking, unconsciousness, dizziness, language, problems, poor, judgment, impairment, forgetfulness, personality, changes, cognitive, decline",Dementia
"nausea, language, problems, poor, judgment, memory, impairment, throbbing, headache, visual, aura, dizziness, sensitivity, sound, severe, light, vomiting",Migraine
"language, problems, poor, judgment, memory, impairment, forgetfulness, personality, changes, cognitive, decline, convulsions, staring, spells, body, shaking, unconsciousness, pain, fatigue",Dementia
"severe, headache, nausea, light, sensitivity, vomiting, throbbing, visual, aura, dizziness, sound, pain, weakness",Migraine
"memory, loss, confusion, difficulty, thinking, disorientation, pain, sudden, numbness, severe, headache, vision, forgetfulness, personality, changes, cognitive, decline, fatigue",Dementia
"forgetfulness, personality, changes, cognitive, decline, fatigue, language, problems, poor, judgment, memory, impairment, sudden, collapse, twitching, loss, awareness, dizziness",Dementia
"weakness, dizziness, tremor, slow, movement, muscle, stiffness, shaking, hands, language, problems, poor, judgment, memory, impairment",Parkinson's
"convulsions, staring, spells, body, shaking, unconsciousness, nausea, pain, severe, headache, light, sensitivity, vomiting",Epilepsy
"difficulty, walking, balance, problems, rigid, muscles, resting, tremor, slow, speech, reduced, movement, headache, fatigue",Parkinson's
"pain, sudden, numbness, confusion, severe, headache, vision, loss, weakness, tremor, slow, movement, muscle, stiffness, shaking, hands",Parkinson's
"intense, head, pain, vomiting, fatigue, blurred, vision, tremor, slow, movement, muscle, stiffness, shaking, hands, dizziness, weakness, resting, speech, reduced",Parkinson's
"difficulty, walking, balance, problems, rigid, muscles, resting, tremor, slow, speech, reduced, movement, pain, dizziness, seizure, loss, consciousness, muscle, jerks, confusion",Parkinson's
"difficulty, walking, balance, problems, rigid, muscles, intense, head, pain, vomiting, fatigue, blurred, vision, nausea, tremor, slow, movement, muscle, stiffness, shaking, hands",Parkinson's
"sudden, collapse, twitching, loss, awareness, slurred, speech, weakness, paralysis, dizziness, balance, pain, convulsions, staring, spells, body, shaking, unconsciousness",Epilepsy
"resting, tremor, slow, speech, reduced, movement, facial, drooping, arm, weakness, difficulty, dizziness, headache, sudden, numbness, confusion, severe, vision, loss",Stroke
"slurred, speech, weakness, paralysis, dizziness, loss, balance, headache",Stroke
"dizziness, nausea, memory, loss, confusion, difficulty, thinking, disorientation, language, problems, poor, judgment, impairment",Dementia
"weakness, dizziness, slurred, speech, paralysis, loss, balance, facial, drooping, arm, difficulty",Stroke
"nausea, weakness, forgetfulness, personality, changes, cognitive, decline, language, problems, poor, judgment, memory, impairment",Dementia
"severe, headache, nausea, light, sensitivity, vomiting, dizziness, throbbing, visual, aura, sound, intense, head, pain, fatigue, blurred, vision, forgetfulness, personality, changes, cognitive, decline",Migraine
"convulsions, staring, spells, body, shaking, unconsciousness, sudden, collapse, twitching, loss, awareness, nausea, weakness, numbness, confusion, severe, headache, vision",Epilepsy
"dizziness, nausea, severe, headache, light, sensitivity, vomiting, facial, drooping, arm, weakness, speech, difficulty",Stroke
"fatigue, memory, loss, confusion, difficulty, thinking, disorientation, weakness, language, problems, poor, judgment, impairment",Dementia
"intense, head, pain, vomiting, fatigue, blurred, vision, tremor, slow, movement, muscle, stiffness, shaking, hands",Migraine
"convulsions, staring, spells, body, shaking, unconsciousness, facial, drooping, arm, weakness, speech, difficulty, nausea, sudden, numbness, confusion, severe, headache, vision, loss, dizziness",Stroke
"nausea, severe, headache, light, sensitivity, vomiting, weakness",Migraine
"facial, drooping, arm, weakness, speech, difficulty, nausea, dizziness, walking, balance, problems, rigid, muscles",Stroke
"difficulty, walking, balance, problems, rigid, muscles, nausea, weakness",Parkinson's
"intense, head, pain, vomiting, fatigue, blurred, vision, throbbing, headache, visual, aura, dizziness, sensitivity, sound, severe, nausea, light",Migraine
"throbbing, headache, visual, aura, dizziness, sensitivity, sound, weakness, fatigue, difficulty, walking, balance, problems, rigid, muscles, resting, tremor, slow, speech, reduced, movement",Parkinson's
"language, problems, poor, judgment, memory, impairment, nausea, slurred, speech, weakness, paralysis, dizziness, loss, balance, forgetfulness, personality, changes, cognitive, decline, fatigue, confusion, difficulty, thinking, disorientation",Dementia
"memory, loss, confusion, difficulty, thinking, disorientation, sudden, numbness, severe, headache, vision, slurred, speech, weakness, paralysis, dizziness, balance, facial, drooping, arm",Stroke
"tremor, slow, movement, muscle, stiffness, shaking, hands, resting, speech, reduced, dizziness, intense, head, pain, vomiting, fatigue, blurred, vision, difficulty, walking, balance, problems, rigid, muscles",Parkinson's
"severe, headache, nausea, light, sensitivity, vomiting, facial, drooping, arm, weakness, speech, difficulty, throbbing, visual, aura, dizziness, sound",Migraine
"seizure, loss, consciousness, muscle, jerks, confusion, facial, drooping, arm, weakness, speech, difficulty, fatigue, headache",Epilepsy
"dizziness, seizure, loss, consciousness, muscle, jerks, confusion, facial, drooping, arm, weakness, speech, difficulty, nausea, sudden, numbness, severe, headache, vision",Stroke
"memory, loss, confusion, difficulty, thinking, disorientation, seizure, consciousness, muscle, jerks, fatigue, weakness, language, problems, poor, judgment, impairment",Dementia
"fatigue, nausea, difficulty, walking, balance, problems, rigid, muscles, tremor, slow, movement, muscle, stiffness, shaking, hands, resting, speech, reduced, seizure, loss, consciousness, jerks, confusion",Parkinson's
"memory, loss, confusion, difficulty, thinking, disorientation, forgetfulness, personality, changes, cognitive, decline, fatigue, language, problems, poor, judgment, impairment, weakness, severe, headache, nausea, light, sensitivity, vomiting",Dementia
"language, problems, poor, judgment, memory, impairment, seizure, loss, consciousness, muscle, jerks, confusion, dizziness, forgetfulness, personality, changes, cognitive, decline, fatigue",Dementia
"difficulty, walking, balance, problems, rigid, muscles, sudden, numbness, confusion, severe, headache, vision, loss, weakness",Stroke
"language, problems, poor, judgment, memory, impairment, facial, drooping, arm, weakness, speech, difficulty, fatigue, nausea",Stroke
"headache, slurred, speech, weakness, paralysis, dizziness, loss, balance, fatigue",Stroke
"sudden, numbness, confusion, severe, headache, vision, loss, difficulty, walking, balance, problems, rigid, muscles, pain",Stroke
"nausea, intense, head, pain, vomiting, fatigue, blurred, vision, tremor, slow, movement, muscle, stiffness, shaking, hands, resting, speech, reduced, weakness, difficulty, walking, balance, problems, rigid, muscles",Parkinson's
"fatigue, tremor, slow, movement, muscle, stiffness, shaking, hands, memory, loss, confusion, difficulty, thinking, disorientation, weakness",Dementia
"dizziness, fatigue, forgetfulness, personality, changes, cognitive, decline, language, problems, poor, judgment, memory, impairment, loss, confusion, difficulty, thinking, disorientation, tremor, slow, movement, muscle, stiffness, shaking, hands",Dementia
"pain, sudden, numbness, confusion, severe, headache, vision, loss, fatigue, throbbing, visual, aura, dizziness, sensitivity, sound, facial, drooping, arm, weakness, speech, difficulty",Stroke
"difficulty, walking, balance, problems, rigid, muscles, facial, drooping, arm, weakness, speech, nausea, slurred, paralysis, dizziness, loss, sudden, numbness, confusion, severe, headache, vision",Stroke
"tremor, slow, movement, muscle, stiffness, shaking, hands, weakness, dizziness, sudden, numbness, confusion, severe, headache, vision, loss, facial, drooping, arm, speech, difficulty",Stroke
"weakness, throbbing, headache, visual, aura, dizziness, sensitivity, sound, slurred, speech, paralysis, loss, balance, nausea, severe, light, vomiting, intense, head, pain, fatigue, blurred, vision",Migraine
"nausea, weakness, intense, head, pain, vomiting, fatigue, blurred, vision, seizure, loss, consciousness, muscle, jerks, confusion",Migraine
"nausea, fatigue, convulsions, staring, spells, body, shaking, unconsciousness, sudden, collapse, twitching, loss, awareness, seizure, consciousness, muscle, jerks, confusion",Epilepsy
"forgetfulness, personality, changes, cognitive, decline, headache, weakness, tremor, slow, movement, muscle, stiffness, shaking, hands",Dementia
"tremor, slow, movement, muscle, stiffness, shaking, hands, headache, difficulty, walking, balance, problems, rigid, muscles, fatigue, resting, speech, reduced, language, poor, judgment, memory, impairment",Parkinson's
"dizziness, resting, tremor, slow, speech, reduced, movement, intense, head, pain, vomiting, fatigue, blurred, vision",Migraine
"memory, loss, confusion, difficulty, thinking, disorientation, resting, tremor, slow, speech, reduced, movement, forgetfulness, personality, changes, cognitive, decline, fatigue, headache",Dementia
"nausea, headache, slurred, speech, weakness, paralysis, dizziness, loss, balance",Stroke
"nausea, sudden, numbness, confusion, severe, headache, vision, loss, convulsions, staring, spells, body, shaking, unconsciousness, pain",Epilepsy
"facial, drooping, arm, weakness, speech, difficulty, nausea, dizziness, intense, head, pain, vomiting, fatigue, blurred, vision",Stroke
"difficulty, walking, balance, problems, rigid, muscles, weakness, dizziness, forgetfulness, personality, changes, cognitive, decline",Dementia
"resting, tremor, slow, speech, reduced, movement, difficulty, walking, balance, problems, rigid, muscles, headache, nausea",Parkinson's
"forgetfulness, personality, changes, cognitive, decline, dizziness, pain",Dementia
"pain, weakness, intense, head, vomiting, fatigue, blurred, vision, tremor, slow, movement, muscle, stiffness, shaking, hands",Migraine
"tremor, slow, movement, muscle, stiffness, shaking, hands, weakness, sudden, collapse, twitching, loss, awareness, fatigue",Parkinson's
"nausea, dizziness, sudden, collapse, twitching, loss, awareness, seizure, consciousness, muscle, jerks, confusion",Epilepsy
"slurred, speech, weakness, paralysis, dizziness, loss, balance, fatigue, convulsions, staring, spells, body, shaking, unconsciousness",Stroke
"fatigue, pain, forgetfulness, personality, changes, cognitive, decline, convulsions, staring, spells, body, shaking, unconsciousness",Dementia
"resting, tremor, slow, speech, reduced, movement, muscle, stiffness, shaking, hands, seizure, loss, consciousness, jerks, confusion, pain, nausea, difficulty, walking, balance, problems, rigid, muscles",Parkinson's
"memory, loss, confusion, difficulty, thinking, disorientation, sudden, collapse, twitching, awareness, weakness, nausea",Epilepsy
"language, problems, poor, judgment, memory, impairment, headache, fatigue, severe, nausea, light, sensitivity, vomiting",Dementia
"dizziness, facial, drooping, arm, weakness, speech, difficulty, slurred, paralysis, loss, balance, sudden, numbness, confusion, severe, headache, vision, resting, tremor, slow, reduced, movement",Stroke
"headache, resting, tremor, slow, speech, reduced, movement, pain",Parkinson's
"resting, tremor, slow, speech, reduced, movement, dizziness, muscle, stiffness, shaking, hands, difficulty, walking, balance, problems, rigid, muscles, headache",Parkinson's
"memory, loss, confusion, difficulty, thinking, disorientation, pain, fatigue, severe, headache, nausea, light, sensitivity, vomiting",Migraine
"sudden, numbness, confusion, severe, headache, vision, loss, seizure, consciousness, muscle, jerks, slurred, speech, weakness, paralysis, dizziness, balance, pain, facial, drooping, arm, difficulty",Stroke
"pain, intense, head, vomiting, fatigue, blurred, vision, tremor, slow, movement, muscle, stiffness, shaking, hands, headache, resting, speech, reduced, difficulty, walking, balance, problems, rigid, muscles",Parkinson's
"dizziness, slurred, speech, weakness, paralysis, loss, balance, facial, drooping, arm, difficulty, nausea",Stroke
"fatigue, language, problems, poor, judgment, memory, impairment, dizziness, loss, confusion, difficulty, thinking, disorientation",Dementia
"pain, seizure, loss, consciousness, muscle, jerks, confusion, sudden, numbness, severe, headache, vision",Stroke
"slurred, speech, weakness, paralysis, dizziness, loss, balance, fatigue, memory, confusion, difficulty, thinking, disorientation",Dementia
"pain, nausea, throbbing, headache, visual, aura, dizziness, sensitivity, sound, seizure, loss, consciousness, muscle, jerks, confusion",Epilepsy
"language, problems, poor, judgment, memory, impairment, dizziness, weakness",Dementia
"pain, slurred, speech, weakness, paralysis, dizziness, loss, balance, sudden, collapse, twitching, awareness",Stroke
"resting, tremor, slow, speech, reduced, movement, dizziness, language, problems, poor, judgment, memory, impairment, difficulty, walking, balance, rigid, muscles, nausea",Parkinson's
"fatigue, language, problems, poor, judgment, memory, impairment, facial, drooping, arm, weakness, speech, difficulty, dizziness, slurred, paralysis, loss, balance, sudden, numbness, confusion, severe, headache, vision",Stroke
"memory, loss, confusion, difficulty, thinking, disorientation, convulsions, staring, spells, body, shaking, unconsciousness, pain, seizure, consciousness, muscle, jerks, fatigue, sudden, collapse, twitching, awareness",Epilepsy
"intense, head, pain, vomiting, fatigue, blurred, vision, sudden, collapse, twitching, loss, awareness, weakness, headache",Migraine
"resting, tremor, slow, speech, reduced, movement, nausea, fatigue, memory, loss, confusion, difficulty, thinking, disorientation",Parkinson's
"weakness, slurred, speech, paralysis, dizziness, loss, balance, headache, sudden, collapse, twitching, awareness, numbness, confusion, severe, vision, facial, drooping, arm, difficulty",Stroke
"convulsions, staring, spells, body, shaking, unconsciousness, sudden, numbness, confusion, severe, headache, vision, loss, slurred, speech, weakness, paralysis, dizziness, balance, fatigue, facial, drooping, arm, difficulty",Stroke
"weakness, difficulty, walking, balance, problems, rigid, muscles, tremor, slow, movement, muscle, stiffness, shaking, hands, fatigue, resting, speech, reduced, slurred, paralysis, dizziness, loss",Parkinson's
"convulsions, staring, spells, body, shaking, unconsciousness, fatigue, resting, tremor, slow, speech, reduced, movement, seizure, loss, consciousness, muscle, jerks, confusion, sudden, collapse, twitching, awareness, pain",Epilepsy
"fatigue, difficulty, walking, balance, problems, rigid, muscles, nausea, slurred, speech, weakness, paralysis, dizziness, loss, resting, tremor, slow, reduced, movement",Parkinson's
"headache, tremor, slow, movement, muscle, stiffness, shaking, hands, dizziness, intense, head, pain, vomiting, fatigue, blurred, vision, difficulty, walking, balance, problems, rigid, muscles, resting, speech, reduced",Parkinson's
"sudden, numbness, confusion, severe, headache, vision, loss, slurred, speech, weakness, paralysis, dizziness, balance, facial, drooping, arm, difficulty, nausea",Stroke
"headache, seizure, loss, consciousness, muscle, jerks, confusion, nausea, sudden, collapse, twitching, awareness, convulsions, staring, spells, body, shaking, unconsciousness",Epilepsy
"forgetfulness, personality, changes, cognitive, decline, fatigue, headache, severe, nausea, light, sensitivity, vomiting",Dementia
"forgetfulness, personality, changes, cognitive, decline, headache, pain, difficulty, walking, balance, problems, rigid, muscles",Parkinson's
"weakness, forgetfulness, personality, changes, cognitive, decline, nausea, intense, head, pain, vomiting, fatigue, blurred, vision",Dementia
"pain, intense, head, vomiting, fatigue, blurred, vision, throbbing, headache, visual, aura, dizziness, sensitivity, sound",Migraine
"pain, resting, tremor, slow, speech, reduced, movement, fatigue",Parkinson's
"dizziness, seizure, loss, consciousness, muscle, jerks, confusion, memory, difficulty, thinking, disorientation, convulsions, staring, spells, body, shaking, unconsciousness, nausea, sudden, collapse, twitching, awareness",Epilepsy
"memory, loss, confusion, difficulty, thinking, disorientation, forgetfulness, personality, changes, cognitive, decline, tremor, slow, movement, muscle, stiffness, shaking, hands, headache, nausea, language, problems, poor, judgment, impairment",Dementia
"fatigue, tremor, slow, movement, muscle, stiffness, shaking, hands, difficulty, walking, balance, problems, rigid, muscles, dizziness, resting, speech, reduced, intense, head, pain, vomiting, blurred, vision",Parkinson's
"tremor, slow, movement, muscle, stiffness, shaking, hands, nausea, difficulty, walking, balance, problems, rigid, muscles, headache, resting, speech, reduced, slurred, weakness, paralysis, dizziness, loss",Parkinson's
"pain, headache, difficulty, walking, balance, problems, rigid, muscles, seizure, loss, consciousness, muscle, jerks, confusion, tremor, slow, movement, stiffness, shaking, hands, resting, speech, reduced",Parkinson's
"sudden, collapse, twitching, loss, awareness, memory, confusion, difficulty, thinking, disorientation, seizure, consciousness, muscle, jerks, fatigue, headache",Epilepsy
"fatigue, facial, drooping, arm, weakness, speech, difficulty, pain, seizure, loss, consciousness, muscle, jerks, confusion",Stroke
"seizure, loss, consciousness, muscle, jerks, confusion, slurred, speech, weakness, paralysis, dizziness, balance, headache, pain",Stroke
"fatigue, convulsions, staring, spells, body, shaking, unconsciousness, seizure, loss, consciousness, muscle, jerks, confusion, sudden, collapse, twitching, awareness, pain",Epilepsy
"tremor, slow, movement, muscle, stiffness, shaking, hands, fatigue, difficulty, walking, balance, problems, rigid, muscles, weakness, sudden, numbness, confusion, severe, headache, vision, loss",Parkinson's
"pain, sudden, collapse, twitching, loss, awareness, slurred, speech, weakness, paralysis, dizziness, balance, nausea",Epilepsy
"weakness, sudden, collapse, twitching, loss, awareness, severe, headache, nausea, light, sensitivity, vomiting, dizziness, convulsions, staring, spells, body, shaking, unconsciousness",Epilepsy
"resting, tremor, slow, speech, reduced, movement, difficulty, walking, balance, problems, rigid, muscles, intense, head, pain, vomiting, fatigue, blurred, vision, weakness, muscle, stiffness, shaking, hands",Parkinson's
"forgetfulness, personality, changes, cognitive, decline, dizziness, memory, loss, confusion, difficulty, thinking, disorientation, language, problems, poor, judgment, impairment, headache, convulsions, staring, spells, body, shaking, unconsciousness",Dementia
"pain, headache, convulsions, staring, spells, body, shaking, unconsciousness",Epilepsy
"forgetfulness, personality, changes, cognitive, decline, pain, memory, loss, confusion, difficulty, thinking, disorientation, fatigue, seizure, consciousness, muscle, jerks, language, problems, poor, judgment, impairment",Dementia
"resting, tremor, slow, speech, reduced, movement, headache, muscle, stiffness, shaking, hands, nausea, difficulty, walking, balance, problems, rigid, muscles, facial, drooping, arm, weakness",Parkinson's
"weakness, resting, tremor, slow, speech, reduced, movement, forgetfulness, personality, changes, cognitive, decline, fatigue, muscle, stiffness, shaking, hands",Parkinson's
"fatigue, weakness, throbbing, headache, visual, aura, dizziness, sensitivity, sound, difficulty, walking, balance, problems, rigid, muscles",Migraine
"tremor, slow, movement, muscle, stiffness, shaking, hands, nausea, resting, speech, reduced, difficulty, walking, balance, problems, rigid, muscles, headache",Parkinson's
"headache, convulsions, staring, spells, body, shaking, unconsciousness, seizure, loss, consciousness, muscle, jerks, confusion, dizziness, difficulty, walking, balance, problems, rigid, muscles",Epilepsy
"headache, tremor, slow, movement, muscle, stiffness, shaking, hands, dizziness, sudden, numbness, confusion, severe, vision, loss, facial, drooping, arm, weakness, speech, difficulty",Stroke
"memory, loss, confusion, difficulty, thinking, disorientation, forgetfulness, personality, changes, cognitive, decline, weakness, language, problems, poor, judgment, impairment, headache",Dementia
"forgetfulness, personality, changes, cognitive, decline, fatigue, convulsions, staring, spells, body, shaking, unconsciousness, weakness, language, problems, poor, judgment, memory, impairment, loss, confusion, difficulty, thinking, disorientation",Dementia
"dizziness, difficulty, walking, balance, problems, rigid, muscles, headache",Parkinson's
"headache, sudden, numbness, confusion, severe, vision, loss, fatigue, difficulty, walking, balance, problems, rigid, muscles",Parkinson's
"fatigue, seizure, loss, consciousness, muscle, jerks, confusion, nausea",Epilepsy
"sudden, collapse, twitching, loss, awareness, dizziness, fatigue, seizure, consciousness, muscle, jerks, confusion, memory, difficulty, thinking, disorientation",Epilepsy
"sudden, numbness, confusion, severe, headache, vision, loss, fatigue, nausea, throbbing, visual, aura, dizziness, sensitivity, sound",Stroke
"memory, loss, confusion, difficulty, thinking, disorientation, language, problems, poor, judgment, impairment, weakness, forgetfulness, personality, changes, cognitive, decline, pain",Dementia
"intense, head, pain, vomiting, fatigue, blurred, vision, resting, tremor, slow, speech, reduced, movement",Migraine
"weakness, headache, intense, head, pain, vomiting, fatigue, blurred, vision, throbbing, visual, aura, dizziness, sensitivity, sound, facial, drooping, arm, speech, difficulty, severe, nausea, light",Migraine
"seizure, loss, consciousness, muscle, jerks, confusion, fatigue, pain",Epilepsy
"dizziness, difficulty, walking, balance, problems, rigid, muscles, pain",Parkinson's
"sudden, collapse, twitching, loss, awareness, pain, weakness, slurred, speech, paralysis, dizziness, balance",Epilepsy
"throbbing, headache, visual, aura, dizziness, sensitivity, sound, pain, severe, nausea, light, vomiting, memory, loss, confusion, difficulty, thinking, disorientation",Migraine
"weakness, intense, head, pain, vomiting, fatigue, blurred, vision, throbbing, headache, visual, aura, dizziness, sensitivity, sound, slurred, speech, paralysis, loss, balance",Migraine
"intense, head, pain, vomiting, fatigue, blurred, vision, sudden, collapse, twitching, loss, awareness, nausea, seizure, consciousness, muscle, jerks, confusion, convulsions, staring, spells, body, shaking, unconsciousness, headache",Epilepsy
"seizure, loss, consciousness, muscle, jerks, confusion, sudden, collapse, twitching, awareness, tremor, slow, movement, stiffness, shaking, hands, headache, pain",Epilepsy
"language, problems, poor, judgment, memory, impairment, facial, drooping, arm, weakness, speech, difficulty, headache, forgetfulness, personality, changes, cognitive, decline, loss, confusion, thinking, disorientation, fatigue",Dementia
"forgetfulness, personality, changes, cognitive, decline, weakness, difficulty, walking, balance, problems, rigid, muscles, fatigue",Parkinson's
"nausea, facial, drooping, arm, weakness, speech, difficulty, tremor, slow, movement, muscle, stiffness, shaking, hands, headache, sudden, numbness, confusion, severe, vision, loss",Stroke
"fatigue, slurred, speech, weakness, paralysis, dizziness, loss, balance, nausea, seizure, consciousness, muscle, jerks, confusion",Stroke
"nausea, headache, seizure, loss, consciousness, muscle, jerks, confusion",Epilepsy
"memory, loss, confusion, difficulty, thinking, disorientation, forgetfulness, personality, changes, cognitive, decline, fatigue, language, problems, poor, judgment, impairment, pain, tremor, slow, movement, muscle, stiffness, shaking, hands",Dementia
"forgetfulness, personality, changes, cognitive, decline, intense, head, pain, vomiting, fatigue, blurred, vision, headache, weakness, memory, loss, confusion, difficulty, thinking, disorientation, language, problems, poor, judgment, impairment",Dementia
"difficulty, walking, balance, problems, rigid, muscles, throbbing, headache, visual, aura, dizziness, sensitivity, sound, pain",Migraine
"slurred, speech, weakness, paralysis, dizziness, loss, balance, pain, seizure, consciousness, muscle, jerks, confusion, convulsions, staring, spells, body, shaking, unconsciousness, fatigue",Epilepsy
"weakness, severe, headache, nausea, light, sensitivity, vomiting, difficulty, walking, balance, problems, rigid, muscles, resting, tremor, slow, speech, reduced, movement",Parkinson's
"fatigue, facial, drooping, arm, weakness, speech, difficulty, pain",Stroke
"convulsions, staring, spells, body, shaking, unconsciousness, seizure, loss, consciousness, muscle, jerks, confusion, facial, drooping, arm, weakness, speech, difficulty, nausea",Epilepsy
"weakness, sudden, collapse, twitching, loss, awareness, facial, drooping, arm, speech, difficulty, seizure, consciousness, muscle, jerks, confusion, convulsions, staring, spells, body, shaking, unconsciousness, headache",Epilepsy
"slurred, speech, weakness, paralysis, dizziness, loss, balance, facial, drooping, arm, difficulty, sudden, numbness, confusion, severe, headache, vision, throbbing, visual, aura, sensitivity, sound",Stroke
"fatigue, dizziness, throbbing, headache, visual, aura, sensitivity, sound",Migraine
"facial, drooping, arm, weakness, speech, difficulty, sudden, numbness, confusion, severe, headache, vision, loss, slurred, paralysis, dizziness, balance, pain",Stroke
"weakness, nausea, tremor, slow, movement, muscle, stiffness, shaking, hands, difficulty, walking, balance, problems, rigid, muscles",Parkinson's
"facial, drooping, arm, weakness, speech, difficulty, fatigue, walking, balance, problems, rigid, muscles",Stroke
"resting, tremor, slow, speech, reduced, movement, difficulty, walking, balance, problems, rigid, muscles, pain, dizziness, muscle, stiffness, shaking, hands",Parkinson's
"tremor, slow, movement, muscle, stiffness, shaking, hands, headache, dizziness, severe, nausea, light, sensitivity, vomiting",Migraine
"sudden, collapse, twitching, loss, awareness, language, problems, poor, judgment, memory, impairment, headache, weakness, forgetfulness, personality, changes, cognitive, decline",Dementia
"pain, difficulty, walking, balance, problems, rigid, muscles, nausea, tremor, slow, movement, muscle, stiffness, shaking, hands",Parkinson's
"nausea, resting, tremor, slow, speech, reduced, movement, headache",Parkinson's
"dizziness, fatigue, severe, headache, nausea, light, sensitivity, vomiting, throbbing, visual, aura, sound, intense, head, pain, blurred, vision",Migraine
"nausea, difficulty, walking, balance, problems, rigid, muscles, tremor, slow, movement, muscle, stiffness, shaking, hands, dizziness, intense, head, pain, vomiting, fatigue, blurred, vision",Parkinson's
"dizziness, nausea, convulsions, staring, spells, body, shaking, unconsciousness, seizure, loss, consciousness, muscle, jerks, confusion, severe, headache, light, sensitivity, vomiting",Epilepsy
"fatigue, memory, loss, confusion, difficulty, thinking, disorientation, facial, drooping, arm, weakness, speech, forgetfulness, personality, changes, cognitive, decline, language, problems, poor, judgment, impairment, dizziness",Dementia
"memory, loss, confusion, difficulty, thinking, disorientation, forgetfulness, personality, changes, cognitive, decline, fatigue, dizziness",Dementia
"headache, pain, sudden, numbness, confusion, severe, vision, loss",Stroke
"convulsions, staring, spells, body, shaking, unconsciousness, fatigue, weakness",Epilepsy
"language, problems, poor, judgment, memory, impairment, nausea, pain",Dementia
"convulsions, staring, spells, body, shaking, unconsciousness, dizziness, sudden, numbness, confusion, severe, headache, vision, loss, pain",Epilepsy
"fatigue, nausea, intense, head, pain, vomiting, blurred, vision, language, problems, poor, judgment, memory, impairment",Dementia
"dizziness, sudden, collapse, twitching, loss, awareness, slurred, speech, weakness, paralysis, balance, facial, drooping, arm, difficulty, pain, numbness, confusion, severe, headache, vision",Stroke
"headache, tremor, slow, movement, muscle, stiffness, shaking, hands, resting, speech, reduced, difficulty, walking, balance, problems, rigid, muscles, pain",Parkinson's
"tremor, slow, movement, muscle, stiffness, shaking, hands, fatigue, severe, headache, nausea, light, sensitivity, vomiting, difficulty, walking, balance, problems, rigid, muscles, resting, speech, reduced",Parkinson's
"dizziness, headache, seizure, loss, consciousness, muscle, jerks, confusion, forgetfulness, personality, changes, cognitive, decline, memory, difficulty, thinking, disorientation",Dementia
"difficulty, walking, balance, problems, rigid, muscles, pain, dizziness, slurred, speech, weakness, paralysis, loss",Stroke
"headache, language, problems, poor, judgment, memory, impairment, seizure, loss, consciousness, muscle, jerks, confusion, nausea",Dementia
"language, problems, poor, judgment, memory, impairment, fatigue, weakness, loss, confusion, difficulty, thinking, disorientation",Dementia
"weakness, slurred, speech, paralysis, dizziness, loss, balance, facial, drooping, arm, difficulty, severe, headache, nausea, light, sensitivity, vomiting, fatigue",Stroke
"dizziness, language, problems, poor, judgment, memory, impairment, headache, loss, confusion, difficulty, thinking, disorientation, forgetfulness, personality, changes, cognitive, decline",Dementia
"nausea, slurred, speech, weakness, paralysis, dizziness, loss, balance, tremor, slow, movement, muscle, stiffness, shaking, hands",Parkinson's
"headache, fatigue, seizure, loss, consciousness, muscle, jerks, confusion, memory, difficulty, thinking, disorientation",Dementia
"tremor, slow, movement, muscle, stiffness, shaking, hands, weakness, headache, severe, nausea, light, sensitivity, vomiting",Migraine
"pain, sudden, collapse, twitching, loss, awareness, nausea, numbness, confusion, severe, headache, vision, convulsions, staring, spells, body, shaking, unconsciousness, seizure, consciousness, muscle, jerks",Epilepsy
"facial, drooping, arm, weakness, speech, difficulty, forgetfulness, personality, changes, cognitive, decline, memory, loss, confusion, thinking, disorientation, nausea",Dementia
"sudden, collapse, twitching, loss, awareness, seizure, consciousness, muscle, jerks, confusion, weakness, nausea, convulsions, staring, spells, body, shaking, unconsciousness",Epilepsy
"seizure, loss, consciousness, muscle, jerks, confusion, headache, memory, difficulty, thinking, disorientation, forgetfulness, personality, changes, cognitive, decline, dizziness",Dementia
"slurred, speech, weakness, paralysis, dizziness, loss, balance, memory, confusion, difficulty, thinking, disorientation, headache, fatigue",Stroke
"pain, throbbing, headache, visual, aura, dizziness, sensitivity, sound, intense, head, vomiting, fatigue, blurred, vision, weakness, severe, nausea, light",Migraine
"convulsions, staring, spells, body, shaking, unconsciousness, difficulty, walking, balance, problems, rigid, muscles, weakness, resting, tremor, slow, speech, reduced, movement, muscle, stiffness, hands, dizziness",Parkinson's
"language, problems, poor, judgment, memory, impairment, resting, tremor, slow, speech, reduced, movement, pain, muscle, stiffness, shaking, hands, headache",Parkinson's
"slurred, speech, weakness, paralysis, dizziness, loss, balance, language, problems, poor, judgment, memory, impairment, facial, drooping, arm, difficulty, nausea, sudden, numbness, confusion, severe, headache, vision",Stroke
"weakness, resting, tremor, slow, speech, reduced, movement, headache",Parkinson's
"forgetfulness, personality, changes, cognitive, decline, memory, loss, confusion, difficulty, thinking, disorientation, fatigue, severe, headache, nausea, light, sensitivity, vomiting, language, problems, poor, judgment, impairment",Dementia
"facial, drooping, arm, weakness, speech, difficulty, dizziness, convulsions, staring, spells, body, shaking, unconsciousness",Stroke
"facial, drooping, arm, weakness, speech, difficulty, headache, sudden, numbness, confusion, severe, vision, loss, nausea",Stroke
"pain, language, problems, poor, judgment, memory, impairment, headache, loss, confusion, difficulty, thinking, disorientation, forgetfulness, personality, changes, cognitive, decline",Dementia
"sudden, collapse, twitching, loss, awareness, fatigue, nausea, seizure, consciousness, muscle, jerks, confusion, convulsions, staring, spells, body, shaking, unconsciousness, memory, difficulty, thinking, disorientation",Epilepsy
"slurred, speech, weakness, paralysis, dizziness, loss, balance, nausea, resting, tremor, slow, reduced, movement, difficulty, walking, problems, rigid, muscles",Parkinson's
"pain, intense, head, vomiting, fatigue, blurred, vision, seizure, loss, consciousness, muscle, jerks, confusion, convulsions, staring, spells, body, shaking, unconsciousness, weakness",Epilepsy
"intense, head, pain, vomiting, fatigue, blurred, vision, tremor, slow, movement, muscle, stiffness, shaking, hands, severe, headache, nausea, light, sensitivity",Migraine
"memory, loss, confusion, difficulty, thinking, disorientation, nausea, language, problems, poor, judgment, impairment, fatigue, forgetfulness, personality, changes, cognitive, decline, severe, headache, light, sensitivity, vomiting",Dementia
"memory, loss, confusion, difficulty, thinking, disorientation, language, problems, poor, judgment, impairment, facial, drooping, arm, weakness, speech, forgetfulness, personality, changes, cognitive, decline, headache, pain",Dementia
"fatigue, difficulty, walking, balance, problems, rigid, muscles, nausea, facial, drooping, arm, weakness, speech",Stroke
"headache, severe, nausea, light, sensitivity, vomiting, forgetfulness, personality, changes, cognitive, decline, throbbing, visual, aura, dizziness, sound, intense, head, pain, fatigue, blurred, vision, weakness",Migraine
"pain, fatigue, sudden, numbness, confusion, severe, headache, vision, loss",Stroke
"headache, severe, nausea, light, sensitivity, vomiting, forgetfulness, personality, changes, cognitive, decline, language, problems, poor, judgment, memory, impairment, dizziness, loss, confusion, difficulty, thinking, disorientation",Dementia
"nausea, seizure, loss, consciousness, muscle, jerks, confusion, severe, headache, light, sensitivity, vomiting, throbbing, visual, aura, dizziness, sound, pain",Migraine
"forgetfulness, personality, changes, cognitive, decline, convulsions, staring, spells, body, shaking, unconsciousness, memory, loss, confusion, difficulty, thinking, disorientation, pain, fatigue",Dementia
"severe, headache, nausea, light, sensitivity, vomiting, fatigue, intense, head, pain, blurred, vision, dizziness, forgetfulness, personality, changes, cognitive, decline",Migraine
"throbbing, headache, visual, aura, dizziness, sensitivity, sound, slurred, speech, weakness, paralysis, loss, balance, fatigue, facial, drooping, arm, difficulty, sudden, numbness, confusion, severe, vision",Stroke
"seizure, loss, consciousness, muscle, jerks, confusion, resting, tremor, slow, speech, reduced, movement, weakness, dizziness",Epilepsy
"sudden, collapse, twitching, loss, awareness, intense, head, pain, vomiting, fatigue, blurred, vision, severe, headache, nausea, light, sensitivity, throbbing, visual, aura, dizziness, sound",Migraine
"forgetfulness, personality, changes, cognitive, decline, weakness, language, problems, poor, judgment, memory, impairment, loss, confusion, difficulty, thinking, disorientation, nausea",Dementia
"weakness, severe, headache, nausea, light, sensitivity, vomiting, resting, tremor, slow, speech, reduced, movement, intense, head, pain, fatigue, blurred, vision",Migraine
"difficulty, walking, balance, problems, rigid, muscles, dizziness, headache, resting, tremor, slow, speech, reduced, movement, severe, nausea, light, sensitivity, vomiting",Parkinson's
"headache, pain, sudden, collapse, twitching, loss, awareness, memory, confusion, difficulty, thinking, disorientation, language, problems, poor, judgment, impairment, forgetfulness, personality, changes, cognitive, decline",Dementia
"dizziness, memory, loss, confusion, difficulty, thinking, disorientation, convulsions, staring, spells, body, shaking, unconsciousness, fatigue",Epilepsy
"sudden, numbness, confusion, severe, headache, vision, loss, intense, head, pain, vomiting, fatigue, blurred, throbbing, visual, aura, dizziness, sensitivity, sound, nausea, light",Migraine
"slurred, speech, weakness, paralysis, dizziness, loss, balance, nausea, headache, resting, tremor, slow, reduced, movement",Parkinson's
"headache, facial, drooping, arm, weakness, speech, difficulty, sudden, collapse, twitching, loss, awareness, convulsions, staring, spells, body, shaking, unconsciousness, dizziness",Epilepsy
"forgetfulness, personality, changes, cognitive, decline, headache, fatigue, memory, loss, confusion, difficulty, thinking, disorientation, language, problems, poor, judgment, impairment, tremor, slow, movement, muscle, stiffness, shaking, hands",Dementia
"sudden, numbness, confusion, severe, headache, vision, loss, fatigue, language, problems, poor, judgment, memory, impairment",Dementia
"intense, head, pain, vomiting, fatigue, blurred, vision, sudden, collapse, twitching, loss, awareness, convulsions, staring, spells, body, shaking, unconsciousness, weakness, nausea",Epilepsy
"facial, drooping, arm, weakness, speech, difficulty, dizziness, fatigue, intense, head, pain, vomiting, blurred, vision, slurred, paralysis, loss, balance",Stroke
"weakness, forgetfulness, personality, changes, cognitive, decline, severe, headache, nausea, light, sensitivity, vomiting, pain",Migraine
"dizziness, seizure, loss, consciousness, muscle, jerks, confusion, memory, difficulty, thinking, disorientation, convulsions, staring, spells, body, shaking, unconsciousness, nausea",Epilepsy
"headache, weakness, resting, tremor, slow, speech, reduced, movement, memory, loss, confusion, difficulty, thinking, disorientation",Parkinson's
"tremor, slow, movement, muscle, stiffness, shaking, hands, weakness, nausea",Parkinson's
"difficulty, walking, balance, problems, rigid, muscles, headache, nausea",Parkinson's
"tremor, slow, movement, muscle, stiffness, shaking, hands, dizziness, forgetfulness, personality, changes, cognitive, decline, headache",Dementia
"severe, headache, nausea, light, sensitivity, vomiting, convulsions, staring, spells, body, shaking, unconsciousness, throbbing, visual, aura, dizziness, sound, intense, head, pain, fatigue, blurred, vision",Migraine
"sudden, collapse, twitching, loss, awareness, seizure, consciousness, muscle, jerks, confusion, convulsions, staring, spells, body, shaking, unconsciousness, slurred, speech, weakness, paralysis, dizziness, balance",Epilepsy
"throbbing, headache, visual, aura, dizziness, sensitivity, sound, severe, nausea, light, vomiting",Migraine
"slurred, speech, weakness, paralysis, dizziness, loss, balance, pain, nausea",Stroke
"sudden, numbness, confusion, severe, headache, vision, loss, throbbing, visual, aura, dizziness, sensitivity, sound, weakness, pain",Stroke
"difficulty, walking, balance, problems, rigid, muscles, dizziness, resting, tremor, slow, speech, reduced, movement, slurred, weakness, paralysis, loss, headache",Parkinson's
"difficulty, walking, balance, problems, rigid, muscles, fatigue, weakness, intense, head, pain, vomiting, blurred, vision, tremor, slow, movement, muscle, stiffness, shaking, hands",Parkinson's
"headache, slurred, speech, weakness, paralysis, dizziness, loss, balance",Stroke
"resting, tremor, slow, speech, reduced, movement, seizure, loss, consciousness, muscle, jerks, confusion, headache, dizziness",Epilepsy
"intense, head, pain, vomiting, fatigue, blurred, vision, throbbing, headache, visual, aura, dizziness, sensitivity, sound, weakness, forgetfulness, personality, changes, cognitive, decline",Migraine
"nausea, facial, drooping, arm, weakness, speech, difficulty, forgetfulness, personality, changes, cognitive, decline, dizziness, memory, loss, confusion, thinking, disorientation, language, problems, poor, judgment, impairment",Dementia
"slurred, speech, weakness, paralysis, dizziness, loss, balance, pain, headache, facial, drooping, arm, difficulty, severe, nausea, light, sensitivity, vomiting",Stroke
"severe, headache, nausea, light, sensitivity, vomiting, weakness, intense, head, pain, fatigue, blurred, vision, memory, loss, confusion, difficulty, thinking, disorientation",Migraine
"slurred, speech, weakness, paralysis, dizziness, loss, balance, headache",Stroke
"pain, weakness, slurred, speech, paralysis, dizziness, loss, balance, tremor, slow, movement, muscle, stiffness, shaking, hands, facial, drooping, arm, difficulty",Stroke
"tremor, slow, movement, muscle, stiffness, shaking, hands, dizziness, facial, drooping, arm, weakness, speech, difficulty, fatigue",Parkinson's
"nausea, forgetfulness, personality, changes, cognitive, decline, memory, loss, confusion, difficulty, thinking, disorientation, headache",Dementia
"language, problems, poor, judgment, memory, impairment, fatigue, weakness, forgetfulness, personality, changes, cognitive, decline",Dementia
"headache, language, problems, poor, judgment, memory, impairment, throbbing, visual, aura, dizziness, sensitivity, sound",Migraine
"seizure, loss, consciousness, muscle, jerks, confusion, headache, weakness, sudden, collapse, twitching, awareness, convulsions, staring, spells, body, shaking, unconsciousness",Epilepsy
"sudden, numbness, confusion, severe, headache, vision, loss, seizure, consciousness, muscle, jerks, collapse, twitching, awareness, dizziness, nausea, convulsions, staring, spells, body, shaking, unconsciousness",Epilepsy
"throbbing, headache, visual, aura, dizziness, sensitivity, sound, pain, intense, head, vomiting, fatigue, blurred, vision, sudden, numbness, confusion, severe, loss, nausea, light",Migraine
"dizziness, sudden, collapse, twitching, loss, awareness, pain, numbness, confusion, severe, headache, vision",Stroke
"weakness, sudden, collapse, twitching, loss, awareness, numbness, confusion, severe, headache, vision, fatigue, facial, drooping, arm, speech, difficulty",Stroke
"dizziness, headache, throbbing, visual, aura, sensitivity, sound, forgetfulness, personality, changes, cognitive, decline",Migraine
"fatigue, weakness, convulsions, staring, spells, body, shaking, unconsciousness, seizure, loss, consciousness, muscle, jerks, confusion",Epilepsy
"seizure, loss, consciousness, muscle, jerks, confusion, nausea, sudden, collapse, twitching, awareness, headache",Epilepsy
"forgetfulness, personality, changes, cognitive, decline, nausea, headache",Dementia
"sudden, numbness, confusion, severe, headache, vision, loss, resting, tremor, slow, speech, reduced, movement, nausea, pain",Parkinson's
"fatigue, convulsions, staring, spells, body, shaking, unconsciousness, sudden, collapse, twitching, loss, awareness, dizziness, forgetfulness, personality, changes, cognitive, decline",Epilepsy
"nausea, forgetfulness, personality, changes, cognitive, decline, weakness, sudden, numbness, confusion, severe, headache, vision, loss",Stroke
"dizziness, nausea, convulsions, staring, spells, body, shaking, unconsciousness, sudden, collapse, twitching, loss, awareness, seizure, consciousness, muscle, jerks, confusion, forgetfulness, personality, changes, cognitive, decline",Epilepsy
"nausea, headache, language, problems, poor, judgment, memory, impairment",Dementia
"dizziness, slurred, speech, weakness, paralysis, loss, balance, nausea, sudden, numbness, confusion, severe, headache, vision, facial, drooping, arm, difficulty",Stroke
"intense, head, pain, vomiting, fatigue, blurred, vision, headache, severe, nausea, light, sensitivity, throbbing, visual, aura, dizziness, sound",Migraine
"nausea, difficulty, walking, balance, problems, rigid, muscles, severe, headache, light, sensitivity, vomiting, pain, throbbing, visual, aura, dizziness, sound, intense, head, fatigue, blurred, vision",Migraine
"forgetfulness, personality, changes, cognitive, decline, memory, loss, confusion, difficulty, thinking, disorientation, resting, tremor, slow, speech, reduced, movement, pain, language, problems, poor, judgment, impairment, nausea",Dementia
"forgetfulness, personality, changes, cognitive, decline, memory, loss, confusion, difficulty, thinking, disorientation, slurred, speech, weakness, paralysis, dizziness, balance, headache",Dementia
"severe, headache, nausea, light, sensitivity, vomiting, forgetfulness, personality, changes, cognitive, decline, memory, loss, confusion, difficulty, thinking, disorientation, pain, language, problems, poor, judgment, impairment, fatigue",Dementia
"weakness, convulsions, staring, spells, body, shaking, unconsciousness, fatigue",Epilepsy
"memory, loss, confusion, difficulty, thinking, disorientation, dizziness, slurred, speech, weakness, paralysis, balance, facial, drooping, arm, sudden, numbness, severe, headache, vision, pain",Stroke
"slurred, speech, weakness, paralysis, dizziness, loss, balance, pain, sudden, collapse, twitching, awareness",Epilepsy
"headache, slurred, speech, weakness, paralysis, dizziness, loss, balance, intense, head, pain, vomiting, fatigue, blurred, vision, facial, drooping, arm, difficulty, sudden, numbness, confusion, severe",Stroke
"slurred, speech, weakness, paralysis, dizziness, loss, balance, intense, head, pain, vomiting, fatigue, blurred, vision, sudden, numbness, confusion, severe, headache, facial, drooping, arm, difficulty",Stroke
"seizure, loss, consciousness, muscle, jerks, confusion, sudden, collapse, twitching, awareness, slurred, speech, weakness, paralysis, dizziness, balance, nausea",Epilepsy
"resting, tremor, slow, speech, reduced, movement, memory, loss, confusion, difficulty, thinking, disorientation, pain, language, problems, poor, judgment, impairment, weakness, forgetfulness, personality, changes, cognitive, decline",Dementia
"sudden, numbness, confusion, severe, headache, vision, loss, nausea, forgetfulness, personality, changes, cognitive, decline, dizziness",Stroke
"resting, tremor, slow, speech, reduced, movement, dizziness, fatigue",Parkinson's
"severe, headache, nausea, light, sensitivity, vomiting, intense, head, pain, fatigue, blurred, vision",Migraine
"headache, throbbing, visual, aura, dizziness, sensitivity, sound, forgetfulness, personality, changes, cognitive, decline",Migraine
"weakness, sudden, numbness, confusion, severe, headache, vision, loss, forgetfulness, personality, changes, cognitive, decline, memory, difficulty, thinking, disorientation, language, problems, poor, judgment, impairment",Dementia
"memory, loss, confusion, difficulty, thinking, disorientation, pain, forgetfulness, personality, changes, cognitive, decline, intense, head, vomiting, fatigue, blurred, vision, headache",Dementia
"slurred, speech, weakness, paralysis, dizziness, loss, balance, headache, difficulty, walking, problems, rigid, muscles, nausea",Stroke
"forgetfulness, personality, changes, cognitive, decline, fatigue, pain, intense, head, vomiting, blurred, vision",Migraine
"resting, tremor, slow, speech, reduced, movement, fatigue, slurred, weakness, paralysis, dizziness, loss, balance, muscle, stiffness, shaking, hands, difficulty, walking, problems, rigid, muscles",Parkinson's
"fatigue, resting, tremor, slow, speech, reduced, movement, pain, intense, head, vomiting, blurred, vision",Migraine
"nausea, slurred, speech, weakness, paralysis, dizziness, loss, balance, severe, headache, light, sensitivity, vomiting",Migraine
"headache, language, problems, poor, judgment, memory, impairment, loss, confusion, difficulty, thinking, disorientation, convulsions, staring, spells, body, shaking, unconsciousness, forgetfulness, personality, changes, cognitive, decline, fatigue",Dementia
"slurred, speech, weakness, paralysis, dizziness, loss, balance, intense, head, pain, vomiting, fatigue, blurred, vision",Migraine
"headache, severe, nausea, light, sensitivity, vomiting, sudden, collapse, twitching, loss, awareness, weakness, throbbing, visual, aura, dizziness, sound",Migraine
"headache, difficulty, walking, balance, problems, rigid, muscles, pain, resting, tremor, slow, speech, reduced, movement, intense, head, vomiting, fatigue, blurred, vision, muscle, stiffness, shaking, hands",Parkinson's
"sudden, numbness, confusion, severe, headache, vision, loss, fatigue, dizziness, forgetfulness, personality, changes, cognitive, decline",Stroke
"headache, convulsions, staring, spells, body, shaking, unconsciousness, dizziness, sudden, collapse, twitching, loss, awareness, throbbing, visual, aura, sensitivity, sound, seizure, consciousness, muscle, jerks, confusion",Epilepsy
"severe, headache, nausea, light, sensitivity, vomiting, weakness, memory, loss, confusion, difficulty, thinking, disorientation, throbbing, visual, aura, dizziness, sound",Migraine
"nausea, facial, drooping, arm, weakness, speech, difficulty, slurred, paralysis, dizziness, loss, balance, pain, memory, confusion, thinking, disorientation",Stroke
"memory, loss, confusion, difficulty, thinking, disorientation, slurred, speech, weakness, paralysis, dizziness, balance, fatigue, headache, language, problems, poor, judgment, impairment",Dementia
"weakness, headache, slurred, speech, paralysis, dizziness, loss, balance",Stroke
"language, problems, poor, judgment, memory, impairment, sudden, collapse, twitching, loss, awareness, headache, dizziness, seizure, consciousness, muscle, jerks, confusion",Epilepsy
"tremor, slow, movement, muscle, stiffness, shaking, hands, resting, speech, reduced, sudden, collapse, twitching, loss, awareness, fatigue, dizziness, difficulty, walking, balance, problems, rigid, muscles",Parkinson's
"language, problems, poor, judgment, memory, impairment, fatigue, convulsions, staring, spells, body, shaking, unconsciousness, headache",Epilepsy
"pain, headache, language, problems, poor, judgment, memory, impairment, seizure, loss, consciousness, muscle, jerks, confusion, difficulty, thinking, disorientation, forgetfulness, personality, changes, cognitive, decline",Dementia
"memory, loss, confusion, difficulty, thinking, disorientation, language, problems, poor, judgment, impairment, headache, fatigue, resting, tremor, slow, speech, reduced, movement",Dementia
"sudden, collapse, twitching, loss, awareness, forgetfulness, personality, changes, cognitive, decline, fatigue, nausea, seizure, consciousness, muscle, jerks, confusion, convulsions, staring, spells, body, shaking, unconsciousness",Epilepsy
"memory, loss, confusion, difficulty, thinking, disorientation, nausea, weakness",Dementia
"difficulty, walking, balance, problems, rigid, muscles, seizure, loss, consciousness, muscle, jerks, confusion, sudden, collapse, twitching, awareness, weakness, fatigue",Epilepsy
"resting, tremor, slow, speech, reduced, movement, pain, difficulty, walking, balance, problems, rigid, muscles, forgetfulness, personality, changes, cognitive, decline, dizziness, muscle, stiffness, shaking, hands",Parkinson's
"language, problems, poor, judgment, memory, impairment, dizziness, slurred, speech, weakness, paralysis, loss, balance, pain",Dementia
"intense, head, pain, vomiting, fatigue, blurred, vision, slurred, speech, weakness, paralysis, dizziness, loss, balance, sudden, numbness, confusion, severe, headache",Stroke
"pain, headache, intense, head, vomiting, fatigue, blurred, vision, sudden, numbness, confusion, severe, loss",Migraine
"headache, seizure, loss, consciousness, muscle, jerks, confusion, forgetfulness, personality, changes, cognitive, decline, nausea",Epilepsy
"intense, head, pain, vomiting, fatigue, blurred, vision, nausea, throbbing, headache, visual, aura, dizziness, sensitivity, sound, weakness, convulsions, staring, spells, body, shaking, unconsciousness, severe, light",Migraine
"weakness, fatigue, convulsions, staring, spells, body, shaking, unconsciousness, forgetfulness, personality, changes, cognitive, decline",Epilepsy
"nausea, slurred, speech, weakness, paralysis, dizziness, loss, balance, fatigue, facial, drooping, arm, difficulty, sudden, numbness, confusion, severe, headache, vision",Stroke
"tremor, slow, movement, muscle, stiffness, shaking, hands, nausea, severe, headache, light, sensitivity, vomiting, pain",Parkinson's
"intense, head, pain, vomiting, fatigue, blurred, vision, throbbing, headache, visual, aura, dizziness, sensitivity, sound, slurred, speech, weakness, paralysis, loss, balance",Migraine
"weakness, resting, tremor, slow, speech, reduced, movement, nausea",Parkinson's
"pain, dizziness, resting, tremor, slow, speech, reduced, movement, memory, loss, confusion, difficulty, thinking, disorientation",Dementia
"dizziness, nausea, severe, headache, light, sensitivity, vomiting, language, problems, poor, judgment, memory, impairment",Migraine
"memory, loss, confusion, difficulty, thinking, disorientation, slurred, speech, weakness, paralysis, dizziness, balance, headache, forgetfulness, personality, changes, cognitive, decline, fatigue, language, problems, poor, judgment, impairment",Dementia
"fatigue, difficulty, walking, balance, problems, rigid, muscles, language, poor, judgment, memory, impairment, pain",Dementia
"weakness, difficulty, walking, balance, problems, rigid, muscles, nausea, tremor, slow, movement, muscle, stiffness, shaking, hands, resting, speech, reduced, seizure, loss, consciousness, jerks, confusion",Parkinson's
"pain, severe, headache, nausea, light, sensitivity, vomiting, resting, tremor, slow, speech, reduced, movement, difficulty, walking, balance, problems, rigid, muscles",Parkinson's
"seizure, loss, consciousness, muscle, jerks, confusion, nausea, convulsions, staring, spells, body, shaking, unconsciousness, headache, sudden, collapse, twitching, awareness, numbness, severe, vision",Epilepsy
"fatigue, severe, headache, nausea, light, sensitivity, vomiting, throbbing, visual, aura, dizziness, sound, weakness, intense, head, pain, blurred, vision, difficulty, walking, balance, problems, rigid, muscles",Migraine
"language, problems, poor, judgment, memory, impairment, convulsions, staring, spells, body, shaking, unconsciousness, seizure, loss, consciousness, muscle, jerks, confusion, headache, nausea, sudden, collapse, twitching, awareness",Epilepsy
"pain, fatigue, difficulty, walking, balance, problems, rigid, muscles, resting, tremor, slow, speech, reduced, movement, slurred, weakness, paralysis, dizziness, loss",Parkinson's
"difficulty, walking, balance, problems, rigid, muscles, pain, seizure, loss, consciousness, muscle, jerks, confusion, resting, tremor, slow, speech, reduced, movement, nausea",Parkinson's
"headache, tremor, slow, movement, muscle, stiffness, shaking, hands, fatigue, language, problems, poor, judgment, memory, impairment",Dementia
"resting, tremor, slow, speech, reduced, movement, pain, muscle, stiffness, shaking, hands, weakness",Parkinson's
"slurred, speech, weakness, paralysis, dizziness, loss, balance, headache, resting, tremor, slow, reduced, movement, sudden, numbness, confusion, severe, vision",Stroke
"forgetfulness, personality, changes, cognitive, decline, weakness, fatigue, severe, headache, nausea, light, sensitivity, vomiting",Dementia
"facial, drooping, arm, weakness, speech, difficulty, pain, slurred, paralysis, dizziness, loss, balance, sudden, numbness, confusion, severe, headache, vision, convulsions, staring, spells, body, shaking, unconsciousness, fatigue",Stroke
"language, problems, poor, judgment, memory, impairment, headache, intense, head, pain, vomiting, fatigue, blurred, vision, loss, confusion, difficulty, thinking, disorientation, weakness, forgetfulness, personality, changes, cognitive, decline",Dementia
"pain, intense, head, vomiting, fatigue, blurred, vision, weakness, difficulty, walking, balance, problems, rigid, muscles",Parkinson's
"tremor, slow, movement, muscle, stiffness, shaking, hands, weakness, resting, speech, reduced, pain, memory, loss, confusion, difficulty, thinking, disorientation",Parkinson's
"tremor, slow, movement, muscle, stiffness, shaking, hands, weakness, nausea, convulsions, staring, spells, body, unconsciousness",Parkinson's
"facial, drooping, arm, weakness, speech, difficulty, fatigue, slurred, paralysis, dizziness, loss, balance, sudden, numbness, confusion, severe, headache, vision, pain",Stroke
"fatigue, nausea, intense, head, pain, vomiting, blurred, vision, severe, headache, light, sensitivity, throbbing, visual, aura, dizziness, sound",Migraine
"pain, nausea, throbbing, headache, visual, aura, dizziness, sensitivity, sound, difficulty, walking, balance, problems, rigid, muscles",Parkinson's
"seizure, loss, consciousness, muscle, jerks, confusion, fatigue, intense, head, pain, vomiting, blurred, vision, severe, headache, nausea, light, sensitivity, weakness",Migraine
"throbbing, headache, visual, aura, dizziness, sensitivity, sound, nausea, pain, intense, head, vomiting, fatigue, blurred, vision, severe, light",Migraine
"throbbing, headache, visual, aura, dizziness, sensitivity, sound, fatigue, nausea, severe, light, vomiting",Migraine
"severe, headache, nausea, light, sensitivity, vomiting, language, problems, poor, judgment, memory, impairment, weakness",Dementia
"sudden, collapse, twitching, loss, awareness, seizure, consciousness, muscle, jerks, confusion, weakness, pain, intense, head, vomiting, fatigue, blurred, vision",Epilepsy
"difficulty, walking, balance, problems, rigid, muscles, intense, head, pain, vomiting, fatigue, blurred, vision, weakness, throbbing, headache, visual, aura, dizziness, sensitivity, sound, severe, nausea, light",Migraine
"pain, convulsions, staring, spells, body, shaking, unconsciousness, facial, drooping, arm, weakness, speech, difficulty, headache",Epilepsy
"fatigue, sudden, numbness, confusion, severe, headache, vision, loss, forgetfulness, personality, changes, cognitive, decline, language, problems, poor, judgment, memory, impairment, difficulty, thinking, disorientation, pain",Dementia
"memory, loss, confusion, difficulty, thinking, disorientation, weakness, dizziness, resting, tremor, slow, speech, reduced, movement",Parkinson's
"weakness, throbbing, headache, visual, aura, dizziness, sensitivity, sound, tremor, slow, movement, muscle, stiffness, shaking, hands",Parkinson's
"dizziness, sudden, collapse, twitching, loss, awareness, facial, drooping, arm, weakness, speech, difficulty, pain",Epilepsy
"difficulty, walking, balance, problems, rigid, muscles, pain, fatigue",Parkinson's
"pain, headache, resting, tremor, slow, speech, reduced, movement, forgetfulness, personality, changes, cognitive, decline",Dementia
"fatigue, nausea, slurred, speech, weakness, paralysis, dizziness, loss, balance, language, problems, poor, judgment, memory, impairment",Dementia
"convulsions, staring, spells, body, shaking, unconsciousness, weakness, nausea, throbbing, headache, visual, aura, dizziness, sensitivity, sound, intense, head, pain, vomiting, fatigue, blurred, vision",Migraine
"difficulty, walking, balance, problems, rigid, muscles, dizziness, nausea, tremor, slow, movement, muscle, stiffness, shaking, hands",Parkinson's
"facial, drooping, arm, weakness, speech, difficulty, language, problems, poor, judgment, memory, impairment, fatigue, pain",Dementia
"language, problems, poor, judgment, memory, impairment, nausea, forgetfulness, personality, changes, cognitive, decline, sudden, collapse, twitching, loss, awareness, fatigue, confusion, difficulty, thinking, disorientation",Dementia
"intense, head, pain, vomiting, fatigue, blurred, vision, dizziness, forgetfulness, personality, changes, cognitive, decline, headache",Migraine
"memory, loss, confusion, difficulty, thinking, disorientation, headache, facial, drooping, arm, weakness, speech, pain, sudden, numbness, severe, vision",Stroke
"sudden, numbness, confusion, severe, headache, vision, loss, language, problems, poor, judgment, memory, impairment, weakness, slurred, speech, paralysis, dizziness, balance, nausea",Stroke
"pain, intense, head, vomiting, fatigue, blurred, vision, slurred, speech, weakness, paralysis, dizziness, loss, balance, throbbing, headache, visual, aura, sensitivity, sound",Migraine
"slurred, speech, weakness, paralysis, dizziness, loss, balance, sudden, collapse, twitching, awareness, numbness, confusion, severe, headache, vision, facial, drooping, arm, difficulty",Stroke
"fatigue, weakness, tremor, slow, movement, muscle, stiffness, shaking, hands, intense, head, pain, vomiting, blurred, vision",Parkinson's
"seizure, loss, consciousness, muscle, jerks, confusion, throbbing, headache, visual, aura, dizziness, sensitivity, sound, nausea, sudden, collapse, twitching, awareness, convulsions, staring, spells, body, shaking, unconsciousness",Epilepsy
"sudden, numbness, confusion, severe, headache, vision, loss, memory, difficulty, thinking, disorientation, language, problems, poor, judgment, impairment, dizziness, forgetfulness, personality, changes, cognitive, decline, nausea",Dementia
"severe, headache, nausea, light, sensitivity, vomiting, throbbing, visual, aura, dizziness, sound, pain, slurred, speech, weakness, paralysis, loss, balance",Migraine
"sudden, collapse, twitching, loss, awareness, weakness, difficulty, walking, balance, problems, rigid, muscles, pain",Epilepsy
"dizziness, throbbing, headache, visual, aura, sensitivity, sound, convulsions, staring, spells, body, shaking, unconsciousness, intense, head, pain, vomiting, fatigue, blurred, vision, weakness, severe, nausea, light",Migraine
"dizziness, slurred, speech, weakness, paralysis, loss, balance, intense, head, pain, vomiting, fatigue, blurred, vision, nausea",Migraine
"resting, tremor, slow, speech, reduced, movement, weakness, dizziness, facial, drooping, arm, difficulty",Stroke
"pain, nausea, sudden, collapse, twitching, loss, awareness, convulsions, staring, spells, body, shaking, unconsciousness",Epilepsy
"sudden, numbness, confusion, severe, headache, vision, loss, facial, drooping, arm, weakness, speech, difficulty, dizziness, convulsions, staring, spells, body, shaking, unconsciousness",Stroke
"weakness, nausea, severe, headache, light, sensitivity, vomiting, throbbing, visual, aura, dizziness, sound, sudden, collapse, twitching, loss, awareness",Migraine
"resting, tremor, slow, speech, reduced, movement, pain, throbbing, headache, visual, aura, dizziness, sensitivity, sound",Migraine
"forgetfulness, personality, changes, cognitive, decline, memory, loss, confusion, difficulty, thinking, disorientation, fatigue, walking, balance, problems, rigid, muscles, dizziness",Dementia
"convulsions, staring, spells, body, shaking, unconsciousness, resting, tremor, slow, speech, reduced, movement, muscle, stiffness, hands, weakness, fatigue",Parkinson's
"fatigue, intense, head, pain, vomiting, blurred, vision, dizziness",Migraine
"nausea, sudden, numbness, confusion, severe, headache, vision, loss, memory, difficulty, thinking, disorientation, language, problems, poor, judgment, impairment",Dementia
"tremor, slow, movement, muscle, stiffness, shaking, hands, fatigue, sudden, numbness, confusion, severe, headache, vision, loss, dizziness, slurred, speech, weakness, paralysis, balance",Stroke
"dizziness, tremor, slow, movement, muscle, stiffness, shaking, hands, headache, intense, head, pain, vomiting, fatigue, blurred, vision, difficulty, walking, balance, problems, rigid, muscles, resting, speech, reduced",Parkinson's
"fatigue, resting, tremor, slow, speech, reduced, movement, weakness, intense, head, pain, vomiting, blurred, vision",Migraine
"facial, drooping, arm, weakness, speech, difficulty, fatigue, nausea, sudden, collapse, twitching, loss, awareness, convulsions, staring, spells, body, shaking, unconsciousness",Epilepsy
"forgetfulness, personality, changes, cognitive, decline, dizziness, weakness",Dementia
"nausea, pain, tremor, slow, movement, muscle, stiffness, shaking, hands, resting, speech, reduced",Parkinson's
"forgetfulness, personality, changes, cognitive, decline, headache, dizziness, facial, drooping, arm, weakness, speech, difficulty",Stroke
"nausea, slurred, speech, weakness, paralysis, dizziness, loss, balance, resting, tremor, slow, reduced, movement, headache",Parkinson's
"severe, headache, nausea, light, sensitivity, vomiting, throbbing, visual, aura, dizziness, sound, memory, loss, confusion, difficulty, thinking, disorientation",Migraine
"pain, convulsions, staring, spells, body, shaking, unconsciousness, fatigue, difficulty, walking, balance, problems, rigid, muscles",Epilepsy
"convulsions, staring, spells, body, shaking, unconsciousness, severe, headache, nausea, light, sensitivity, vomiting, dizziness, intense, head, pain, fatigue, blurred, vision",Migraine
"nausea, memory, loss, confusion, difficulty, thinking, disorientation, tremor, slow, movement, muscle, stiffness, shaking, hands, forgetfulness, personality, changes, cognitive, decline, headache, language, problems, poor, judgment, impairment",Dementia
"seizure, loss, consciousness, muscle, jerks, confusion, dizziness, headache, sudden, numbness, severe, vision, facial, drooping, arm, weakness, speech, difficulty",Stroke
"nausea, dizziness, convulsions, staring, spells, body, shaking, unconsciousness, seizure, loss, consciousness, muscle, jerks, confusion, memory, difficulty, thinking, disorientation, sudden, collapse, twitching, awareness",Epilepsy
"pain, headache, convulsions, staring, spells, body, shaking, unconsciousness",Epilepsy
"headache, sudden, collapse, twitching, loss, awareness, pain, language, problems, poor, judgment, memory, impairment",Epilepsy
"sudden, collapse, twitching, loss, awareness, weakness, headache, tremor, slow, movement, muscle, stiffness, shaking, hands",Epilepsy
"pain, forgetfulness, personality, changes, cognitive, decline, memory, loss, confusion, difficulty, thinking, disorientation, weakness, language, problems, poor, judgment, impairment, slurred, speech, paralysis, dizziness, balance",Dementia
"memory, loss, confusion, difficulty, thinking, disorientation, pain, language, problems, poor, judgment, impairment, headache, forgetfulness, personality, changes, cognitive, decline",Dementia
"nausea, difficulty, walking, balance, problems, rigid, muscles, facial, drooping, arm, weakness, speech, headache",Stroke
"headache, slurred, speech, weakness, paralysis, dizziness, loss, balance, pain, throbbing, visual, aura, sensitivity, sound",Migraine
"language, problems, poor, judgment, memory, impairment, forgetfulness, personality, changes, cognitive, decline, nausea, loss, confusion, difficulty, thinking, disorientation, sudden, collapse, twitching, awareness, dizziness",Dementia
"weakness, pain, difficulty, walking, balance, problems, rigid, muscles",Parkinson's
"intense, head, pain, vomiting, fatigue, blurred, vision, dizziness, seizure, loss, consciousness, muscle, jerks, confusion, severe, headache, nausea, light, sensitivity",Migraine
"headache, convulsions, staring, spells, body, shaking, unconsciousness, difficulty, walking, balance, problems, rigid, muscles, weakness",Epilepsy
"difficulty, walking, balance, problems, rigid, muscles, memory, loss, confusion, thinking, disorientation, dizziness, fatigue",Parkinson's
"memory, loss, confusion, difficulty, thinking, disorientation, throbbing, headache, visual, aura, dizziness, sensitivity, sound, forgetfulness, personality, changes, cognitive, decline, fatigue, language, problems, poor, judgment, impairment",Dementia
"resting, tremor, slow, speech, reduced, movement, seizure, loss, consciousness, muscle, jerks, confusion, stiffness, shaking, hands, difficulty, walking, balance, problems, rigid, muscles, dizziness, fatigue",Parkinson's
"severe, headache, nausea, light, sensitivity, vomiting, intense, head, pain, fatigue, blurred, vision, throbbing, visual, aura, dizziness, sound, facial, drooping, arm, weakness, speech, difficulty",Migraine
"tremor, slow, movement, muscle, stiffness, shaking, hands, facial, drooping, arm, weakness, speech, difficulty, headache, dizziness",Stroke
"resting, tremor, slow, speech, reduced, movement, dizziness, sudden, numbness, confusion, severe, headache, vision, loss, slurred, weakness, paralysis, balance",Stroke
"intense, head, pain, vomiting, fatigue, blurred, vision, severe, headache, nausea, light, sensitivity, dizziness, sudden, numbness, confusion, loss",Migraine
"resting, tremor, slow, speech, reduced, movement, muscle, stiffness, shaking, hands, dizziness, nausea, throbbing, headache, visual, aura, sensitivity, sound, difficulty, walking, balance, problems, rigid, muscles",Parkinson's
"dizziness, severe, headache, nausea, light, sensitivity, vomiting, intense, head, pain, fatigue, blurred, vision, sudden, collapse, twitching, loss, awareness",Migraine
"sudden, numbness, confusion, severe, headache, vision, loss, fatigue, collapse, twitching, awareness, dizziness",Epilepsy
"difficulty, walking, balance, problems, rigid, muscles, nausea, resting, tremor, slow, speech, reduced, movement, muscle, stiffness, shaking, hands, throbbing, headache, visual, aura, dizziness, sensitivity, sound, weakness",Parkinson's
"seizure, loss, consciousness, muscle, jerks, confusion, slurred, speech, weakness, paralysis, dizziness, balance, sudden, numbness, severe, headache, vision, fatigue, facial, drooping, arm, difficulty",Stroke
"nausea, sudden, numbness, confusion, severe, headache, vision, loss, slurred, speech, weakness, paralysis, dizziness, balance, pain",Stroke
"dizziness, difficulty, walking, balance, problems, rigid, muscles, nausea, tremor, slow, movement, muscle, stiffness, shaking, hands",Parkinson's
"weakness, memory, loss, confusion, difficulty, thinking, disorientation, nausea",Dementia
"nausea, difficulty, walking, balance, problems, rigid, muscles, pain",Parkinson's
"nausea, severe, headache, light, sensitivity, vomiting, weakness, throbbing, visual, aura, dizziness, sound, intense, head, pain, fatigue, blurred, vision",Migraine
"slurred, speech, weakness, paralysis, dizziness, loss, balance, headache, tremor, slow, movement, muscle, stiffness, shaking, hands, resting, reduced, fatigue, difficulty, walking, problems, rigid, muscles",Parkinson's
"language, problems, poor, judgment, memory, impairment, seizure, loss, consciousness, muscle, jerks, confusion, forgetfulness, personality, changes, cognitive, decline, nausea, weakness, difficulty, thinking, disorientation",Dementia
"nausea, intense, head, pain, vomiting, fatigue, blurred, vision, facial, drooping, arm, weakness, speech, difficulty, headache",Migraine
"difficulty, walking, balance, problems, rigid, muscles, slurred, speech, weakness, paralysis, dizziness, loss, facial, drooping, arm, fatigue",Stroke
"intense, head, pain, vomiting, fatigue, blurred, vision, dizziness, throbbing, headache, visual, aura, sensitivity, sound, severe, nausea, light",Migraine
"sudden, numbness, confusion, severe, headache, vision, loss, slurred, speech, weakness, paralysis, dizziness, balance",Stroke
"fatigue, memory, loss, confusion, difficulty, thinking, disorientation, pain, throbbing, headache, visual, aura, dizziness, sensitivity, sound",Migraine
"pain, dizziness, tremor, slow, movement, muscle, stiffness, shaking, hands, difficulty, walking, balance, problems, rigid, muscles",Parkinson's
"headache, nausea, sudden, numbness, confusion, severe, vision, loss, difficulty, walking, balance, problems, rigid, muscles",Stroke
"facial, drooping, arm, weakness, speech, difficulty, slurred, paralysis, dizziness, loss, balance, fatigue",Stroke
"fatigue, nausea, tremor, slow, movement, muscle, stiffness, shaking, hands, sudden, numbness, confusion, severe, headache, vision, loss",Parkinson's
"throbbing, headache, visual, aura, dizziness, sensitivity, sound, fatigue, intense, head, pain, vomiting, blurred, vision, severe, nausea, light",Migraine
"dizziness, facial, drooping, arm, weakness, speech, difficulty, language, problems, poor, judgment, memory, impairment, fatigue, slurred, paralysis, loss, balance",Stroke
"fatigue, convulsions, staring, spells, body, shaking, unconsciousness, sudden, collapse, twitching, loss, awareness, throbbing, headache, visual, aura, dizziness, sensitivity, sound, pain",Epilepsy
"pain, seizure, loss, consciousness, muscle, jerks, confusion, difficulty, walking, balance, problems, rigid, muscles, weakness",Parkinson's
"forgetfulness, personality, changes, cognitive, decline, fatigue, pain, language, problems, poor, judgment, memory, impairment",Dementia
"fatigue, language, problems, poor, judgment, memory, impairment, headache",Dementia
"weakness, severe, headache, nausea, light, sensitivity, vomiting, intense, head, pain, fatigue, blurred, vision, resting, tremor, slow, speech, reduced, movement, throbbing, visual, aura, dizziness, sound",Migraine
"pain, dizziness, forgetfulness, personality, changes, cognitive, decline, throbbing, headache, visual, aura, sensitivity, sound, intense, head, vomiting, fatigue, blurred, vision",Migraine
"headache, tremor, slow, movement, muscle, stiffness, shaking, hands, slurred, speech, weakness, paralysis, dizziness, loss, balance, facial, drooping, arm, difficulty",Stroke
"throbbing, headache, visual, aura, dizziness, sensitivity, sound, weakness, facial, drooping, arm, speech, difficulty, severe, nausea, light, vomiting",Migraine
"pain, intense, head, vomiting, fatigue, blurred, vision, headache, throbbing, visual, aura, dizziness, sensitivity, sound, language, problems, poor, judgment, memory, impairment, severe, nausea, light",Migraine
"pain, severe, headache, nausea, light, sensitivity, vomiting, intense, head, fatigue, blurred, vision, throbbing, visual, aura, dizziness, sound",Migraine
"convulsions, staring, spells, body, shaking, unconsciousness, pain, headache",Epilepsy
"nausea, intense, head, pain, vomiting, fatigue, blurred, vision, weakness, language, problems, poor, judgment, memory, impairment, severe, headache, light, sensitivity",Migraine
"weakness, facial, drooping, arm, speech, difficulty, forgetfulness, personality, changes, cognitive, decline, nausea",Dementia
"weakness, headache, severe, nausea, light, sensitivity, vomiting",Migraine
"dizziness, facial, drooping, arm, weakness, speech, difficulty, walking, balance, problems, rigid, muscles",Parkinson's
"fatigue, pain, language, problems, poor, judgment, memory, impairment, intense, head, vomiting, blurred, vision, throbbing, headache, visual, aura, dizziness, sensitivity, sound",Migraine
"weakness, resting, tremor, slow, speech, reduced, movement, difficulty, walking, balance, problems, rigid, muscles, muscle, stiffness, shaking, hands, pain",Parkinson's
"seizure, loss, consciousness, muscle, jerks, confusion, weakness, pain, severe, headache, nausea, light, sensitivity, vomiting, sudden, collapse, twitching, awareness",Epilepsy
"pain, dizziness, seizure, loss, consciousness, muscle, jerks, confusion, sudden, collapse, twitching, awareness, convulsions, staring, spells, body, shaking, unconsciousness, forgetfulness, personality, changes, cognitive, decline",Epilepsy
"memory, loss, confusion, difficulty, thinking, disorientation, forgetfulness, personality, changes, cognitive, decline, pain, dizziness, tremor, slow, movement, muscle, stiffness, shaking, hands, language, problems, poor, judgment, impairment",Dementia
"dizziness, facial, drooping, arm, weakness, speech, difficulty, pain, sudden, numbness, confusion, severe, headache, vision, loss, seizure, consciousness, muscle, jerks",Stroke
"pain, difficulty, walking, balance, problems, rigid, muscles, convulsions, staring, spells, body, shaking, unconsciousness, headache, sudden, collapse, twitching, loss, awareness, seizure, consciousness, muscle, jerks, confusion",Epilepsy
"weakness, dizziness, language, problems, poor, judgment, memory, impairment, sudden, numbness, confusion, severe, headache, vision, loss, forgetfulness, personality, changes, cognitive, decline",Dementia
"weakness, dizziness, resting, tremor, slow, speech, reduced, movement, slurred, paralysis, loss, balance, sudden, numbness, confusion, severe, headache, vision",Stroke
"seizure, loss, consciousness, muscle, jerks, confusion, dizziness, weakness, convulsions, staring, spells, body, shaking, unconsciousness, sudden, collapse, twitching, awareness",Epilepsy
"forgetfulness, personality, changes, cognitive, decline, memory, loss, confusion, difficulty, thinking, disorientation, dizziness, language, problems, poor, judgment, impairment, nausea, slurred, speech, weakness, paralysis, balance",Dementia
"fatigue, dizziness, seizure, loss, consciousness, muscle, jerks, confusion, convulsions, staring, spells, body, shaking, unconsciousness, language, problems, poor, judgment, memory, impairment",Epilepsy
"difficulty, walking, balance, problems, rigid, muscles, tremor, slow, movement, muscle, stiffness, shaking, hands, dizziness, headache",Parkinson's
"headache, memory, loss, confusion, difficulty, thinking, disorientation, dizziness, convulsions, staring, spells, body, shaking, unconsciousness",Dementia
"convulsions, staring, spells, body, shaking, unconsciousness, seizure, loss, consciousness, muscle, jerks, confusion, headache, intense, head, pain, vomiting, fatigue, blurred, vision, weakness, sudden, collapse, twitching, awareness",Epilepsy
"headache, language, problems, poor, judgment, memory, impairment, weakness",Dementia
"sudden, collapse, twitching, loss, awareness, difficulty, walking, balance, problems, rigid, muscles, fatigue, nausea, resting, tremor, slow, speech, reduced, movement",Parkinson's
"dizziness, throbbing, headache, visual, aura, sensitivity, sound, intense, head, pain, vomiting, fatigue, blurred, vision, weakness, severe, nausea, light",Migraine
"fatigue, nausea, memory, loss, confusion, difficulty, thinking, disorientation, slurred, speech, weakness, paralysis, dizziness, balance",Dementia
"throbbing, headache, visual, aura, dizziness, sensitivity, sound, severe, nausea, light, vomiting, sudden, collapse, twitching, loss, awareness, fatigue, weakness",Migraine
"pain, sudden, collapse, twitching, loss, awareness, weakness, seizure, consciousness, muscle, jerks, confusion",Epilepsy
"fatigue, resting, tremor, slow, speech, reduced, movement, muscle, stiffness, shaking, hands, dizziness, difficulty, walking, balance, problems, rigid, muscles, forgetfulness, personality, changes, cognitive, decline",Parkinson's
"facial, drooping, arm, weakness, speech, difficulty, nausea, walking, balance, problems, rigid, muscles, sudden, numbness, confusion, severe, headache, vision, loss",Stroke
"forgetfulness, personality, changes, cognitive, decline, memory, loss, confusion, difficulty, thinking, disorientation, dizziness, severe, headache, nausea, light, sensitivity, vomiting, fatigue",Dementia
"severe, headache, nausea, light, sensitivity, vomiting, weakness, fatigue, tremor, slow, movement, muscle, stiffness, shaking, hands, intense, head, pain, blurred, vision, throbbing, visual, aura, dizziness, sound",Migraine
"memory, loss, confusion, difficulty, thinking, disorientation, pain, walking, balance, problems, rigid, muscles, nausea",Dementia
"facial, drooping, arm, weakness, speech, difficulty, headache, pain",Stroke
"headache, seizure, loss, consciousness, muscle, jerks, confusion, difficulty, walking, balance, problems, rigid, muscles, dizziness, sudden, collapse, twitching, awareness",Epilepsy
"fatigue, severe, headache, nausea, light, sensitivity, vomiting, intense, head, pain, blurred, vision",Migraine
"sudden, collapse, twitching, loss, awareness, tremor, slow, movement, muscle, stiffness, shaking, hands, convulsions, staring, spells, body, unconsciousness, pain, headache",Epilepsy
"dizziness, language, problems, poor, judgment, memory, impairment, intense, head, pain, vomiting, fatigue, blurred, vision, throbbing, headache, visual, aura, sensitivity, sound, weakness, severe, nausea, light",Migraine
"severe, headache, nausea, light, sensitivity, vomiting, weakness, pain, throbbing, visual, aura, dizziness, sound, intense, head, fatigue, blurred, vision",Migraine
"pain, facial, drooping, arm, weakness, speech, difficulty, slurred, paralysis, dizziness, loss, balance, sudden, numbness, confusion, severe, headache, vision, fatigue",Stroke
"nausea, memory, loss, confusion, difficulty, thinking, disorientation, sudden, collapse, twitching, awareness, pain, forgetfulness, personality, changes, cognitive, decline",Dementia
"pain, intense, head, vomiting, fatigue, blurred, vision, facial, drooping, arm, weakness, speech, difficulty, dizziness",Migraine
"sudden, collapse, twitching, loss, awareness, dizziness, convulsions, staring, spells, body, shaking, unconsciousness, weakness, seizure, consciousness, muscle, jerks, confusion, memory, difficulty, thinking, disorientation",Epilepsy
"resting, tremor, slow, speech, reduced, movement, headache, dizziness, muscle, stiffness, shaking, hands",Parkinson's
"nausea, dizziness, severe, headache, light, sensitivity, vomiting, intense, head, pain, fatigue, blurred, vision, difficulty, walking, balance, problems, rigid, muscles",Migraine
"nausea, intense, head, pain, vomiting, fatigue, blurred, vision, slurred, speech, weakness, paralysis, dizziness, loss, balance",Stroke
"fatigue, resting, tremor, slow, speech, reduced, movement, pain, language, problems, poor, judgment, memory, impairment",Dementia
"difficulty, walking, balance, problems, rigid, muscles, throbbing, headache, visual, aura, dizziness, sensitivity, sound, weakness",Migraine
"severe, headache, nausea, light, sensitivity, vomiting, intense, head, pain, fatigue, blurred, vision",Migraine
"weakness, slurred, speech, paralysis, dizziness, loss, balance, difficulty, walking, problems, rigid, muscles, tremor, slow, movement, muscle, stiffness, shaking, hands, resting, reduced",Parkinson's
"seizure, loss, consciousness, muscle, jerks, confusion, pain, sudden, collapse, twitching, awareness, weakness",Epilepsy
"fatigue, seizure, loss, consciousness, muscle, jerks, confusion, sudden, collapse, twitching, awareness, pain, slurred, speech, weakness, paralysis, dizziness, balance",Epilepsy
"facial, drooping, arm, weakness, speech, difficulty, fatigue, forgetfulness, personality, changes, cognitive, decline, pain",Stroke
"weakness, memory, loss, confusion, difficulty, thinking, disorientation, headache, throbbing, visual, aura, dizziness, sensitivity, sound",Dementia
"throbbing, headache, visual, aura, dizziness, sensitivity, sound, seizure, loss, consciousness, muscle, jerks, confusion, nausea, weakness",Epilepsy
"language, problems, poor, judgment, memory, impairment, fatigue, facial, drooping, arm, weakness, speech, difficulty, dizziness",Dementia
"weakness, memory, loss, confusion, difficulty, thinking, disorientation, sudden, numbness, severe, headache, vision, dizziness, language, problems, poor, judgment, impairment, forgetfulness, personality, changes, cognitive, decline",Dementia
"sudden, numbness, confusion, severe, headache, vision, loss, forgetfulness, personality, changes, cognitive, decline, dizziness, nausea",Dementia
"fatigue, tremor, slow, movement, muscle, stiffness, shaking, hands, dizziness, memory, loss, confusion, difficulty, thinking, disorientation, walking, balance, problems, rigid, muscles",Parkinson's
"slurred, speech, weakness, paralysis, dizziness, loss, balance, headache",Stroke
"difficulty, walking, balance, problems, rigid, muscles, fatigue, headache, facial, drooping, arm, weakness, speech, tremor, slow, movement, muscle, stiffness, shaking, hands",Parkinson's
"throbbing, headache, visual, aura, dizziness, sensitivity, sound, resting, tremor, slow, speech, reduced, movement, severe, nausea, light, vomiting, pain, intense, head, fatigue, blurred, vision",Migraine
"sudden, numbness, confusion, severe, headache, vision, loss, slurred, speech, weakness, paralysis, dizziness, balance, fatigue, memory, difficulty, thinking, disorientation",Stroke
"severe, headache, nausea, light, sensitivity, vomiting, sudden, collapse, twitching, loss, awareness, pain, throbbing, visual, aura, dizziness, sound",Migraine
"difficulty, walking, balance, problems, rigid, muscles, sudden, collapse, twitching, loss, awareness, fatigue, weakness",Parkinson's
"difficulty, walking, balance, problems, rigid, muscles, dizziness, forgetfulness, personality, changes, cognitive, decline, resting, tremor, slow, speech, reduced, movement, nausea",Parkinson's
"intense, head, pain, vomiting, fatigue, blurred, vision, severe, headache, nausea, light, sensitivity, throbbing, visual, aura, dizziness, sound, language, problems, poor, judgment, memory, impairment",Migraine
"weakness, slurred, speech, paralysis, dizziness, loss, balance, nausea",Stroke
"slurred, speech, weakness, paralysis, dizziness, loss, balance, tremor, slow, movement, muscle, stiffness, shaking, hands, headache",Parkinson's
"seizure, loss, consciousness, muscle, jerks, confusion, dizziness, memory, difficulty, thinking, disorientation, pain, sudden, collapse, twitching, awareness",Epilepsy
"sudden, collapse, twitching, loss, awareness, dizziness, fatigue",Epilepsy
"fatigue, language, problems, poor, judgment, memory, impairment, pain, intense, head, vomiting, blurred, vision",Dementia
"tremor, slow, movement, muscle, stiffness, shaking, hands, pain, headache, sudden, collapse, twitching, loss, awareness",Epilepsy
"difficulty, walking, balance, problems, rigid, muscles, weakness, tremor, slow, movement, muscle, stiffness, shaking, hands, seizure, loss, consciousness, jerks, confusion, pain",Parkinson's
"severe, headache, nausea, light, sensitivity, vomiting, fatigue, weakness, memory, loss, confusion, difficulty, thinking, disorientation",Migraine
"sudden, collapse, twitching, loss, awareness, convulsions, staring, spells, body, shaking, unconsciousness, dizziness, nausea, seizure, consciousness, muscle, jerks, confusion, forgetfulness, personality, changes, cognitive, decline",Epilepsy
"memory, loss, confusion, difficulty, thinking, disorientation, language, problems, poor, judgment, impairment, pain, forgetfulness, personality, changes, cognitive, decline, resting, tremor, slow, speech, reduced, movement, fatigue",Dementia
"dizziness, headache, resting, tremor, slow, speech, reduced, movement, facial, drooping, arm, weakness, difficulty",Stroke
"slurred, speech, weakness, paralysis, dizziness, loss, balance, throbbing, headache, visual, aura, sensitivity, sound, intense, head, pain, vomiting, fatigue, blurred, vision",Migraine
"sudden, numbness, confusion, severe, headache, vision, loss, weakness, facial, drooping, arm, speech, difficulty, collapse, twitching, awareness, nausea",Stroke
"language, problems, poor, judgment, memory, impairment, forgetfulness, personality, changes, cognitive, decline, pain, weakness, tremor, slow, movement, muscle, stiffness, shaking, hands, loss, confusion, difficulty, thinking, disorientation",Dementia
"tremor, slow, movement, muscle, stiffness, shaking, hands, resting, speech, reduced, weakness, pain",Parkinson's
"slurred, speech, weakness, paralysis, dizziness, loss, balance, facial, drooping, arm, difficulty",Stroke
"convulsions, staring, spells, body, shaking, unconsciousness, sudden, numbness, confusion, severe, headache, vision, loss, facial, drooping, arm, weakness, speech, difficulty, nausea, slurred, paralysis, dizziness, balance",Stroke
"throbbing, headache, visual, aura, dizziness, sensitivity, sound, severe, nausea, light, vomiting, intense, head, pain, fatigue, blurred, vision",Migraine
"headache, seizure, loss, consciousness, muscle, jerks, confusion, nausea, sudden, collapse, twitching, awareness, throbbing, visual, aura, dizziness, sensitivity, sound",Epilepsy
"difficulty, walking, balance, problems, rigid, muscles, convulsions, staring, spells, body, shaking, unconsciousness, weakness, fatigue, tremor, slow, movement, muscle, stiffness, hands",Parkinson's
"fatigue, weakness, memory, loss, confusion, difficulty, thinking, disorientation",Dementia
"intense, head, pain, vomiting, fatigue, blurred, vision, tremor, slow, movement, muscle, stiffness, shaking, hands, dizziness, headache, difficulty, walking, balance, problems, rigid, muscles, resting, speech, reduced",Parkinson's
"sudden, collapse, twitching, loss, awareness, pain, convulsions, staring, spells, body, shaking, unconsciousness, seizure, consciousness, muscle, jerks, confusion, nausea",Epilepsy
"throbbing, headache, visual, aura, dizziness, sensitivity, sound, language, problems, poor, judgment, memory, impairment, forgetfulness, personality, changes, cognitive, decline, weakness, loss, confusion, difficulty, thinking, disorientation",Dementia
"facial, drooping, arm, weakness, speech, difficulty, sudden, numbness, confusion, severe, headache, vision, loss, tremor, slow, movement, muscle, stiffness, shaking, hands, fatigue",Stroke
"facial, drooping, arm, weakness, speech, difficulty, dizziness, slurred, paralysis, loss, balance, nausea, language, problems, poor, judgment, memory, impairment, sudden, numbness, confusion, severe, headache, vision",Stroke
"sudden, numbness, confusion, severe, headache, vision, loss, facial, drooping, arm, weakness, speech, difficulty, fatigue, dizziness, collapse, twitching, awareness",Stroke
"dizziness, forgetfulness, personality, changes, cognitive, decline, headache, facial, drooping, arm, weakness, speech, difficulty, sudden, numbness, confusion, severe, vision, loss, slurred, paralysis, balance",Stroke
"weakness, forgetfulness, personality, changes, cognitive, decline, severe, headache, nausea, light, sensitivity, vomiting",Migraine
"slurred, speech, weakness, paralysis, dizziness, loss, balance, headache, sudden, numbness, confusion, severe, vision, nausea",Stroke
"pain, throbbing, headache, visual, aura, dizziness, sensitivity, sound, language, problems, poor, judgment, memory, impairment, forgetfulness, personality, changes, cognitive, decline, fatigue",Dementia
"difficulty, walking, balance, problems, rigid, muscles, language, poor, judgment, memory, impairment, dizziness, resting, tremor, slow, speech, reduced, movement, headache",Parkinson's
"pain, tremor, slow, movement, muscle, stiffness, shaking, hands, headache, forgetfulness, personality, changes, cognitive, decline, resting, speech, reduced",Parkinson's
"fatigue, slurred, speech, weakness, paralysis, dizziness, loss, balance",Stroke
"fatigue, severe, headache, nausea, light, sensitivity, vomiting, intense, head, pain, blurred, vision, sudden, numbness, confusion, loss, throbbing, visual, aura, dizziness, sound",Migraine
"seizure, loss, consciousness, muscle, jerks, confusion, fatigue, slurred, speech, weakness, paralysis, dizziness, balance",Epilepsy
"dizziness, pain, difficulty, walking, balance, problems, rigid, muscles, tremor, slow, movement, muscle, stiffness, shaking, hands, resting, speech, reduced, sudden, collapse, twitching, loss, awareness",Parkinson's
"fatigue, seizure, loss, consciousness, muscle, jerks, confusion, facial, drooping, arm, weakness, speech, difficulty, convulsions, staring, spells, body, shaking, unconsciousness, sudden, collapse, twitching, awareness, headache",Epilepsy
"forgetfulness, personality, changes, cognitive, decline, slurred, speech, weakness, paralysis, dizziness, loss, balance, nausea, headache, language, problems, poor, judgment, memory, impairment",Dementia
"forgetfulness, personality, changes, cognitive, decline, memory, loss, confusion, difficulty, thinking, disorientation, language, problems, poor, judgment, impairment, nausea, intense, head, pain, vomiting, fatigue, blurred, vision",Dementia
"fatigue, throbbing, headache, visual, aura, dizziness, sensitivity, sound, language, problems, poor, judgment, memory, impairment, weakness",Migraine
"sudden, collapse, twitching, loss, awareness, nausea, headache, slurred, speech, weakness, paralysis, dizziness, balance, seizure, consciousness, muscle, jerks, confusion, convulsions, staring, spells, body, shaking, unconsciousness",Epilepsy
"difficulty, walking, balance, problems, rigid, muscles, fatigue, weakness, tremor, slow, movement, muscle, stiffness, shaking, hands, slurred, speech, paralysis, dizziness, loss, resting, reduced",Parkinson's
"language, problems, poor, judgment, memory, impairment, headache, weakness, loss, confusion, difficulty, thinking, disorientation",Dementia
"throbbing, headache, visual, aura, dizziness, sensitivity, sound, pain, weakness, forgetfulness, personality, changes, cognitive, decline",Dementia
"intense, head, pain, vomiting, fatigue, blurred, vision, severe, headache, nausea, light, sensitivity, dizziness, difficulty, walking, balance, problems, rigid, muscles, throbbing, visual, aura, sound",Migraine
"convulsions, staring, spells, body, shaking, unconsciousness, dizziness, language, problems, poor, judgment, memory, impairment, pain",Epilepsy
"dizziness, language, problems, poor, judgment, memory, impairment, pain, intense, head, vomiting, fatigue, blurred, vision",Dementia
"pain, facial, drooping, arm, weakness, speech, difficulty, convulsions, staring, spells, body, shaking, unconsciousness, dizziness",Stroke
"resting, tremor, slow, speech, reduced, movement, nausea, muscle, stiffness, shaking, hands, facial, drooping, arm, weakness, difficulty, walking, balance, problems, rigid, muscles",Parkinson's
"forgetfulness, personality, changes, cognitive, decline, pain, seizure, loss, consciousness, muscle, jerks, confusion, dizziness",Epilepsy
"memory, loss, confusion, difficulty, thinking, disorientation, fatigue, nausea, sudden, collapse, twitching, awareness",Dementia
"severe, headache, nausea, light, sensitivity, vomiting, throbbing, visual, aura, dizziness, sound, pain, language, problems, poor, judgment, memory, impairment",Migraine
"memory, loss, confusion, difficulty, thinking, disorientation, weakness, forgetfulness, personality, changes, cognitive, decline, sudden, collapse, twitching, awareness, nausea, language, problems, poor, judgment, impairment",Dementia
"fatigue, seizure, loss, consciousness, muscle, jerks, confusion, forgetfulness, personality, changes, cognitive, decline, pain, language, problems, poor, judgment, memory, impairment, difficulty, thinking, disorientation",Dementia
"sudden, collapse, twitching, loss, awareness, nausea, language, problems, poor, judgment, memory, impairment, dizziness, forgetfulness, personality, changes, cognitive, decline",Dementia
"difficulty, walking, balance, problems, rigid, muscles, weakness, resting, tremor, slow, speech, reduced, movement, intense, head, pain, vomiting, fatigue, blurred, vision",Parkinson's
"intense, head, pain, vomiting, fatigue, blurred, vision, nausea, convulsions, staring, spells, body, shaking, unconsciousness, throbbing, headache, visual, aura, dizziness, sensitivity, sound",Migraine
"difficulty, walking, balance, problems, rigid, muscles, severe, headache, nausea, light, sensitivity, vomiting, throbbing, visual, aura, dizziness, sound, intense, head, pain, fatigue, blurred, vision",Migraine
"convulsions, staring, spells, body, shaking, unconsciousness, tremor, slow, movement, muscle, stiffness, hands, headache, dizziness, sudden, collapse, twitching, loss, awareness, seizure, consciousness, jerks, confusion",Epilepsy
"facial, drooping, arm, weakness, speech, difficulty, nausea, fatigue, tremor, slow, movement, muscle, stiffness, shaking, hands",Stroke
"nausea, intense, head, pain, vomiting, fatigue, blurred, vision, convulsions, staring, spells, body, shaking, unconsciousness, throbbing, headache, visual, aura, dizziness, sensitivity, sound, severe, light",Migraine
"nausea, forgetfulness, personality, changes, cognitive, decline, pain, language, problems, poor, judgment, memory, impairment",Dementia
"headache, convulsions, staring, spells, body, shaking, unconsciousness, sudden, collapse, twitching, loss, awareness, tremor, slow, movement, muscle, stiffness, hands, fatigue, seizure, consciousness, jerks, confusion",Epilepsy
"intense, head, pain, vomiting, fatigue, blurred, vision, throbbing, headache, visual, aura, dizziness, sensitivity, sound, severe, nausea, light, convulsions, staring, spells, body, shaking, unconsciousness, weakness",Migraine
"intense, head, pain, vomiting, fatigue, blurred, vision, weakness, nausea, throbbing, headache, visual, aura, dizziness, sensitivity, sound, tremor, slow, movement, muscle, stiffness, shaking, hands, severe, light",Migraine
"weakness, seizure, loss, consciousness, muscle, jerks, confusion, fatigue",Epilepsy
"memory, loss, confusion, difficulty, thinking, disorientation, resting, tremor, slow, speech, reduced, movement, headache, muscle, stiffness, shaking, hands, dizziness",Parkinson's
"intense, head, pain, vomiting, fatigue, blurred, vision, throbbing, headache, visual, aura, dizziness, sensitivity, sound, sudden, numbness, confusion, severe, loss, nausea",Migraine
"resting, tremor, slow, speech, reduced, movement, nausea, difficulty, walking, balance, problems, rigid, muscles, headache, sudden, numbness, confusion, severe, vision, loss",Parkinson's
"weakness, dizziness, sudden, numbness, confusion, severe, headache, vision, loss, collapse, twitching, awareness, seizure, consciousness, muscle, jerks",Epilepsy
"headache, resting, tremor, slow, speech, reduced, movement, difficulty, walking, balance, problems, rigid, muscles, nausea, muscle, stiffness, shaking, hands",Parkinson's
"forgetfulness, personality, changes, cognitive, decline, memory, loss, confusion, difficulty, thinking, disorientation, weakness, dizziness, intense, head, pain, vomiting, fatigue, blurred, vision",Dementia
"language, problems, poor, judgment, memory, impairment, nausea, fatigue, sudden, numbness, confusion, severe, headache, vision, loss, difficulty, thinking, disorientation",Dementia
"sudden, numbness, confusion, severe, headache, vision, loss, fatigue, convulsions, staring, spells, body, shaking, unconsciousness, nausea",Stroke
"nausea, seizure, loss, consciousness, muscle, jerks, confusion, sudden, collapse, twitching, awareness, headache, intense, head, pain, vomiting, fatigue, blurred, vision, convulsions, staring, spells, body, shaking, unconsciousness",Epilepsy
"dizziness, pain, sudden, collapse, twitching, loss, awareness, slurred, speech, weakness, paralysis, balance",Epilepsy
"tremor, slow, movement, muscle, stiffness, shaking, hands, pain, language, problems, poor, judgment, memory, impairment, fatigue, resting, speech, reduced, difficulty, walking, balance, rigid, muscles",Parkinson's
"weakness, fatigue, difficulty, walking, balance, problems, rigid, muscles, resting, tremor, slow, speech, reduced, movement",Parkinson's
"language, problems, poor, judgment, memory, impairment, headache, pain, slurred, speech, weakness, paralysis, dizziness, loss, balance",Dementia
"headache, pain, sudden, collapse, twitching, loss, awareness, seizure, consciousness, muscle, jerks, confusion",Epilepsy
"seizure, loss, consciousness, muscle, jerks, confusion, pain, sudden, collapse, twitching, awareness, headache, intense, head, vomiting, fatigue, blurred, vision",Epilepsy
"sudden, collapse, twitching, loss, awareness, pain, convulsions, staring, spells, body, shaking, unconsciousness, weakness, numbness, confusion, severe, headache, vision, seizure, consciousness, muscle, jerks",Epilepsy
"dizziness, weakness, language, problems, poor, judgment, memory, impairment, slurred, speech, paralysis, loss, balance",Stroke
"language, problems, poor, judgment, memory, impairment, resting, tremor, slow, speech, reduced, movement, weakness, loss, confusion, difficulty, thinking, disorientation, forgetfulness, personality, changes, cognitive, decline, pain",Dementia
"sudden, collapse, twitching, loss, awareness, seizure, consciousness, muscle, jerks, confusion, nausea, memory, difficulty, thinking, disorientation, headache",Epilepsy
"slurred, speech, weakness, paralysis, dizziness, loss, balance, nausea, fatigue, language, problems, poor, judgment, memory, impairment",Dementia
"pain, forgetfulness, personality, changes, cognitive, decline, throbbing, headache, visual, aura, dizziness, sensitivity, sound, language, problems, poor, judgment, memory, impairment",Dementia
"sudden, collapse, twitching, loss, awareness, dizziness, headache, facial, drooping, arm, weakness, speech, difficulty",Epilepsy
"pain, slurred, speech, weakness, paralysis, dizziness, loss, balance, sudden, numbness, confusion, severe, headache, vision, intense, head, vomiting, fatigue, blurred, facial, drooping, arm, difficulty, nausea",Stroke
"convulsions, staring, spells, body, shaking, unconsciousness, sudden, collapse, twitching, loss, awareness, nausea, intense, head, pain, vomiting, fatigue, blurred, vision",Epilepsy
"seizure, loss, consciousness, muscle, jerks, confusion, forgetfulness, personality, changes, cognitive, decline, sudden, collapse, twitching, awareness, nausea, convulsions, staring, spells, body, shaking, unconsciousness, fatigue",Epilepsy
"weakness, facial, drooping, arm, speech, difficulty, headache, sudden, numbness, confusion, severe, vision, loss, forgetfulness, personality, changes, cognitive, decline",Stroke
"fatigue, memory, loss, confusion, difficulty, thinking, disorientation, facial, drooping, arm, weakness, speech, dizziness",Stroke
"dizziness, language, problems, poor, judgment, memory, impairment, fatigue, forgetfulness, personality, changes, cognitive, decline, loss, confusion, difficulty, thinking, disorientation",Dementia
"forgetfulness, personality, changes, cognitive, decline, seizure, loss, consciousness, muscle, jerks, confusion, weakness, convulsions, staring, spells, body, shaking, unconsciousness, nausea",Epilepsy
"severe, headache, nausea, light, sensitivity, vomiting, forgetfulness, personality, changes, cognitive, decline, dizziness, throbbing, visual, aura, sound, intense, head, pain, fatigue, blurred, vision",Migraine
"nausea, forgetfulness, personality, changes, cognitive, decline, resting, tremor, slow, speech, reduced, movement, difficulty, walking, balance, problems, rigid, muscles, pain",Parkinson's
"pain, throbbing, headache, visual, aura, dizziness, sensitivity, sound, difficulty, walking, balance, problems, rigid, muscles, intense, head, vomiting, fatigue, blurred, vision, severe, nausea, light",Migraine
"language, problems, poor, judgment, memory, impairment, forgetfulness, personality, changes, cognitive, decline, seizure, loss, consciousness, muscle, jerks, confusion, difficulty, thinking, disorientation, fatigue, weakness",Dementia
"severe, headache, nausea, light, sensitivity, vomiting, forgetfulness, personality, changes, cognitive, decline, fatigue, dizziness, memory, loss, confusion, difficulty, thinking, disorientation, language, problems, poor, judgment, impairment",Dementia
"memory, loss, confusion, difficulty, thinking, disorientation, forgetfulness, personality, changes, cognitive, decline, intense, head, pain, vomiting, fatigue, blurred, vision, language, problems, poor, judgment, impairment, dizziness",Dementia
"weakness, nausea, resting, tremor, slow, speech, reduced, movement, severe, headache, light, sensitivity, vomiting",Parkinson's
"headache, severe, nausea, light, sensitivity, vomiting, intense, head, pain, fatigue, blurred, vision, slurred, speech, weakness, paralysis, dizziness, loss, balance, throbbing, visual, aura, sound",Migraine
"convulsions, staring, spells, body, shaking, unconsciousness, headache, nausea",Epilepsy
"convulsions, staring, spells, body, shaking, unconsciousness, weakness, intense, head, pain, vomiting, fatigue, blurred, vision, throbbing, headache, visual, aura, dizziness, sensitivity, sound",Migraine
"severe, headache, nausea, light, sensitivity, vomiting, weakness, intense, head, pain, fatigue, blurred, vision, throbbing, visual, aura, dizziness, sound",Migraine
"nausea, facial, drooping, arm, weakness, speech, difficulty, sudden, numbness, confusion, severe, headache, vision, loss, memory, thinking, disorientation, slurred, paralysis, dizziness, balance",Stroke
"seizure, loss, consciousness, muscle, jerks, confusion, headache, weakness, language, problems, poor, judgment, memory, impairment, convulsions, staring, spells, body, shaking, unconsciousness",Epilepsy
"seizure, loss, consciousness, muscle, jerks, confusion, headache, fatigue, convulsions, staring, spells, body, shaking, unconsciousness, sudden, collapse, twitching, awareness",Epilepsy
"weakness, forgetfulness, personality, changes, cognitive, decline, headache, facial, drooping, arm, speech, difficulty",Stroke
"pain, difficulty, walking, balance, problems, rigid, muscles, weakness, seizure, loss, consciousness, muscle, jerks, confusion",Parkinson's
"seizure, loss, consciousness, muscle, jerks, confusion, pain, forgetfulness, personality, changes, cognitive, decline, nausea",Dementia
"fatigue, dizziness, convulsions, staring, spells, body, shaking, unconsciousness, seizure, loss, consciousness, muscle, jerks, confusion, sudden, collapse, twitching, awareness, numbness, severe, headache, vision",Epilepsy
"fatigue, resting, tremor, slow, speech, reduced, movement, headache",Parkinson's
"headache, resting, tremor, slow, speech, reduced, movement, fatigue, memory, loss, confusion, difficulty, thinking, disorientation, walking, balance, problems, rigid, muscles",Parkinson's
"pain, sudden, collapse, twitching, loss, awareness, weakness, language, problems, poor, judgment, memory, impairment",Dementia
"nausea, severe, headache, light, sensitivity, vomiting, facial, drooping, arm, weakness, speech, difficulty, fatigue",Migraine
"nausea, severe, headache, light, sensitivity, vomiting, throbbing, visual, aura, dizziness, sound",Migraine
"memory, loss, confusion, difficulty, thinking, disorientation, dizziness, severe, headache, nausea, light, sensitivity, vomiting, fatigue",Dementia
"pain, memory, loss, confusion, difficulty, thinking, disorientation, language, problems, poor, judgment, impairment, nausea, forgetfulness, personality, changes, cognitive, decline",Dementia
"pain, headache, intense, head, vomiting, fatigue, blurred, vision",Migraine
"convulsions, staring, spells, body, shaking, unconsciousness, fatigue, sudden, collapse, twitching, loss, awareness, intense, head, pain, vomiting, blurred, vision, seizure, consciousness, muscle, jerks, confusion, headache",Epilepsy
"pain, seizure, loss, consciousness, muscle, jerks, confusion, facial, drooping, arm, weakness, speech, difficulty, sudden, numbness, severe, headache, vision, slurred, paralysis, dizziness, balance",Stroke
"dizziness, sudden, numbness, confusion, severe, headache, vision, loss, weakness",Stroke
"seizure, loss, consciousness, muscle, jerks, confusion, convulsions, staring, spells, body, shaking, unconsciousness, sudden, collapse, twitching, awareness, nausea, fatigue",Epilepsy
"slurred, speech, weakness, paralysis, dizziness, loss, balance, facial, drooping, arm, difficulty, sudden, numbness, confusion, severe, headache, vision, fatigue, resting, tremor, slow, reduced, movement",Stroke
"difficulty, walking, balance, problems, rigid, muscles, tremor, slow, movement, muscle, stiffness, shaking, hands, slurred, speech, weakness, paralysis, dizziness, loss, pain, headache, resting, reduced",Parkinson's
"weakness, forgetfulness, personality, changes, cognitive, decline, nausea, language, problems, poor, judgment, memory, impairment",Dementia
"throbbing, headache, visual, aura, dizziness, sensitivity, sound, sudden, numbness, confusion, severe, vision, loss, nausea, light, vomiting, pain, intense, head, fatigue, blurred",Migraine
"nausea, fatigue, convulsions, staring, spells, body, shaking, unconsciousness",Epilepsy
"forgetfulness, personality, changes, cognitive, decline, memory, loss, confusion, difficulty, thinking, disorientation, fatigue, resting, tremor, slow, speech, reduced, movement, weakness",Dementia
"difficulty, walking, balance, problems, rigid, muscles, slurred, speech, weakness, paralysis, dizziness, loss, fatigue, nausea, resting, tremor, slow, reduced, movement",Parkinson's
"fatigue, headache, memory, loss, confusion, difficulty, thinking, disorientation, severe, nausea, light, sensitivity, vomiting",Dementia
"sudden, numbness, confusion, severe, headache, vision, loss, pain, memory, difficulty, thinking, disorientation",Stroke
"weakness, resting, tremor, slow, speech, reduced, movement, seizure, loss, consciousness, muscle, jerks, confusion, fatigue, sudden, collapse, twitching, awareness",Epilepsy
"resting, tremor, slow, speech, reduced, movement, forgetfulness, personality, changes, cognitive, decline, headache, nausea, language, problems, poor, judgment, memory, impairment, loss, confusion, difficulty, thinking, disorientation",Dementia
"facial, drooping, arm, weakness, speech, difficulty, fatigue, sudden, collapse, twitching, loss, awareness",Stroke
"tremor, slow, movement, muscle, stiffness, shaking, hands, resting, speech, reduced, difficulty, walking, balance, problems, rigid, muscles, weakness, pain",Parkinson's
"convulsions, staring, spells, body, shaking, unconsciousness, weakness, sudden, collapse, twitching, loss, awareness, dizziness",Epilepsy
"nausea, slurred, speech, weakness, paralysis, dizziness, loss, balance, seizure, consciousness, muscle, jerks, confusion, fatigue",Epilepsy
"headache, sudden, numbness, confusion, severe, vision, loss, collapse, twitching, awareness, fatigue",Epilepsy
"severe, headache, nausea, light, sensitivity, vomiting, throbbing, visual, aura, dizziness, sound, facial, drooping, arm, weakness, speech, difficulty, intense, head, pain, fatigue, blurred, vision",Migraine
"severe, headache, nausea, light, sensitivity, vomiting, throbbing, visual, aura, dizziness, sound, intense, head, pain, fatigue, blurred, vision",Migraine
"intense, head, pain, vomiting, fatigue, blurred, vision, severe, headache, nausea, light, sensitivity, seizure, loss, consciousness, muscle, jerks, confusion, throbbing, visual, aura, dizziness, sound",Migraine
"memory, loss, confusion, difficulty, thinking, disorientation, intense, head, pain, vomiting, fatigue, blurred, vision, headache",Migraine
"dizziness, sudden, numbness, confusion, severe, headache, vision, loss, weakness, nausea, light, sensitivity, vomiting, facial, drooping, arm, speech, difficulty, slurred, paralysis, balance",Stroke
"headache, facial, drooping, arm, weakness, speech, difficulty, slurred, paralysis, dizziness, loss, balance, sudden, numbness, confusion, severe, vision, pain, collapse, twitching, awareness",Stroke
"nausea, pain, sudden, numbness, confusion, severe, headache, vision, loss, slurred, speech, weakness, paralysis, dizziness, balance",Stroke
"convulsions, staring, spells, body, shaking, unconsciousness, weakness, headache",Epilepsy
"slurred, speech, weakness, paralysis, dizziness, loss, balance, nausea, intense, head, pain, vomiting, fatigue, blurred, vision",Stroke
"resting, tremor, slow, speech, reduced, movement, difficulty, walking, balance, problems, rigid, muscles, dizziness, headache, throbbing, visual, aura, sensitivity, sound",Parkinson's
"language, problems, poor, judgment, memory, impairment, forgetfulness, personality, changes, cognitive, decline, pain, loss, confusion, difficulty, thinking, disorientation, weakness",Dementia
"seizure, loss, consciousness, muscle, jerks, confusion, nausea, convulsions, staring, spells, body, shaking, unconsciousness, weakness, sudden, collapse, twitching, awareness",Epilepsy
"dizziness, weakness, seizure, loss, consciousness, muscle, jerks, confusion, severe, headache, nausea, light, sensitivity, vomiting",Migraine
"intense, head, pain, vomiting, fatigue, blurred, vision, headache, throbbing, visual, aura, dizziness, sensitivity, sound, seizure, loss, consciousness, muscle, jerks, confusion",Migraine
"sudden, collapse, twitching, loss, awareness, dizziness, nausea, convulsions, staring, spells, body, shaking, unconsciousness, seizure, consciousness, muscle, jerks, confusion",Epilepsy
"weakness, nausea, facial, drooping, arm, speech, difficulty, convulsions, staring, spells, body, shaking, unconsciousness",Stroke
"facial, drooping, arm, weakness, speech, difficulty, headache, slurred, paralysis, dizziness, loss, balance, fatigue",Stroke
"seizure, loss, consciousness, muscle, jerks, confusion, convulsions, staring, spells, body, shaking, unconsciousness, sudden, collapse, twitching, awareness, fatigue, dizziness",Epilepsy
"convulsions, staring, spells, body, shaking, unconsciousness, fatigue, nausea, sudden, collapse, twitching, loss, awareness, seizure, consciousness, muscle, jerks, confusion",Epilepsy
"dizziness, fatigue, tremor, slow, movement, muscle, stiffness, shaking, hands",Parkinson's
"severe, headache, nausea, light, sensitivity, vomiting, memory, loss, confusion, difficulty, thinking, disorientation, pain, forgetfulness, personality, changes, cognitive, decline, language, problems, poor, judgment, impairment",Dementia
"slurred, speech, weakness, paralysis, dizziness, loss, balance, nausea, pain, tremor, slow, movement, muscle, stiffness, shaking, hands, resting, reduced",Parkinson's
"nausea, fatigue, throbbing, headache, visual, aura, dizziness, sensitivity, sound, severe, light, vomiting, forgetfulness, personality, changes, cognitive, decline",Migraine
"slurred, speech, weakness, paralysis, dizziness, loss, balance, pain, headache, tremor, slow, movement, muscle, stiffness, shaking, hands",Stroke
"pain, intense, head, vomiting, fatigue, blurred, vision",Migraine
"sudden, collapse, twitching, loss, awareness, headache, language, problems, poor, judgment, memory, impairment, nausea, forgetfulness, personality, changes, cognitive, decline, confusion, difficulty, thinking, disorientation",Dementia
"resting, tremor, slow, speech, reduced, movement, pain, throbbing, headache, visual, aura, dizziness, sensitivity, sound, severe, nausea, light, vomiting",Migraine
"difficulty, walking, balance, problems, rigid, muscles, memory, loss, confusion, thinking, disorientation, headache, fatigue",Parkinson's
"language, problems, poor, judgment, memory, impairment, intense, head, pain, vomiting, fatigue, blurred, vision, dizziness, forgetfulness, personality, changes, cognitive, decline, loss, confusion, difficulty, thinking, disorientation",Dementia
"seizure, loss, consciousness, muscle, jerks, confusion, sudden, numbness, severe, headache, vision, fatigue, dizziness",Epilepsy
"convulsions, staring, spells, body, shaking, unconsciousness, memory, loss, confusion, difficulty, thinking, disorientation, forgetfulness, personality, changes, cognitive, decline, dizziness, language, problems, poor, judgment, impairment, fatigue",Dementia
"resting, tremor, slow, speech, reduced, movement, headache, fatigue, language, problems, poor, judgment, memory, impairment, forgetfulness, personality, changes, cognitive, decline",Dementia
"pain, sudden, collapse, twitching, loss, awareness, difficulty, walking, balance, problems, rigid, muscles, fatigue, seizure, consciousness, muscle, jerks, confusion",Epilepsy
"pain, fatigue, language, problems, poor, judgment, memory, impairment, forgetfulness, personality, changes, cognitive, decline, loss, confusion, difficulty, thinking, disorientation",Dementia
"language, problems, poor, judgment, memory, impairment, loss, confusion, difficulty, thinking, disorientation, headache, nausea, throbbing, visual, aura, dizziness, sensitivity, sound, forgetfulness, personality, changes, cognitive, decline",Dementia
"weakness, dizziness, sudden, numbness, confusion, severe, headache, vision, loss",Stroke
"throbbing, headache, visual, aura, dizziness, sensitivity, sound, severe, nausea, light, vomiting, fatigue, sudden, collapse, twitching, loss, awareness, intense, head, pain, blurred, vision",Migraine
"pain, nausea, language, problems, poor, judgment, memory, impairment, seizure, loss, consciousness, muscle, jerks, confusion, sudden, collapse, twitching, awareness",Epilepsy
"difficulty, walking, balance, problems, rigid, muscles, weakness, memory, loss, confusion, thinking, disorientation, tremor, slow, movement, muscle, stiffness, shaking, hands, dizziness",Parkinson's
"facial, drooping, arm, weakness, speech, difficulty, headache, language, problems, poor, judgment, memory, impairment, nausea, sudden, numbness, confusion, severe, vision, loss",Stroke
"severe, headache, nausea, light, sensitivity, vomiting, fatigue, dizziness, throbbing, visual, aura, sound, intense, head, pain, blurred, vision, seizure, loss, consciousness, muscle, jerks, confusion",Migraine
"intense, head, pain, vomiting, fatigue, blurred, vision, severe, headache, nausea, light, sensitivity, throbbing, visual, aura, dizziness, sound, weakness",Migraine
"nausea, fatigue, difficulty, walking, balance, problems, rigid, muscles",Parkinson's
"dizziness, intense, head, pain, vomiting, fatigue, blurred, vision, headache, severe, nausea, light, sensitivity, throbbing, visual, aura, sound",Migraine
"memory, loss, confusion, difficulty, thinking, disorientation, weakness, language, problems, poor, judgment, impairment, fatigue, slurred, speech, paralysis, dizziness, balance",Dementia
"severe, headache, nausea, light, sensitivity, vomiting, resting, tremor, slow, speech, reduced, movement, muscle, stiffness, shaking, hands, difficulty, walking, balance, problems, rigid, muscles",Parkinson's
"pain, fatigue, resting, tremor, slow, speech, reduced, movement",Parkinson's
"intense, head, pain, vomiting, fatigue, blurred, vision, weakness, facial, drooping, arm, speech, difficulty, sudden, numbness, confusion, severe, headache, loss",Stroke
"pain, convulsions, staring, spells, body, shaking, unconsciousness, sudden, collapse, twitching, loss, awareness, weakness, severe, headache, nausea, light, sensitivity, vomiting",Epilepsy
"difficulty, walking, balance, problems, rigid, muscles, resting, tremor, slow, speech, reduced, movement, language, poor, judgment, memory, impairment, weakness, pain",Parkinson's
"sudden, collapse, twitching, loss, awareness, weakness, seizure, consciousness, muscle, jerks, confusion, pain, convulsions, staring, spells, body, shaking, unconsciousness",Epilepsy
"resting, tremor, slow, speech, reduced, movement, memory, loss, confusion, difficulty, thinking, disorientation, language, problems, poor, judgment, impairment, dizziness, forgetfulness, personality, changes, cognitive, decline, fatigue",Dementia
"throbbing, headache, visual, aura, dizziness, sensitivity, sound, fatigue, severe, nausea, light, vomiting, intense, head, pain, blurred, vision",Migraine
"dizziness, tremor, slow, movement, muscle, stiffness, shaking, hands, nausea, facial, drooping, arm, weakness, speech, difficulty, sudden, numbness, confusion, severe, headache, vision, loss",Stroke
"pain, throbbing, headache, visual, aura, dizziness, sensitivity, sound, tremor, slow, movement, muscle, stiffness, shaking, hands, resting, speech, reduced",Parkinson's
"nausea, dizziness, slurred, speech, weakness, paralysis, loss, balance, throbbing, headache, visual, aura, sensitivity, sound, intense, head, pain, vomiting, fatigue, blurred, vision",Migraine
"headache, weakness, difficulty, walking, balance, problems, rigid, muscles, tremor, slow, movement, muscle, stiffness, shaking, hands, facial, drooping, arm, speech, resting, reduced",Parkinson's
"seizure, loss, consciousness, muscle, jerks, confusion, pain, weakness, sudden, collapse, twitching, awareness",Epilepsy
"severe, headache, nausea, light, sensitivity, vomiting, sudden, collapse, twitching, loss, awareness, seizure, consciousness, muscle, jerks, confusion",Epilepsy
"convulsions, staring, spells, body, shaking, unconsciousness, pain, nausea, sudden, collapse, twitching, loss, awareness, forgetfulness, personality, changes, cognitive, decline",Epilepsy
"slurred, speech, weakness, paralysis, dizziness, loss, balance, headache, pain, memory, confusion, difficulty, thinking, disorientation",Dementia
"weakness, headache, convulsions, staring, spells, body, shaking, unconsciousness, slurred, speech, paralysis, dizziness, loss, balance",Stroke
"sudden, collapse, twitching, loss, awareness, pain, convulsions, staring, spells, body, shaking, unconsciousness, slurred, speech, weakness, paralysis, dizziness, balance, seizure, consciousness, muscle, jerks, confusion",Epilepsy
"sudden, collapse, twitching, loss, awareness, nausea, fatigue, convulsions, staring, spells, body, shaking, unconsciousness, language, problems, poor, judgment, memory, impairment, seizure, consciousness, muscle, jerks, confusion",Epilepsy
"headache, slurred, speech, weakness, paralysis, dizziness, loss, balance, language, problems, poor, judgment, memory, impairment, fatigue, forgetfulness, personality, changes, cognitive, decline",Dementia
"facial, drooping, arm, weakness, speech, difficulty, pain, sudden, numbness, confusion, severe, headache, vision, loss, slurred, paralysis, dizziness, balance, nausea",Stroke
"resting, tremor, slow, speech, reduced, movement, dizziness, throbbing, headache, visual, aura, sensitivity, sound, nausea",Migraine
"facial, drooping, arm, weakness, speech, difficulty, pain, slurred, paralysis, dizziness, loss, balance, sudden, numbness, confusion, severe, headache, vision, language, problems, poor, judgment, memory, impairment",Stroke
"weakness, nausea, severe, headache, light, sensitivity, vomiting, intense, head, pain, fatigue, blurred, vision, difficulty, walking, balance, problems, rigid, muscles, throbbing, visual, aura, dizziness, sound",Migraine
"nausea, sudden, numbness, confusion, severe, headache, vision, loss, memory, difficulty, thinking, disorientation, language, problems, poor, judgment, impairment",Dementia
"sudden, collapse, twitching, loss, awareness, forgetfulness, personality, changes, cognitive, decline, pain, nausea, memory, confusion, difficulty, thinking, disorientation",Dementia
"difficulty, walking, balance, problems, rigid, muscles, sudden, numbness, confusion, severe, headache, vision, loss, slurred, speech, weakness, paralysis, dizziness, pain, nausea",Stroke
"resting, tremor, slow, speech, reduced, movement, dizziness, sudden, numbness, confusion, severe, headache, vision, loss, difficulty, walking, balance, problems, rigid, muscles, nausea, muscle, stiffness, shaking, hands",Parkinson's
"convulsions, staring, spells, body, shaking, unconsciousness, weakness, nausea, language, problems, poor, judgment, memory, impairment",Dementia
"intense, head, pain, vomiting, fatigue, blurred, vision, memory, loss, confusion, difficulty, thinking, disorientation",Dementia
"seizure, loss, consciousness, muscle, jerks, confusion, language, problems, poor, judgment, memory, impairment, pain, forgetfulness, personality, changes, cognitive, decline, difficulty, thinking, disorientation, headache",Dementia
"dizziness, forgetfulness, personality, changes, cognitive, decline, language, problems, poor, judgment, memory, impairment, weakness, convulsions, staring, spells, body, shaking, unconsciousness",Dementia
"intense, head, pain, vomiting, fatigue, blurred, vision, severe, headache, nausea, light, sensitivity, sudden, collapse, twitching, loss, awareness",Migraine
"headache, nausea, seizure, loss, consciousness, muscle, jerks, confusion, memory, difficulty, thinking, disorientation, convulsions, staring, spells, body, shaking, unconsciousness",Epilepsy
"pain, nausea, forgetfulness, personality, changes, cognitive, decline, facial, drooping, arm, weakness, speech, difficulty",Dementia
"language, problems, poor, judgment, memory, impairment, nausea, severe, headache, light, sensitivity, vomiting, pain, loss, confusion, difficulty, thinking, disorientation",Dementia
"convulsions, staring, spells, body, shaking, unconsciousness, weakness, headache, resting, tremor, slow, speech, reduced, movement",Parkinson's
"forgetfulness, personality, changes, cognitive, decline, language, problems, poor, judgment, memory, impairment, throbbing, headache, visual, aura, dizziness, sensitivity, sound, nausea",Dementia
"tremor, slow, movement, muscle, stiffness, shaking, hands, forgetfulness, personality, changes, cognitive, decline, dizziness, language, problems, poor, judgment, memory, impairment, pain",Dementia
"severe, headache, nausea, light, sensitivity, vomiting, facial, drooping, arm, weakness, speech, difficulty, pain, dizziness, sudden, numbness, confusion, vision, loss",Stroke
"language, problems, poor, judgment, memory, impairment, nausea, forgetfulness, personality, changes, cognitive, decline, sudden, numbness, confusion, severe, headache, vision, loss",Dementia
"convulsions, staring, spells, body, shaking, unconsciousness, fatigue, language, problems, poor, judgment, memory, impairment, weakness, loss, confusion, difficulty, thinking, disorientation",Dementia
"intense, head, pain, vomiting, fatigue, blurred, vision, throbbing, headache, visual, aura, dizziness, sensitivity, sound, nausea, forgetfulness, personality, changes, cognitive, decline",Migraine
"pain, slurred, speech, weakness, paralysis, dizziness, loss, balance, severe, headache, nausea, light, sensitivity, vomiting, facial, drooping, arm, difficulty",Stroke
"headache, fatigue, intense, head, pain, vomiting, blurred, vision, difficulty, walking, balance, problems, rigid, muscles",Migraine
"sudden, collapse, twitching, loss, awareness, headache, tremor, slow, movement, muscle, stiffness, shaking, hands, convulsions, staring, spells, body, unconsciousness, fatigue",Epilepsy
"slurred, speech, weakness, paralysis, dizziness, loss, balance, facial, drooping, arm, difficulty, walking, problems, rigid, muscles, headache",Stroke
"facial, drooping, arm, weakness, speech, difficulty, headache, sudden, numbness, confusion, severe, vision, loss, language, problems, poor, judgment, memory, impairment, nausea, slurred, paralysis, dizziness, balance",Stroke
"memory, loss, confusion, difficulty, thinking, disorientation, headache, sudden, collapse, twitching, awareness, pain, forgetfulness, personality, changes, cognitive, decline",Dementia
"intense, head, pain, vomiting, fatigue, blurred, vision, language, problems, poor, judgment, memory, impairment, loss, confusion, difficulty, thinking, disorientation, nausea",Dementia
"nausea, sudden, numbness, confusion, severe, headache, vision, loss, pain, collapse, twitching, awareness",Stroke
"difficulty, walking, balance, problems, rigid, muscles, throbbing, headache, visual, aura, dizziness, sensitivity, sound, pain",Migraine
"weakness, fatigue, tremor, slow, movement, muscle, stiffness, shaking, hands, difficulty, walking, balance, problems, rigid, muscles, resting, speech, reduced",Parkinson's
"seizure, loss, consciousness, muscle, jerks, confusion, weakness, sudden, collapse, twitching, awareness, dizziness, severe, headache, nausea, light, sensitivity, vomiting, convulsions, staring, spells, body, shaking, unconsciousness",Epilepsy
"forgetfulness, personality, changes, cognitive, decline, memory, loss, confusion, difficulty, thinking, disorientation, weakness, language, problems, poor, judgment, impairment, fatigue, facial, drooping, arm, speech",Dementia
"headache, facial, drooping, arm, weakness, speech, difficulty, convulsions, staring, spells, body, shaking, unconsciousness, seizure, loss, consciousness, muscle, jerks, confusion",Epilepsy
"sudden, numbness, confusion, severe, headache, vision, loss, slurred, speech, weakness, paralysis, dizziness, balance, nausea, light, sensitivity, vomiting",Stroke
"sudden, collapse, twitching, loss, awareness, seizure, consciousness, muscle, jerks, confusion, dizziness, convulsions, staring, spells, body, shaking, unconsciousness, fatigue",Epilepsy
"language, problems, poor, judgment, memory, impairment, facial, drooping, arm, weakness, speech, difficulty, dizziness, fatigue",Stroke
"fatigue, headache, forgetfulness, personality, changes, cognitive, decline, intense, head, pain, vomiting, blurred, vision",Dementia
"weakness, headache, seizure, loss, consciousness, muscle, jerks, confusion, slurred, speech, paralysis, dizziness, balance, convulsions, staring, spells, body, shaking, unconsciousness",Epilepsy
"forgetfulness, personality, changes, cognitive, decline, dizziness, nausea, difficulty, walking, balance, problems, rigid, muscles",Dementia
"convulsions, staring, spells, body, shaking, unconsciousness, weakness, severe, headache, nausea, light, sensitivity, vomiting, pain",Migraine
"weakness, throbbing, headache, visual, aura, dizziness, sensitivity, sound, tremor, slow, movement, muscle, stiffness, shaking, hands, intense, head, pain, vomiting, fatigue, blurred, vision",Migraine
"headache, difficulty, walking, balance, problems, rigid, muscles, weakness",Parkinson's
"language, problems, poor, judgment, memory, impairment, convulsions, staring, spells, body, shaking, unconsciousness, forgetfulness, personality, changes, cognitive, decline, headache, weakness, loss, confusion, difficulty, thinking, disorientation",Dementia
"language, problems, poor, judgment, memory, impairment, slurred, speech, weakness, paralysis, dizziness, loss, balance, headache, nausea",Dementia
"convulsions, staring, spells, body, shaking, unconsciousness, dizziness, facial, drooping, arm, weakness, speech, difficulty, nausea, slurred, paralysis, loss, balance",Stroke
"throbbing, headache, visual, aura, dizziness, sensitivity, sound, pain, nausea, intense, head, vomiting, fatigue, blurred, vision, severe, light",Migraine
"nausea, difficulty, walking, balance, problems, rigid, muscles, weakness",Parkinson's
"seizure, loss, consciousness, muscle, jerks, confusion, fatigue, nausea",Epilepsy
"fatigue, language, problems, poor, judgment, memory, impairment, seizure, loss, consciousness, muscle, jerks, confusion, headache",Epilepsy
"fatigue, memory, loss, confusion, difficulty, thinking, disorientation, forgetfulness, personality, changes, cognitive, decline, nausea, language, problems, poor, judgment, impairment",Dementia
"difficulty, walking, balance, problems, rigid, muscles, weakness, headache",Parkinson's
"seizure, loss, consciousness, muscle, jerks, confusion, forgetfulness, personality, changes, cognitive, decline, memory, difficulty, thinking, disorientation, fatigue, headache",Dementia
"convulsions, staring, spells, body, shaking, unconsciousness, nausea, dizziness, tremor, slow, movement, muscle, stiffness, hands",Parkinson's
"difficulty, walking, balance, problems, rigid, muscles, headache, resting, tremor, slow, speech, reduced, movement, muscle, stiffness, shaking, hands, pain",Parkinson's
"tremor, slow, movement, muscle, stiffness, shaking, hands, nausea, weakness",Parkinson's
"slurred, speech, weakness, paralysis, dizziness, loss, balance, memory, confusion, difficulty, thinking, disorientation",Dementia
"throbbing, headache, visual, aura, dizziness, sensitivity, sound, language, problems, poor, judgment, memory, impairment, intense, head, pain, vomiting, fatigue, blurred, vision",Migraine
"forgetfulness, personality, changes, cognitive, decline, weakness, headache, severe, nausea, light, sensitivity, vomiting",Dementia
"forgetfulness, personality, changes, cognitive, decline, weakness, facial, drooping, arm, speech, difficulty, language, problems, poor, judgment, memory, impairment, headache, loss, confusion, thinking, disorientation",Dementia
"tremor, slow, movement, muscle, stiffness, shaking, hands, dizziness, severe, headache, nausea, light, sensitivity, vomiting, difficulty, walking, balance, problems, rigid, muscles",Parkinson's
"convulsions, staring, spells, body, shaking, unconsciousness, nausea, weakness",Epilepsy
"fatigue, severe, headache, nausea, light, sensitivity, vomiting, pain, tremor, slow, movement, muscle, stiffness, shaking, hands",Migraine
"dizziness, severe, headache, nausea, light, sensitivity, vomiting, difficulty, walking, balance, problems, rigid, muscles, pain",Migraine
"facial, drooping, arm, weakness, speech, difficulty, fatigue, dizziness, forgetfulness, personality, changes, cognitive, decline",Stroke
"facial, drooping, arm, weakness, speech, difficulty, headache, sudden, numbness, confusion, severe, vision, loss, throbbing, visual, aura, dizziness, sensitivity, sound, nausea",Stroke
"language, problems, poor, judgment, memory, impairment, loss, confusion, difficulty, thinking, disorientation, forgetfulness, personality, changes, cognitive, decline, walking, balance, rigid, muscles, headache, nausea",Dementia
"slurred, speech, weakness, paralysis, dizziness, loss, balance, convulsions, staring, spells, body, shaking, unconsciousness, pain, sudden, collapse, twitching, awareness, seizure, consciousness, muscle, jerks, confusion",Epilepsy
"headache, dizziness, forgetfulness, personality, changes, cognitive, decline",Dementia
"sudden, numbness, confusion, severe, headache, vision, loss, dizziness, nausea, facial, drooping, arm, weakness, speech, difficulty, slurred, paralysis, balance",Stroke
"tremor, slow, movement, muscle, stiffness, shaking, hands, sudden, collapse, twitching, loss, awareness, difficulty, walking, balance, problems, rigid, muscles, weakness, pain",Parkinson's
"convulsions, staring, spells, body, shaking, unconsciousness, nausea, intense, head, pain, vomiting, fatigue, blurred, vision, sudden, collapse, twitching, loss, awareness, seizure, consciousness, muscle, jerks, confusion",Epilepsy
"nausea, convulsions, staring, spells, body, shaking, unconsciousness, headache, sudden, collapse, twitching, loss, awareness, tremor, slow, movement, muscle, stiffness, hands, seizure, consciousness, jerks, confusion",Epilepsy
"nausea, difficulty, walking, balance, problems, rigid, muscles, headache, tremor, slow, movement, muscle, stiffness, shaking, hands, resting, speech, reduced",Parkinson's
"severe, headache, nausea, light, sensitivity, vomiting, tremor, slow, movement, muscle, stiffness, shaking, hands, difficulty, walking, balance, problems, rigid, muscles, weakness, dizziness",Parkinson's
"fatigue, headache, forgetfulness, personality, changes, cognitive, decline",Dementia
"fatigue, convulsions, staring, spells, body, shaking, unconsciousness, headache, difficulty, walking, balance, problems, rigid, muscles, sudden, collapse, twitching, loss, awareness",Epilepsy
"sudden, numbness, confusion, severe, headache, vision, loss, weakness, forgetfulness, personality, changes, cognitive, decline",Stroke
"headache, severe, nausea, light, sensitivity, vomiting, convulsions, staring, spells, body, shaking, unconsciousness, throbbing, visual, aura, dizziness, sound",Migraine
"sudden, numbness, confusion, severe, headache, vision, loss, facial, drooping, arm, weakness, speech, difficulty, nausea, slurred, paralysis, dizziness, balance, throbbing, visual, aura, sensitivity, sound",Stroke
"headache, dizziness, language, problems, poor, judgment, memory, impairment, sudden, collapse, twitching, loss, awareness, convulsions, staring, spells, body, shaking, unconsciousness",Epilepsy
"convulsions, staring, spells, body, shaking, unconsciousness, fatigue, seizure, loss, consciousness, muscle, jerks, confusion, forgetfulness, personality, changes, cognitive, decline, nausea, sudden, collapse, twitching, awareness",Epilepsy
"language, problems, poor, judgment, memory, impairment, weakness, forgetfulness, personality, changes, cognitive, decline, headache, sudden, collapse, twitching, loss, awareness",Dementia
"forgetfulness, personality, changes, cognitive, decline, difficulty, walking, balance, problems, rigid, muscles, weakness, language, poor, judgment, memory, impairment, nausea, loss, confusion, thinking, disorientation",Dementia
"facial, drooping, arm, weakness, speech, difficulty, nausea, sudden, numbness, confusion, severe, headache, vision, loss, pain",Stroke
"throbbing, headache, visual, aura, dizziness, sensitivity, sound, sudden, numbness, confusion, severe, vision, loss, fatigue, slurred, speech, weakness, paralysis, balance",Stroke
"nausea, dizziness, memory, loss, confusion, difficulty, thinking, disorientation, throbbing, headache, visual, aura, sensitivity, sound",Migraine
"slurred, speech, weakness, paralysis, dizziness, loss, balance, facial, drooping, arm, difficulty, pain, resting, tremor, slow, reduced, movement, fatigue",Stroke
"slurred, speech, weakness, paralysis, dizziness, loss, balance, pain, resting, tremor, slow, reduced, movement, facial, drooping, arm, difficulty, headache",Stroke
"nausea, severe, headache, light, sensitivity, vomiting, weakness, slurred, speech, paralysis, dizziness, loss, balance, facial, drooping, arm, difficulty",Stroke
"headache, slurred, speech, weakness, paralysis, dizziness, loss, balance, seizure, consciousness, muscle, jerks, confusion, sudden, collapse, twitching, awareness, pain, convulsions, staring, spells, body, shaking, unconsciousness",Epilepsy
"forgetfulness, personality, changes, cognitive, decline, sudden, numbness, confusion, severe, headache, vision, loss, slurred, speech, weakness, paralysis, dizziness, balance, fatigue, pain",Stroke
"severe, headache, nausea, light, sensitivity, vomiting, difficulty, walking, balance, problems, rigid, muscles, tremor, slow, movement, muscle, stiffness, shaking, hands, weakness",Parkinson's
"dizziness, weakness, throbbing, headache, visual, aura, sensitivity, sound, intense, head, pain, vomiting, fatigue, blurred, vision, severe, nausea, light",Migraine
"seizure, loss, consciousness, muscle, jerks, confusion, facial, drooping, arm, weakness, speech, difficulty, dizziness, headache, convulsions, staring, spells, body, shaking, unconsciousness, sudden, collapse, twitching, awareness",Epilepsy
"slurred, speech, weakness, paralysis, dizziness, loss, balance, facial, drooping, arm, difficulty, memory, confusion, thinking, disorientation, headache",Stroke
"nausea, fatigue, convulsions, staring, spells, body, shaking, unconsciousness, memory, loss, confusion, difficulty, thinking, disorientation",Dementia
"resting, tremor, slow, speech, reduced, movement, headache, fatigue, sudden, numbness, confusion, severe, vision, loss",Stroke
"headache, pain, slurred, speech, weakness, paralysis, dizziness, loss, balance",Stroke
"fatigue, tremor, slow, movement, muscle, stiffness, shaking, hands, pain, language, problems, poor, judgment, memory, impairment",Parkinson's
"difficulty, walking, balance, problems, rigid, muscles, fatigue, convulsions, staring, spells, body, shaking, unconsciousness, pain",Epilepsy
"weakness, memory, loss, confusion, difficulty, thinking, disorientation, sudden, numbness, severe, headache, vision, forgetfulness, personality, changes, cognitive, decline, dizziness",Dementia
"facial, drooping, arm, weakness, speech, difficulty, headache, nausea, tremor, slow, movement, muscle, stiffness, shaking, hands, sudden, numbness, confusion, severe, vision, loss",Stroke
"language, problems, poor, judgment, memory, impairment, slurred, speech, weakness, paralysis, dizziness, loss, balance, confusion, difficulty, thinking, disorientation, headache",Dementia
"weakness, slurred, speech, paralysis, dizziness, loss, balance, sudden, numbness, confusion, severe, headache, vision, fatigue, facial, drooping, arm, difficulty",Stroke
"difficulty, walking, balance, problems, rigid, muscles, tremor, slow, movement, muscle, stiffness, shaking, hands, fatigue, convulsions, staring, spells, body, unconsciousness, resting, speech, reduced, weakness",Parkinson's
"nausea, slurred, speech, weakness, paralysis, dizziness, loss, balance, language, problems, poor, judgment, memory, impairment",Stroke
"severe, headache, nausea, light, sensitivity, vomiting, pain, dizziness, sudden, collapse, twitching, loss, awareness, intense, head, fatigue, blurred, vision",Migraine
"severe, headache, nausea, light, sensitivity, vomiting, dizziness, slurred, speech, weakness, paralysis, loss, balance",Migraine
"facial, drooping, arm, weakness, speech, difficulty, seizure, loss, consciousness, muscle, jerks, confusion, slurred, paralysis, dizziness, balance",Stroke
"nausea, headache, forgetfulness, personality, changes, cognitive, decline, language, problems, poor, judgment, memory, impairment, loss, confusion, difficulty, thinking, disorientation",Dementia
"headache, resting, tremor, slow, speech, reduced, movement, difficulty, walking, balance, problems, rigid, muscles, nausea, forgetfulness, personality, changes, cognitive, decline",Parkinson's
"convulsions, staring, spells, body, shaking, unconsciousness, seizure, loss, consciousness, muscle, jerks, confusion, weakness, difficulty, walking, balance, problems, rigid, muscles, sudden, collapse, twitching, awareness, headache",Epilepsy
"sudden, numbness, confusion, severe, headache, vision, loss, pain, dizziness",Stroke
"dizziness, weakness, sudden, numbness, confusion, severe, headache, vision, loss, nausea, light, sensitivity, vomiting",Stroke
"headache, fatigue, intense, head, pain, vomiting, blurred, vision, resting, tremor, slow, speech, reduced, movement",Parkinson's
"headache, pain, facial, drooping, arm, weakness, speech, difficulty, tremor, slow, movement, muscle, stiffness, shaking, hands",Parkinson's
"tremor, slow, movement, muscle, stiffness, shaking, hands, nausea, sudden, collapse, twitching, loss, awareness, fatigue, difficulty, walking, balance, problems, rigid, muscles, resting, speech, reduced",Parkinson's
"sudden, numbness, confusion, severe, headache, vision, loss, nausea, collapse, twitching, awareness, facial, drooping, arm, weakness, speech, difficulty",Stroke
"language, problems, poor, judgment, memory, impairment, sudden, numbness, confusion, severe, headache, vision, loss, nausea, pain",Dementia
"sudden, collapse, twitching, loss, awareness, throbbing, headache, visual, aura, dizziness, sensitivity, sound, seizure, consciousness, muscle, jerks, confusion, convulsions, staring, spells, body, shaking, unconsciousness",Epilepsy
"resting, tremor, slow, speech, reduced, movement, sudden, collapse, twitching, loss, awareness, muscle, stiffness, shaking, hands, difficulty, walking, balance, problems, rigid, muscles, weakness, headache",Parkinson's
"pain, weakness, slurred, speech, paralysis, dizziness, loss, balance",Stroke
"nausea, memory, loss, confusion, difficulty, thinking, disorientation, language, problems, poor, judgment, impairment, intense, head, pain, vomiting, fatigue, blurred, vision, weakness",Dementia
"difficulty, walking, balance, problems, rigid, muscles, fatigue, pain, sudden, collapse, twitching, loss, awareness",Epilepsy
"nausea, headache, severe, light, sensitivity, vomiting",Migraine
"forgetfulness, personality, changes, cognitive, decline, sudden, collapse, twitching, loss, awareness, seizure, consciousness, muscle, jerks, confusion, fatigue, convulsions, staring, spells, body, shaking, unconsciousness, pain",Epilepsy
"headache, weakness, seizure, loss, consciousness, muscle, jerks, confusion, convulsions, staring, spells, body, shaking, unconsciousness, sudden, numbness, severe, vision",Epilepsy
"forgetfulness, personality, changes, cognitive, decline, resting, tremor, slow, speech, reduced, movement, difficulty, walking, balance, problems, rigid, muscles, fatigue, muscle, stiffness, shaking, hands, weakness",Parkinson's
"seizure, loss, consciousness, muscle, jerks, confusion, throbbing, headache, visual, aura, dizziness, sensitivity, sound, intense, head, pain, vomiting, fatigue, blurred, vision, severe, nausea, light",Migraine
"weakness, intense, head, pain, vomiting, fatigue, blurred, vision, headache, slurred, speech, paralysis, dizziness, loss, balance",Stroke
"dizziness, tremor, slow, movement, muscle, stiffness, shaking, hands, slurred, speech, weakness, paralysis, loss, balance, headache, sudden, numbness, confusion, severe, vision",Stroke
"sudden, numbness, confusion, severe, headache, vision, loss, forgetfulness, personality, changes, cognitive, decline, dizziness, weakness",Stroke
"throbbing, headache, visual, aura, dizziness, sensitivity, sound, resting, tremor, slow, speech, reduced, movement, pain",Parkinson's
"tremor, slow, movement, muscle, stiffness, shaking, hands, difficulty, walking, balance, problems, rigid, muscles, fatigue, dizziness, resting, speech, reduced, severe, headache, nausea, light, sensitivity, vomiting",Parkinson's
"fatigue, slurred, speech, weakness, paralysis, dizziness, loss, balance, pain, convulsions, staring, spells, body, shaking, unconsciousness, sudden, collapse, twitching, awareness, seizure, consciousness, muscle, jerks, confusion",Epilepsy
"headache, sudden, numbness, confusion, severe, vision, loss, nausea, slurred, speech, weakness, paralysis, dizziness, balance, tremor, slow, movement, muscle, stiffness, shaking, hands",Stroke
"headache, nausea, convulsions, staring, spells, body, shaking, unconsciousness, tremor, slow, movement, muscle, stiffness, hands",Parkinson's
"sudden, collapse, twitching, loss, awareness, convulsions, staring, spells, body, shaking, unconsciousness, seizure, consciousness, muscle, jerks, confusion, pain, nausea, numbness, severe, headache, vision",Epilepsy
"resting, tremor, slow, speech, reduced, movement, weakness, dizziness, facial, drooping, arm, difficulty",Stroke
"pain, difficulty, walking, balance, problems, rigid, muscles, forgetfulness, personality, changes, cognitive, decline, fatigue, resting, tremor, slow, speech, reduced, movement",Parkinson's
"fatigue, resting, tremor, slow, speech, reduced, movement, convulsions, staring, spells, body, shaking, unconsciousness, sudden, collapse, twitching, loss, awareness, seizure, consciousness, muscle, jerks, confusion, dizziness",Epilepsy
"memory, loss, confusion, difficulty, thinking, disorientation, throbbing, headache, visual, aura, dizziness, sensitivity, sound, severe, nausea, light, vomiting",Migraine
"pain, weakness, convulsions, staring, spells, body, shaking, unconsciousness, facial, drooping, arm, speech, difficulty",Stroke
"resting, tremor, slow, speech, reduced, movement, fatigue, slurred, weakness, paralysis, dizziness, loss, balance, facial, drooping, arm, difficulty, sudden, numbness, confusion, severe, headache, vision",Stroke
"sudden, collapse, twitching, loss, awareness, fatigue, intense, head, pain, vomiting, blurred, vision, nausea, severe, headache, light, sensitivity",Migraine
"throbbing, headache, visual, aura, dizziness, sensitivity, sound, sudden, collapse, twitching, loss, awareness, nausea, weakness, convulsions, staring, spells, body, shaking, unconsciousness",Epilepsy
"convulsions, staring, spells, body, shaking, unconsciousness, pain, severe, headache, nausea, light, sensitivity, vomiting, fatigue, seizure, loss, consciousness, muscle, jerks, confusion",Epilepsy
"difficulty, walking, balance, problems, rigid, muscles, tremor, slow, movement, muscle, stiffness, shaking, hands, fatigue, headache, intense, head, pain, vomiting, blurred, vision",Parkinson's
"resting, tremor, slow, speech, reduced, movement, sudden, numbness, confusion, severe, headache, vision, loss, fatigue, difficulty, walking, balance, problems, rigid, muscles",Parkinson's
"resting, tremor, slow, speech, reduced, movement, headache, dizziness, throbbing, visual, aura, sensitivity, sound, difficulty, walking, balance, problems, rigid, muscles",Parkinson's
"slurred, speech, weakness, paralysis, dizziness, loss, balance, resting, tremor, slow, reduced, movement, headache",Stroke
"forgetfulness, personality, changes, cognitive, decline, sudden, collapse, twitching, loss, awareness, nausea, language, problems, poor, judgment, memory, impairment, confusion, difficulty, thinking, disorientation, dizziness",Dementia
"weakness, throbbing, headache, visual, aura, dizziness, sensitivity, sound, severe, nausea, light, vomiting, difficulty, walking, balance, problems, rigid, muscles, intense, head, pain, fatigue, blurred, vision",Migraine
"memory, loss, confusion, difficulty, thinking, disorientation, facial, drooping, arm, weakness, speech, pain, fatigue, slurred, paralysis, dizziness, balance, sudden, numbness, severe, headache, vision",Stroke
"weakness, sudden, numbness, confusion, severe, headache, vision, loss, dizziness",Stroke
"fatigue, difficulty, walking, balance, problems, rigid, muscles, tremor, slow, movement, muscle, stiffness, shaking, hands, dizziness, seizure, loss, consciousness, jerks, confusion",Parkinson's
"fatigue, facial, drooping, arm, weakness, speech, difficulty, seizure, loss, consciousness, muscle, jerks, confusion, slurred, paralysis, dizziness, balance",Stroke
"slurred, speech, weakness, paralysis, dizziness, loss, balance, pain, severe, headache, nausea, light, sensitivity, vomiting, fatigue",Stroke
"weakness, pain, language, problems, poor, judgment, memory, impairment, intense, head, vomiting, fatigue, blurred, vision, throbbing, headache, visual, aura, dizziness, sensitivity, sound",Migraine
"pain, memory, loss, confusion, difficulty, thinking, disorientation, dizziness",Dementia
"headache, difficulty, walking, balance, problems, rigid, muscles, dizziness, language, poor, judgment, memory, impairment, loss, confusion, thinking, disorientation",Dementia
"sudden, collapse, twitching, loss, awareness, dizziness, throbbing, headache, visual, aura, sensitivity, sound, nausea",Epilepsy
"intense, head, pain, vomiting, fatigue, blurred, vision, severe, headache, nausea, light, sensitivity, dizziness, language, problems, poor, judgment, memory, impairment",Migraine
"sudden, numbness, confusion, severe, headache, vision, loss, language, problems, poor, judgment, memory, impairment, nausea",Dementia
"fatigue, throbbing, headache, visual, aura, dizziness, sensitivity, sound, sudden, numbness, confusion, severe, vision, loss, weakness",Migraine
"sudden, numbness, confusion, severe, headache, vision, loss, weakness, pain, intense, head, vomiting, fatigue, blurred, throbbing, visual, aura, dizziness, sensitivity, sound, nausea, light",Migraine
"convulsions, staring, spells, body, shaking, unconsciousness, tremor, slow, movement, muscle, stiffness, hands, headache, fatigue",Parkinson's
"intense, head, pain, vomiting, fatigue, blurred, vision, headache, memory, loss, confusion, difficulty, thinking, disorientation, throbbing, visual, aura, dizziness, sensitivity, sound",Migraine
"forgetfulness, personality, changes, cognitive, decline, resting, tremor, slow, speech, reduced, movement, headache, dizziness",Dementia
"seizure, loss, consciousness, muscle, jerks, confusion, tremor, slow, movement, stiffness, shaking, hands, convulsions, staring, spells, body, unconsciousness, nausea, pain, sudden, collapse, twitching, awareness",Epilepsy
"language, problems, poor, judgment, memory, impairment, weakness, forgetfulness, personality, changes, cognitive, decline, headache",Dementia
"tremor, slow, movement, muscle, stiffness, shaking, hands, fatigue, pain, throbbing, headache, visual, aura, dizziness, sensitivity, sound",Migraine
"memory, loss, confusion, difficulty, thinking, disorientation, dizziness, sudden, numbness, severe, headache, vision, pain",Stroke
"nausea, throbbing, headache, visual, aura, dizziness, sensitivity, sound, intense, head, pain, vomiting, fatigue, blurred, vision",Migraine
"weakness, headache, resting, tremor, slow, speech, reduced, movement, intense, head, pain, vomiting, fatigue, blurred, vision, muscle, stiffness, shaking, hands",Parkinson's
"fatigue, weakness, seizure, loss, consciousness, muscle, jerks, confusion, language, problems, poor, judgment, memory, impairment",Epilepsy
"nausea, memory, loss, confusion, difficulty, thinking, disorientation, headache",Dementia
"weakness, forgetfulness, personality, changes, cognitive, decline, throbbing, headache, visual, aura, dizziness, sensitivity, sound, pain",Migraine
"dizziness, slurred, speech, weakness, paralysis, loss, balance, sudden, numbness, confusion, severe, headache, vision, facial, drooping, arm, difficulty",Stroke
"pain, sudden, numbness, confusion, severe, headache, vision, loss, facial, drooping, arm, weakness, speech, difficulty, nausea, intense, head, vomiting, fatigue, blurred",Stroke
"sudden, numbness, confusion, severe, headache, vision, loss, weakness, seizure, consciousness, muscle, jerks, collapse, twitching, awareness",Epilepsy
"forgetfulness, personality, changes, cognitive, decline, weakness, language, problems, poor, judgment, memory, impairment, loss, confusion, difficulty, thinking, disorientation, dizziness, sudden, collapse, twitching, awareness",Dementia
"weakness, difficulty, walking, balance, problems, rigid, muscles, tremor, slow, movement, muscle, stiffness, shaking, hands, resting, speech, reduced, sudden, numbness, confusion, severe, headache, vision, loss, dizziness",Parkinson's
"severe, headache, nausea, light, sensitivity, vomiting, throbbing, visual, aura, dizziness, sound, intense, head, pain, fatigue, blurred, vision",Migraine
"intense, head, pain, vomiting, fatigue, blurred, vision, headache, severe, nausea, light, sensitivity, throbbing, visual, aura, dizziness, sound",Migraine
"fatigue, nausea, intense, head, pain, vomiting, blurred, vision, severe, headache, light, sensitivity, difficulty, walking, balance, problems, rigid, muscles, throbbing, visual, aura, dizziness, sound",Migraine
"facial, drooping, arm, weakness, speech, difficulty, slurred, paralysis, dizziness, loss, balance, fatigue, sudden, numbness, confusion, severe, headache, vision, forgetfulness, personality, changes, cognitive, decline",Stroke
"headache, forgetfulness, personality, changes, cognitive, decline, facial, drooping, arm, weakness, speech, difficulty, memory, loss, confusion, thinking, disorientation, pain",Dementia
"headache, tremor, slow, movement, muscle, stiffness, shaking, hands, resting, speech, reduced, nausea, intense, head, pain, vomiting, fatigue, blurred, vision",Parkinson's
"weakness, fatigue, severe, headache, nausea, light, sensitivity, vomiting",Migraine
"convulsions, staring, spells, body, shaking, unconsciousness, headache, difficulty, walking, balance, problems, rigid, muscles, pain",Epilepsy
"throbbing, headache, visual, aura, dizziness, sensitivity, sound, severe, nausea, light, vomiting, weakness",Migraine
"facial, drooping, arm, weakness, speech, difficulty, resting, tremor, slow, reduced, movement, sudden, numbness, confusion, severe, headache, vision, loss, dizziness",Stroke
"memory, loss, confusion, difficulty, thinking, disorientation, intense, head, pain, vomiting, fatigue, blurred, vision, nausea, dizziness",Migraine
"sudden, collapse, twitching, loss, awareness, pain, headache",Epilepsy
"forgetfulness, personality, changes, cognitive, decline, throbbing, headache, visual, aura, dizziness, sensitivity, sound, nausea, language, problems, poor, judgment, memory, impairment, pain",Dementia
"convulsions, staring, spells, body, shaking, unconsciousness, seizure, loss, consciousness, muscle, jerks, confusion, nausea, pain, slurred, speech, weakness, paralysis, dizziness, balance",Epilepsy
"language, problems, poor, judgment, memory, impairment, fatigue, headache, seizure, loss, consciousness, muscle, jerks, confusion, difficulty, thinking, disorientation, forgetfulness, personality, changes, cognitive, decline",Dementia
"forgetfulness, personality, changes, cognitive, decline, resting, tremor, slow, speech, reduced, movement, muscle, stiffness, shaking, hands, fatigue, pain",Parkinson's
"fatigue, nausea, difficulty, walking, balance, problems, rigid, muscles, sudden, collapse, twitching, loss, awareness",Parkinson's
"convulsions, staring, spells, body, shaking, unconsciousness, slurred, speech, weakness, paralysis, dizziness, loss, balance, sudden, numbness, confusion, severe, headache, vision, fatigue, pain",Stroke
"fatigue, difficulty, walking, balance, problems, rigid, muscles, slurred, speech, weakness, paralysis, dizziness, loss",Stroke
"convulsions, staring, spells, body, shaking, unconsciousness, nausea, memory, loss, confusion, difficulty, thinking, disorientation, dizziness",Epilepsy
"convulsions, staring, spells, body, shaking, unconsciousness, tremor, slow, movement, muscle, stiffness, hands, headache, dizziness, difficulty, walking, balance, problems, rigid, muscles, resting, speech, reduced",Parkinson's
"headache, throbbing, visual, aura, dizziness, sensitivity, sound, language, problems, poor, judgment, memory, impairment",Migraine
"nausea, resting, tremor, slow, speech, reduced, movement, facial, drooping, arm, weakness, difficulty, slurred, paralysis, dizziness, loss, balance",Stroke
"dizziness, sudden, collapse, twitching, loss, awareness, facial, drooping, arm, weakness, speech, difficulty, fatigue, slurred, paralysis, balance",Stroke
"pain, headache, seizure, loss, consciousness, muscle, jerks, confusion, severe, nausea, light, sensitivity, vomiting",Epilepsy
"slurred, speech, weakness, paralysis, dizziness, loss, balance, nausea, pain",Stroke
"fatigue, convulsions, staring, spells, body, shaking, unconsciousness, dizziness, resting, tremor, slow, speech, reduced, movement",Epilepsy
"severe, headache, nausea, light, sensitivity, vomiting, pain, intense, head, fatigue, blurred, vision, sudden, numbness, confusion, loss, throbbing, visual, aura, dizziness, sound",Migraine
"nausea, dizziness, slurred, speech, weakness, paralysis, loss, balance, sudden, numbness, confusion, severe, headache, vision, memory, difficulty, thinking, disorientation",Stroke
"fatigue, pain, forgetfulness, personality, changes, cognitive, decline, convulsions, staring, spells, body, shaking, unconsciousness",Epilepsy
"difficulty, walking, balance, problems, rigid, muscles, fatigue, forgetfulness, personality, changes, cognitive, decline, language, poor, judgment, memory, impairment, pain, loss, confusion, thinking, disorientation",Dementia
"language, problems, poor, judgment, memory, impairment, loss, confusion, difficulty, thinking, disorientation, pain, fatigue",Dementia
"slurred, speech, weakness, paralysis, dizziness, loss, balance, intense, head, pain, vomiting, fatigue, blurred, vision, severe, headache, nausea, light, sensitivity, throbbing, visual, aura, sound",Migraine
"memory, loss, confusion, difficulty, thinking, disorientation, nausea, dizziness, slurred, speech, weakness, paralysis, balance, sudden, numbness, severe, headache, vision",Stroke
"slurred, speech, weakness, paralysis, dizziness, loss, balance, headache, fatigue, language, problems, poor, judgment, memory, impairment, confusion, difficulty, thinking, disorientation",Dementia
"slurred, speech, weakness, paralysis, dizziness, loss, balance, pain",Stroke
"facial, drooping, arm, weakness, speech, difficulty, intense, head, pain, vomiting, fatigue, blurred, vision, nausea",Stroke
"difficulty, walking, balance, problems, rigid, muscles, dizziness, forgetfulness, personality, changes, cognitive, decline, language, poor, judgment, memory, impairment, loss, confusion, thinking, disorientation, headache",Dementia
"pain, language, problems, poor, judgment, memory, impairment, loss, confusion, difficulty, thinking, disorientation, weakness, convulsions, staring, spells, body, shaking, unconsciousness",Dementia
"headache, forgetfulness, personality, changes, cognitive, decline, weakness, sudden, collapse, twitching, loss, awareness, convulsions, staring, spells, body, shaking, unconsciousness, seizure, consciousness, muscle, jerks, confusion",Epilepsy
"pain, weakness, memory, loss, confusion, difficulty, thinking, disorientation, seizure, consciousness, muscle, jerks",Epilepsy
"facial, drooping, arm, weakness, speech, difficulty, memory, loss, confusion, thinking, disorientation, slurred, paralysis, dizziness, balance, nausea, pain",Stroke
"dizziness, language, problems, poor, judgment, memory, impairment, forgetfulness, personality, changes, cognitive, decline, loss, confusion, difficulty, thinking, disorientation, weakness, sudden, numbness, severe, headache, vision",Dementia
"seizure, loss, consciousness, muscle, jerks, confusion, resting, tremor, slow, speech, reduced, movement, pain, fatigue",Parkinson's
"facial, drooping, arm, weakness, speech, difficulty, tremor, slow, movement, muscle, stiffness, shaking, hands, nausea, slurred, paralysis, dizziness, loss, balance, sudden, numbness, confusion, severe, headache, vision",Stroke
"tremor, slow, movement, muscle, stiffness, shaking, hands, resting, speech, reduced, weakness, slurred, paralysis, dizziness, loss, balance, pain",Parkinson's
"sudden, collapse, twitching, loss, awareness, memory, confusion, difficulty, thinking, disorientation, dizziness, convulsions, staring, spells, body, shaking, unconsciousness, weakness",Epilepsy
"fatigue, headache, facial, drooping, arm, weakness, speech, difficulty, sudden, numbness, confusion, severe, vision, loss, throbbing, visual, aura, dizziness, sensitivity, sound",Stroke
"sudden, collapse, twitching, loss, awareness, convulsions, staring, spells, body, shaking, unconsciousness, pain, headache",Epilepsy
"nausea, facial, drooping, arm, weakness, speech, difficulty, severe, headache, light, sensitivity, vomiting, pain",Migraine
"language, problems, poor, judgment, memory, impairment, weakness, forgetfulness, personality, changes, cognitive, decline, nausea, difficulty, walking, balance, rigid, muscles",Dementia
"convulsions, staring, spells, body, shaking, unconsciousness, language, problems, poor, judgment, memory, impairment, loss, confusion, difficulty, thinking, disorientation, weakness, nausea, forgetfulness, personality, changes, cognitive, decline",Dementia
"seizure, loss, consciousness, muscle, jerks, confusion, slurred, speech, weakness, paralysis, dizziness, balance, fatigue, headache",Stroke
"memory, loss, confusion, difficulty, thinking, disorientation, weakness, seizure, consciousness, muscle, jerks, fatigue, forgetfulness, personality, changes, cognitive, decline",Dementia
"slurred, speech, weakness, paralysis, dizziness, loss, balance, intense, head, pain, vomiting, fatigue, blurred, vision, sudden, numbness, confusion, severe, headache, facial, drooping, arm, difficulty",Stroke
"sudden, numbness, confusion, severe, headache, vision, loss, collapse, twitching, awareness, convulsions, staring, spells, body, shaking, unconsciousness, seizure, consciousness, muscle, jerks, dizziness",Epilepsy
"headache, fatigue, resting, tremor, slow, speech, reduced, movement, muscle, stiffness, shaking, hands, difficulty, walking, balance, problems, rigid, muscles, forgetfulness, personality, changes, cognitive, decline",Parkinson's
"nausea, headache, convulsions, staring, spells, body, shaking, unconsciousness",Epilepsy
"nausea, pain, tremor, slow, movement, muscle, stiffness, shaking, hands, facial, drooping, arm, weakness, speech, difficulty",Parkinson's
"headache, weakness, memory, loss, confusion, difficulty, thinking, disorientation, seizure, consciousness, muscle, jerks",Dementia
"seizure, loss, consciousness, muscle, jerks, confusion, sudden, collapse, twitching, awareness, difficulty, walking, balance, problems, rigid, muscles, convulsions, staring, spells, body, shaking, unconsciousness, weakness, pain",Epilepsy
"language, problems, poor, judgment, memory, impairment, sudden, collapse, twitching, loss, awareness, confusion, difficulty, thinking, disorientation, forgetfulness, personality, changes, cognitive, decline, dizziness, nausea",Dementia
"dizziness, pain, language, problems, poor, judgment, memory, impairment",Dementia
"dizziness, severe, headache, nausea, light, sensitivity, vomiting, fatigue, throbbing, visual, aura, sound, intense, head, pain, blurred, vision",Migraine
"weakness, pain, facial, drooping, arm, speech, difficulty, intense, head, vomiting, fatigue, blurred, vision, throbbing, headache, visual, aura, dizziness, sensitivity, sound",Migraine
"intense, head, pain, vomiting, fatigue, blurred, vision, nausea, throbbing, headache, visual, aura, dizziness, sensitivity, sound",Migraine
"dizziness, forgetfulness, personality, changes, cognitive, decline, facial, drooping, arm, weakness, speech, difficulty, language, problems, poor, judgment, memory, impairment, headache",Dementia
"sudden, numbness, confusion, severe, headache, vision, loss, slurred, speech, weakness, paralysis, dizziness, balance, facial, drooping, arm, difficulty, collapse, twitching, awareness, fatigue, nausea",Stroke
"resting, tremor, slow, speech, reduced, movement, slurred, weakness, paralysis, dizziness, loss, balance, facial, drooping, arm, difficulty, headache, sudden, numbness, confusion, severe, vision, fatigue",Stroke
"facial, drooping, arm, weakness, speech, difficulty, walking, balance, problems, rigid, muscles, fatigue, resting, tremor, slow, reduced, movement",Parkinson's
"nausea, language, problems, poor, judgment, memory, impairment, sudden, collapse, twitching, loss, awareness, dizziness",Dementia
"headache, memory, loss, confusion, difficulty, thinking, disorientation, facial, drooping, arm, weakness, speech, slurred, paralysis, dizziness, balance, sudden, numbness, severe, vision, nausea",Stroke
"pain, sudden, collapse, twitching, loss, awareness, convulsions, staring, spells, body, shaking, unconsciousness, seizure, consciousness, muscle, jerks, confusion, language, problems, poor, judgment, memory, impairment, weakness",Epilepsy
"tremor, slow, movement, muscle, stiffness, shaking, hands, fatigue, severe, headache, nausea, light, sensitivity, vomiting",Migraine
"language, problems, poor, judgment, memory, impairment, pain, forgetfulness, personality, changes, cognitive, decline, headache, throbbing, visual, aura, dizziness, sensitivity, sound",Dementia
"intense, head, pain, vomiting, fatigue, blurred, vision, severe, headache, nausea, light, sensitivity, throbbing, visual, aura, dizziness, sound, forgetfulness, personality, changes, cognitive, decline",Migraine
"intense, head, pain, vomiting, fatigue, blurred, vision, weakness, throbbing, headache, visual, aura, dizziness, sensitivity, sound, difficulty, walking, balance, problems, rigid, muscles, severe, nausea, light",Migraine
"forgetfulness, personality, changes, cognitive, decline, nausea, facial, drooping, arm, weakness, speech, difficulty, fatigue",Stroke
"slurred, speech, weakness, paralysis, dizziness, loss, balance, seizure, consciousness, muscle, jerks, confusion, fatigue",Epilepsy
"forgetfulness, personality, changes, cognitive, decline, throbbing, headache, visual, aura, dizziness, sensitivity, sound, intense, head, pain, vomiting, fatigue, blurred, vision, severe, nausea, light",Migraine
"pain, intense, head, vomiting, fatigue, blurred, vision, language, problems, poor, judgment, memory, impairment",Dementia
"fatigue, intense, head, pain, vomiting, blurred, vision, weakness, convulsions, staring, spells, body, shaking, unconsciousness",Epilepsy
"sudden, collapse, twitching, loss, awareness, severe, headache, nausea, light, sensitivity, vomiting",Migraine
"dizziness, pain, sudden, numbness, confusion, severe, headache, vision, loss, facial, drooping, arm, weakness, speech, difficulty, forgetfulness, personality, changes, cognitive, decline",Stroke
"slurred, speech, weakness, paralysis, dizziness, loss, balance, nausea, pain, facial, drooping, arm, difficulty, seizure, consciousness, muscle, jerks, confusion",Stroke
"dizziness, fatigue, forgetfulness, personality, changes, cognitive, decline, language, problems, poor, judgment, memory, impairment, seizure, loss, consciousness, muscle, jerks, confusion",Dementia
"memory, loss, confusion, difficulty, thinking, disorientation, fatigue, forgetfulness, personality, changes, cognitive, decline, pain, convulsions, staring, spells, body, shaking, unconsciousness",Dementia
"severe, headache, nausea, light, sensitivity, vomiting, intense, head, pain, fatigue, blurred, vision, slurred, speech, weakness, paralysis, dizziness, loss, balance, throbbing, visual, aura, sound",Migraine
"forgetfulness, personality, changes, cognitive, decline, weakness, sudden, collapse, twitching, loss, awareness, memory, confusion, difficulty, thinking, disorientation, language, problems, poor, judgment, impairment, nausea",Dementia
"dizziness, sudden, collapse, twitching, loss, awareness, weakness, numbness, confusion, severe, headache, vision",Stroke
"dizziness, intense, head, pain, vomiting, fatigue, blurred, vision, throbbing, headache, visual, aura, sensitivity, sound",Migraine
"slurred, speech, weakness, paralysis, dizziness, loss, balance, headache, language, problems, poor, judgment, memory, impairment, sudden, numbness, confusion, severe, vision, fatigue",Stroke
"sudden, numbness, confusion, severe, headache, vision, loss, dizziness, facial, drooping, arm, weakness, speech, difficulty, slurred, paralysis, balance, tremor, slow, movement, muscle, stiffness, shaking, hands",Stroke
"difficulty, walking, balance, problems, rigid, muscles, pain, throbbing, headache, visual, aura, dizziness, sensitivity, sound, weakness",Parkinson's
"sudden, numbness, confusion, severe, headache, vision, loss, throbbing, visual, aura, dizziness, sensitivity, sound, pain, nausea, light, vomiting, intense, head, fatigue, blurred, weakness",Migraine
"severe, headache, nausea, light, sensitivity, vomiting, throbbing, visual, aura, dizziness, sound, weakness, intense, head, pain, fatigue, blurred, vision",Migraine
"nausea, fatigue, forgetfulness, personality, changes, cognitive, decline",Dementia
"difficulty, walking, balance, problems, rigid, muscles, seizure, loss, consciousness, muscle, jerks, confusion, convulsions, staring, spells, body, shaking, unconsciousness, dizziness, pain",Epilepsy
"sudden, numbness, confusion, severe, headache, vision, loss, pain, resting, tremor, slow, speech, reduced, movement",Parkinson's
"fatigue, severe, headache, nausea, light, sensitivity, vomiting, pain, seizure, loss, consciousness, muscle, jerks, confusion, convulsions, staring, spells, body, shaking, unconsciousness",Epilepsy
"pain, memory, loss, confusion, difficulty, thinking, disorientation, nausea, facial, drooping, arm, weakness, speech",Stroke
"seizure, loss, consciousness, muscle, jerks, confusion, nausea, pain, facial, drooping, arm, weakness, speech, difficulty",Stroke
"severe, headache, nausea, light, sensitivity, vomiting, intense, head, pain, fatigue, blurred, vision, throbbing, visual, aura, dizziness, sound, seizure, loss, consciousness, muscle, jerks, confusion",Migraine
"forgetfulness, personality, changes, cognitive, decline, severe, headache, nausea, light, sensitivity, vomiting, weakness, dizziness",Dementia
"language, problems, poor, judgment, memory, impairment, intense, head, pain, vomiting, fatigue, blurred, vision, throbbing, headache, visual, aura, dizziness, sensitivity, sound, nausea",Migraine
"slurred, speech, weakness, paralysis, dizziness, loss, balance, sudden, numbness, confusion, severe, headache, vision, collapse, twitching, awareness, pain, nausea",Stroke
"weakness, difficulty, walking, balance, problems, rigid, muscles, facial, drooping, arm, speech, dizziness, slurred, paralysis, loss",Stroke
"language, problems, poor, judgment, memory, impairment, nausea, difficulty, walking, balance, rigid, muscles, loss, confusion, thinking, disorientation, headache, forgetfulness, personality, changes, cognitive, decline",Dementia
"forgetfulness, personality, changes, cognitive, decline, nausea, weakness, slurred, speech, paralysis, dizziness, loss, balance",Stroke
"slurred, speech, weakness, paralysis, dizziness, loss, balance, headache, intense, head, pain, vomiting, fatigue, blurred, vision",Stroke
"sudden, numbness, confusion, severe, headache, vision, loss, pain, memory, difficulty, thinking, disorientation, forgetfulness, personality, changes, cognitive, decline, language, problems, poor, judgment, impairment",Dementia
"memory, loss, confusion, difficulty, thinking, disorientation, headache, throbbing, visual, aura, dizziness, sensitivity, sound, forgetfulness, personality, changes, cognitive, decline, language, problems, poor, judgment, impairment, pain",Dementia
"facial, drooping, arm, weakness, speech, difficulty, fatigue, convulsions, staring, spells, body, shaking, unconsciousness, slurred, paralysis, dizziness, loss, balance, sudden, numbness, confusion, severe, headache, vision",Stroke
"memory, loss, confusion, difficulty, thinking, disorientation, fatigue, headache, walking, balance, problems, rigid, muscles, forgetfulness, personality, changes, cognitive, decline",Dementia
"throbbing, headache, visual, aura, dizziness, sensitivity, sound, weakness, intense, head, pain, vomiting, fatigue, blurred, vision, sudden, numbness, confusion, severe, loss",Migraine
"difficulty, walking, balance, problems, rigid, muscles, sudden, collapse, twitching, loss, awareness, nausea, seizure, consciousness, muscle, jerks, confusion, headache",Epilepsy
"memory, loss, confusion, difficulty, thinking, disorientation, language, problems, poor, judgment, impairment, facial, drooping, arm, weakness, speech, dizziness, nausea",Dementia
"language, problems, poor, judgment, memory, impairment, fatigue, loss, confusion, difficulty, thinking, disorientation, headache, forgetfulness, personality, changes, cognitive, decline, convulsions, staring, spells, body, shaking, unconsciousness",Dementia
"nausea, intense, head, pain, vomiting, fatigue, blurred, vision, facial, drooping, arm, weakness, speech, difficulty, headache",Migraine
"dizziness, facial, drooping, arm, weakness, speech, difficulty, resting, tremor, slow, reduced, movement, fatigue, sudden, numbness, confusion, severe, headache, vision, loss",Stroke
"pain, nausea, throbbing, headache, visual, aura, dizziness, sensitivity, sound, intense, head, vomiting, fatigue, blurred, vision, severe, light",Migraine
"facial, drooping, arm, weakness, speech, difficulty, pain, slurred, paralysis, dizziness, loss, balance, intense, head, vomiting, fatigue, blurred, vision",Stroke
"seizure, loss, consciousness, muscle, jerks, confusion, weakness, dizziness, intense, head, pain, vomiting, fatigue, blurred, vision",Migraine
"seizure, loss, consciousness, muscle, jerks, confusion, weakness, intense, head, pain, vomiting, fatigue, blurred, vision, throbbing, headache, visual, aura, dizziness, sensitivity, sound",Migraine
"nausea, headache, difficulty, walking, balance, problems, rigid, muscles",Parkinson's
"sudden, collapse, twitching, loss, awareness, fatigue, language, problems, poor, judgment, memory, impairment, dizziness",Dementia
"dizziness, weakness, throbbing, headache, visual, aura, sensitivity, sound, sudden, numbness, confusion, severe, vision, loss",Migraine
"tremor, slow, movement, muscle, stiffness, shaking, hands, resting, speech, reduced, difficulty, walking, balance, problems, rigid, muscles, pain, convulsions, staring, spells, body, unconsciousness, dizziness",Parkinson's
"severe, headache, nausea, light, sensitivity, vomiting, memory, loss, confusion, difficulty, thinking, disorientation",Dementia
"fatigue, headache, forgetfulness, personality, changes, cognitive, decline, sudden, numbness, confusion, severe, vision, loss, language, problems, poor, judgment, memory, impairment, difficulty, thinking, disorientation",Dementia
"dizziness, resting, tremor, slow, speech, reduced, movement, facial, drooping, arm, weakness, difficulty, sudden, numbness, confusion, severe, headache, vision, loss, slurred, paralysis, balance, fatigue",Stroke
"fatigue, pain, memory, loss, confusion, difficulty, thinking, disorientation, language, problems, poor, judgment, impairment, tremor, slow, movement, muscle, stiffness, shaking, hands",Dementia
"pain, seizure, loss, consciousness, muscle, jerks, confusion, sudden, collapse, twitching, awareness, convulsions, staring, spells, body, shaking, unconsciousness, nausea, resting, tremor, slow, speech, reduced, movement",Epilepsy
"forgetfulness, personality, changes, cognitive, decline, facial, drooping, arm, weakness, speech, difficulty, sudden, numbness, confusion, severe, headache, vision, loss, dizziness",Stroke
"dizziness, weakness, convulsions, staring, spells, body, shaking, unconsciousness, sudden, collapse, twitching, loss, awareness",Epilepsy
"intense, head, pain, vomiting, fatigue, blurred, vision, severe, headache, nausea, light, sensitivity, weakness, throbbing, visual, aura, dizziness, sound",Migraine
"weakness, fatigue, tremor, slow, movement, muscle, stiffness, shaking, hands",Parkinson's
"weakness, tremor, slow, movement, muscle, stiffness, shaking, hands, slurred, speech, paralysis, dizziness, loss, balance, sudden, numbness, confusion, severe, headache, vision",Stroke
"nausea, weakness, seizure, loss, consciousness, muscle, jerks, confusion, difficulty, walking, balance, problems, rigid, muscles",Parkinson's
"seizure, loss, consciousness, muscle, jerks, confusion, forgetfulness, personality, changes, cognitive, decline, sudden, collapse, twitching, awareness, headache, nausea",Epilepsy
"intense, head, pain, vomiting, fatigue, blurred, vision, headache, tremor, slow, movement, muscle, stiffness, shaking, hands, resting, speech, reduced, difficulty, walking, balance, problems, rigid, muscles, dizziness",Parkinson's
"fatigue, resting, tremor, slow, speech, reduced, movement, difficulty, walking, balance, problems, rigid, muscles, pain, muscle, stiffness, shaking, hands",Parkinson's
"convulsions, staring, spells, body, shaking, unconsciousness, weakness, fatigue, facial, drooping, arm, speech, difficulty",Stroke
"dizziness, resting, tremor, slow, speech, reduced, movement, difficulty, walking, balance, problems, rigid, muscles, forgetfulness, personality, changes, cognitive, decline, weakness",Parkinson's
"sudden, numbness, confusion, severe, headache, vision, loss, seizure, consciousness, muscle, jerks, fatigue, nausea, slurred, speech, weakness, paralysis, dizziness, balance, facial, drooping, arm, difficulty",Stroke
"language, problems, poor, judgment, memory, impairment, dizziness, pain, forgetfulness, personality, changes, cognitive, decline, loss, confusion, difficulty, thinking, disorientation",Dementia
"intense, head, pain, vomiting, fatigue, blurred, vision, resting, tremor, slow, speech, reduced, movement, headache",Migraine
"dizziness, sudden, collapse, twitching, loss, awareness, nausea, difficulty, walking, balance, problems, rigid, muscles, tremor, slow, movement, muscle, stiffness, shaking, hands, resting, speech, reduced",Parkinson's
"language, problems, poor, judgment, memory, impairment, nausea, forgetfulness, personality, changes, cognitive, decline, severe, headache, light, sensitivity, vomiting, pain, loss, confusion, difficulty, thinking, disorientation",Dementia
"resting, tremor, slow, speech, reduced, movement, difficulty, walking, balance, problems, rigid, muscles, muscle, stiffness, shaking, hands, weakness, dizziness",Parkinson's
"dizziness, slurred, speech, weakness, paralysis, loss, balance, sudden, numbness, confusion, severe, headache, vision, nausea, facial, drooping, arm, difficulty, intense, head, pain, vomiting, fatigue, blurred",Stroke
"fatigue, forgetfulness, personality, changes, cognitive, decline, weakness",Dementia
"seizure, loss, consciousness, muscle, jerks, confusion, pain, forgetfulness, personality, changes, cognitive, decline, weakness, sudden, collapse, twitching, awareness",Epilepsy
"dizziness, slurred, speech, weakness, paralysis, loss, balance, sudden, numbness, confusion, severe, headache, vision, facial, drooping, arm, difficulty, fatigue",Stroke
"pain, resting, tremor, slow, speech, reduced, movement, headache, convulsions, staring, spells, body, shaking, unconsciousness, difficulty, walking, balance, problems, rigid, muscles",Parkinson's
"weakness, fatigue, facial, drooping, arm, speech, difficulty, slurred, paralysis, dizziness, loss, balance, resting, tremor, slow, reduced, movement, sudden, numbness, confusion, severe, headache, vision",Stroke
"convulsions, staring, spells, body, shaking, unconsciousness, facial, drooping, arm, weakness, speech, difficulty, sudden, numbness, confusion, severe, headache, vision, loss, fatigue",Stroke
"memory, loss, confusion, difficulty, thinking, disorientation, headache, nausea, slurred, speech, weakness, paralysis, dizziness, balance",Stroke
"seizure, loss, consciousness, muscle, jerks, confusion, intense, head, pain, vomiting, fatigue, blurred, vision, nausea, convulsions, staring, spells, body, shaking, unconsciousness",Epilepsy
"seizure, loss, consciousness, muscle, jerks, confusion, fatigue, pain, throbbing, headache, visual, aura, dizziness, sensitivity, sound",Migraine
"fatigue, dizziness, convulsions, staring, spells, body, shaking, unconsciousness, throbbing, headache, visual, aura, sensitivity, sound, intense, head, pain, vomiting, blurred, vision",Migraine
"severe, headache, nausea, light, sensitivity, vomiting, resting, tremor, slow, speech, reduced, movement, muscle, stiffness, shaking, hands, difficulty, walking, balance, problems, rigid, muscles, dizziness",Parkinson's
"forgetfulness, personality, changes, cognitive, decline, weakness, tremor, slow, movement, muscle, stiffness, shaking, hands, language, problems, poor, judgment, memory, impairment, loss, confusion, difficulty, thinking, disorientation, pain",Dementia
"sudden, numbness, confusion, severe, headache, vision, loss, resting, tremor, slow, speech, reduced, movement, nausea, dizziness",Parkinson's
"throbbing, headache, visual, aura, dizziness, sensitivity, sound, weakness, memory, loss, confusion, difficulty, thinking, disorientation, intense, head, pain, vomiting, fatigue, blurred, vision, severe, nausea, light",Migraine
"fatigue, dizziness, forgetfulness, personality, changes, cognitive, decline, convulsions, staring, spells, body, shaking, unconsciousness",Dementia
"sudden, numbness, confusion, severe, headache, vision, loss, slurred, speech, weakness, paralysis, dizziness, balance, pain, nausea, facial, drooping, arm, difficulty, language, problems, poor, judgment, memory, impairment",Stroke
"difficulty, walking, balance, problems, rigid, muscles, resting, tremor, slow, speech, reduced, movement, dizziness, muscle, stiffness, shaking, hands, weakness, facial, drooping, arm",Parkinson's
"fatigue, forgetfulness, personality, changes, cognitive, decline, dizziness, memory, loss, confusion, difficulty, thinking, disorientation",Dementia
"weakness, throbbing, headache, visual, aura, dizziness, sensitivity, sound, nausea, intense, head, pain, vomiting, fatigue, blurred, vision, facial, drooping, arm, speech, difficulty",Migraine
"sudden, collapse, twitching, loss, awareness, weakness, difficulty, walking, balance, problems, rigid, muscles, headache",Epilepsy
"weakness, language, problems, poor, judgment, memory, impairment, loss, confusion, difficulty, thinking, disorientation, forgetfulness, personality, changes, cognitive, decline, pain",Dementia
"facial, drooping, arm, weakness, speech, difficulty, slurred, paralysis, dizziness, loss, balance, headache",Stroke
"resting, tremor, slow, speech, reduced, movement, facial, drooping, arm, weakness, difficulty, headache, slurred, paralysis, dizziness, loss, balance",Stroke
"throbbing, headache, visual, aura, dizziness, sensitivity, sound, pain, severe, nausea, light, vomiting, intense, head, fatigue, blurred, vision",Migraine
"fatigue, memory, loss, confusion, difficulty, thinking, disorientation, severe, headache, nausea, light, sensitivity, vomiting, language, problems, poor, judgment, impairment, weakness",Dementia
"sudden, numbness, confusion, severe, headache, vision, loss, nausea, weakness, tremor, slow, movement, muscle, stiffness, shaking, hands",Stroke
"dizziness, slurred, speech, weakness, paralysis, loss, balance, headache, facial, drooping, arm, difficulty, throbbing, visual, aura, sensitivity, sound, sudden, numbness, confusion, severe, vision",Stroke
"forgetfulness, personality, changes, cognitive, decline, memory, loss, confusion, difficulty, thinking, disorientation, weakness, dizziness",Dementia
"pain, tremor, slow, movement, muscle, stiffness, shaking, hands, severe, headache, nausea, light, sensitivity, vomiting, resting, speech, reduced, dizziness",Parkinson's
"facial, drooping, arm, weakness, speech, difficulty, nausea",Stroke
"throbbing, headache, visual, aura, dizziness, sensitivity, sound, pain, severe, nausea, light, vomiting, intense, head, fatigue, blurred, vision, sudden, numbness, confusion, loss",Migraine
"nausea, memory, loss, confusion, difficulty, thinking, disorientation, forgetfulness, personality, changes, cognitive, decline, slurred, speech, weakness, paralysis, dizziness, balance, fatigue",Dementia
"sudden, numbness, confusion, severe, headache, vision, loss, resting, tremor, slow, speech, reduced, movement, pain, difficulty, walking, balance, problems, rigid, muscles, weakness",Parkinson's
"nausea, headache, severe, light, sensitivity, vomiting, throbbing, visual, aura, dizziness, sound",Migraine
"headache, sudden, collapse, twitching, loss, awareness, fatigue, facial, drooping, arm, weakness, speech, difficulty",Epilepsy
"forgetfulness, personality, changes, cognitive, decline, fatigue, difficulty, walking, balance, problems, rigid, muscles, dizziness, tremor, slow, movement, muscle, stiffness, shaking, hands, resting, speech, reduced",Parkinson's
"headache, intense, head, pain, vomiting, fatigue, blurred, vision, seizure, loss, consciousness, muscle, jerks, confusion, throbbing, visual, aura, dizziness, sensitivity, sound, nausea",Migraine
"pain, facial, drooping, arm, weakness, speech, difficulty, sudden, numbness, confusion, severe, headache, vision, loss, nausea, slurred, paralysis, dizziness, balance, tremor, slow, movement, muscle, stiffness, shaking, hands",Stroke
"resting, tremor, slow, speech, reduced, movement, fatigue, headache, forgetfulness, personality, changes, cognitive, decline",Parkinson's
"intense, head, pain, vomiting, fatigue, blurred, vision, weakness, forgetfulness, personality, changes, cognitive, decline, severe, headache, nausea, light, sensitivity, throbbing, visual, aura, dizziness, sound",Migraine
"throbbing, headache, visual, aura, dizziness, sensitivity, sound, slurred, speech, weakness, paralysis, loss, balance, fatigue, nausea, intense, head, pain, vomiting, blurred, vision",Migraine
"memory, loss, confusion, difficulty, thinking, disorientation, language, problems, poor, judgment, impairment, dizziness, nausea, severe, headache, light, sensitivity, vomiting",Dementia
"dizziness, fatigue, forgetfulness, personality, changes, cognitive, decline, sudden, collapse, twitching, loss, awareness",Epilepsy
"pain, slurred, speech, weakness, paralysis, dizziness, loss, balance, nausea, sudden, numbness, confusion, severe, headache, vision, facial, drooping, arm, difficulty, walking, problems, rigid, muscles",Stroke
"slurred, speech, weakness, paralysis, dizziness, loss, balance, nausea, fatigue, seizure, consciousness, muscle, jerks, confusion, sudden, numbness, severe, headache, vision",Stroke
"weakness, intense, head, pain, vomiting, fatigue, blurred, vision, dizziness, throbbing, headache, visual, aura, sensitivity, sound",Migraine
"tremor, slow, movement, muscle, stiffness, shaking, hands, sudden, collapse, twitching, loss, awareness, fatigue, difficulty, walking, balance, problems, rigid, muscles, resting, speech, reduced, headache",Parkinson's
"sudden, numbness, confusion, severe, headache, vision, loss, nausea, light, sensitivity, vomiting, facial, drooping, arm, weakness, speech, difficulty",Stroke
"difficulty, walking, balance, problems, rigid, muscles, nausea, tremor, slow, movement, muscle, stiffness, shaking, hands, fatigue, resting, speech, reduced, forgetfulness, personality, changes, cognitive, decline",Parkinson's
"sudden, collapse, twitching, loss, awareness, pain, language, problems, poor, judgment, memory, impairment, headache",Epilepsy
"fatigue, difficulty, walking, balance, problems, rigid, muscles, tremor, slow, movement, muscle, stiffness, shaking, hands, slurred, speech, weakness, paralysis, dizziness, loss, pain, resting, reduced",Parkinson's
"intense, head, pain, vomiting, fatigue, blurred, vision, dizziness, seizure, loss, consciousness, muscle, jerks, confusion",Epilepsy
"nausea, language, problems, poor, judgment, memory, impairment, headache, sudden, numbness, confusion, severe, vision, loss",Stroke
"seizure, loss, consciousness, muscle, jerks, confusion, throbbing, headache, visual, aura, dizziness, sensitivity, sound, weakness",Migraine
"tremor, slow, movement, muscle, stiffness, shaking, hands, forgetfulness, personality, changes, cognitive, decline, memory, loss, confusion, difficulty, thinking, disorientation, weakness, pain",Dementia
"difficulty, walking, balance, problems, rigid, muscles, severe, headache, nausea, light, sensitivity, vomiting, dizziness, weakness",Parkinson's
"sudden, numbness, confusion, severe, headache, vision, loss, weakness, pain, slurred, speech, paralysis, dizziness, balance, nausea, light, sensitivity, vomiting",Stroke
"slurred, speech, weakness, paralysis, dizziness, loss, balance, facial, drooping, arm, difficulty, nausea, fatigue",Stroke
"weakness, sudden, collapse, twitching, loss, awareness, seizure, consciousness, muscle, jerks, confusion, convulsions, staring, spells, body, shaking, unconsciousness, headache",Epilepsy
"nausea, throbbing, headache, visual, aura, dizziness, sensitivity, sound, weakness, seizure, loss, consciousness, muscle, jerks, confusion",Migraine
"language, problems, poor, judgment, memory, impairment, pain, dizziness, severe, headache, nausea, light, sensitivity, vomiting",Migraine
"facial, drooping, arm, weakness, speech, difficulty, dizziness, fatigue, resting, tremor, slow, reduced, movement, slurred, paralysis, loss, balance",Stroke
"intense, head, pain, vomiting, fatigue, blurred, vision, throbbing, headache, visual, aura, dizziness, sensitivity, sound, nausea, slurred, speech, weakness, paralysis, loss, balance, severe, light",Migraine
"facial, drooping, arm, weakness, speech, difficulty, fatigue, severe, headache, nausea, light, sensitivity, vomiting",Migraine
"intense, head, pain, vomiting, fatigue, blurred, vision, severe, headache, nausea, light, sensitivity, forgetfulness, personality, changes, cognitive, decline, throbbing, visual, aura, dizziness, sound",Migraine
"convulsions, staring, spells, body, shaking, unconsciousness, seizure, loss, consciousness, muscle, jerks, confusion, dizziness, fatigue",Epilepsy
"forgetfulness, personality, changes, cognitive, decline, pain, weakness, language, problems, poor, judgment, memory, impairment, facial, drooping, arm, speech, difficulty, loss, confusion, thinking, disorientation",Dementia
"memory, loss, confusion, difficulty, thinking, disorientation, weakness, dizziness, slurred, speech, paralysis, balance",Stroke
"weakness, headache, sudden, collapse, twitching, loss, awareness, forgetfulness, personality, changes, cognitive, decline, convulsions, staring, spells, body, shaking, unconsciousness",Epilepsy
"throbbing, headache, visual, aura, dizziness, sensitivity, sound, intense, head, pain, vomiting, fatigue, blurred, vision, weakness",Migraine
"resting, tremor, slow, speech, reduced, movement, nausea, difficulty, walking, balance, problems, rigid, muscles, headache, intense, head, pain, vomiting, fatigue, blurred, vision",Parkinson's
"fatigue, tremor, slow, movement, muscle, stiffness, shaking, hands, intense, head, pain, vomiting, blurred, vision, severe, headache, nausea, light, sensitivity",Migraine
"throbbing, headache, visual, aura, dizziness, sensitivity, sound, fatigue, severe, nausea, light, vomiting, pain",Migraine
"headache, severe, nausea, light, sensitivity, vomiting, pain, tremor, slow, movement, muscle, stiffness, shaking, hands",Parkinson's
"headache, language, problems, poor, judgment, memory, impairment, pain, convulsions, staring, spells, body, shaking, unconsciousness",Dementia
"facial, drooping, arm, weakness, speech, difficulty, nausea, throbbing, headache, visual, aura, dizziness, sensitivity, sound, pain",Migraine
"facial, drooping, arm, weakness, speech, difficulty, slurred, paralysis, dizziness, loss, balance, fatigue, nausea",Stroke
"difficulty, walking, balance, problems, rigid, muscles, convulsions, staring, spells, body, shaking, unconsciousness, tremor, slow, movement, muscle, stiffness, hands, nausea, fatigue",Parkinson's
"pain, fatigue, slurred, speech, weakness, paralysis, dizziness, loss, balance, forgetfulness, personality, changes, cognitive, decline",Dementia
"throbbing, headache, visual, aura, dizziness, sensitivity, sound, resting, tremor, slow, speech, reduced, movement, difficulty, walking, balance, problems, rigid, muscles, pain",Parkinson's
"sudden, numbness, confusion, severe, headache, vision, loss, fatigue, forgetfulness, personality, changes, cognitive, decline, weakness",Stroke
"slurred, speech, weakness, paralysis, dizziness, loss, balance, sudden, numbness, confusion, severe, headache, vision, facial, drooping, arm, difficulty, tremor, slow, movement, muscle, stiffness, shaking, hands",Stroke
"weakness, nausea, sudden, collapse, twitching, loss, awareness",Epilepsy
"weakness, convulsions, staring, spells, body, shaking, unconsciousness, pain, slurred, speech, paralysis, dizziness, loss, balance, sudden, collapse, twitching, awareness, seizure, consciousness, muscle, jerks, confusion",Epilepsy
"sudden, collapse, twitching, loss, awareness, convulsions, staring, spells, body, shaking, unconsciousness, nausea, headache, forgetfulness, personality, changes, cognitive, decline",Epilepsy
"throbbing, headache, visual, aura, dizziness, sensitivity, sound, pain",Migraine
"slurred, speech, weakness, paralysis, dizziness, loss, balance, severe, headache, nausea, light, sensitivity, vomiting, pain",Stroke
"resting, tremor, slow, speech, reduced, movement, nausea, memory, loss, confusion, difficulty, thinking, disorientation, headache, walking, balance, problems, rigid, muscles",Parkinson's
"resting, tremor, slow, speech, reduced, movement, forgetfulness, personality, changes, cognitive, decline, pain, difficulty, walking, balance, problems, rigid, muscles, headache, muscle, stiffness, shaking, hands",Parkinson's
"headache, nausea, convulsions, staring, spells, body, shaking, unconsciousness, seizure, loss, consciousness, muscle, jerks, confusion, sudden, collapse, twitching, awareness",Epilepsy
"nausea, pain, seizure, loss, consciousness, muscle, jerks, confusion, slurred, speech, weakness, paralysis, dizziness, balance",Epilepsy
"weakness, tremor, slow, movement, muscle, stiffness, shaking, hands, throbbing, headache, visual, aura, dizziness, sensitivity, sound, pain",Migraine
"dizziness, weakness, slurred, speech, paralysis, loss, balance, language, problems, poor, judgment, memory, impairment, forgetfulness, personality, changes, cognitive, decline",Dementia
"pain, seizure, loss, consciousness, muscle, jerks, confusion, fatigue, convulsions, staring, spells, body, shaking, unconsciousness",Epilepsy
"intense, head, pain, vomiting, fatigue, blurred, vision, dizziness",Migraine
"forgetfulness, personality, changes, cognitive, decline, headache, fatigue, language, problems, poor, judgment, memory, impairment, loss, confusion, difficulty, thinking, disorientation",Dementia
"severe, headache, nausea, light, sensitivity, vomiting, intense, head, pain, fatigue, blurred, vision, slurred, speech, weakness, paralysis, dizziness, loss, balance, throbbing, visual, aura, sound",Migraine
"nausea, convulsions, staring, spells, body, shaking, unconsciousness, intense, head, pain, vomiting, fatigue, blurred, vision",Migraine
"language, problems, poor, judgment, memory, impairment, dizziness, sudden, numbness, confusion, severe, headache, vision, loss, facial, drooping, arm, weakness, speech, difficulty, slurred, paralysis, balance",Stroke
"sudden, numbness, confusion, severe, headache, vision, loss, facial, drooping, arm, weakness, speech, difficulty, slurred, paralysis, dizziness, balance",Stroke
"fatigue, seizure, loss, consciousness, muscle, jerks, confusion, nausea, slurred, speech, weakness, paralysis, dizziness, balance",Stroke
"headache, sudden, collapse, twitching, loss, awareness, seizure, consciousness, muscle, jerks, confusion, tremor, slow, movement, stiffness, shaking, hands, pain",Epilepsy
"throbbing, headache, visual, aura, dizziness, sensitivity, sound, resting, tremor, slow, speech, reduced, movement, difficulty, walking, balance, problems, rigid, muscles",Parkinson's
"resting, tremor, slow, speech, reduced, movement, nausea, weakness, difficulty, walking, balance, problems, rigid, muscles, muscle, stiffness, shaking, hands",Parkinson's
"headache, tremor, slow, movement, muscle, stiffness, shaking, hands, seizure, loss, consciousness, jerks, confusion, resting, speech, reduced, dizziness, difficulty, walking, balance, problems, rigid, muscles",Parkinson's
"memory, loss, confusion, difficulty, thinking, disorientation, throbbing, headache, visual, aura, dizziness, sensitivity, sound, weakness, language, problems, poor, judgment, impairment, forgetfulness, personality, changes, cognitive, decline",Dementia
"fatigue, seizure, loss, consciousness, muscle, jerks, confusion, convulsions, staring, spells, body, shaking, unconsciousness, weakness, tremor, slow, movement, stiffness, hands",Epilepsy
"resting, tremor, slow, speech, reduced, movement, intense, head, pain, vomiting, fatigue, blurred, vision, difficulty, walking, balance, problems, rigid, muscles, headache, dizziness",Parkinson's
"nausea, sudden, collapse, twitching, loss, awareness, dizziness, memory, confusion, difficulty, thinking, disorientation, seizure, consciousness, muscle, jerks",Epilepsy
"dizziness, headache, facial, drooping, arm, weakness, speech, difficulty, sudden, numbness, confusion, severe, vision, loss, forgetfulness, personality, changes, cognitive, decline",Stroke
"intense, head, pain, vomiting, fatigue, blurred, vision, throbbing, headache, visual, aura, dizziness, sensitivity, sound, severe, nausea, light, tremor, slow, movement, muscle, stiffness, shaking, hands, weakness",Migraine
"headache, weakness, sudden, collapse, twitching, loss, awareness, slurred, speech, paralysis, dizziness, balance",Epilepsy
"throbbing, headache, visual, aura, dizziness, sensitivity, sound, intense, head, pain, vomiting, fatigue, blurred, vision, severe, nausea, light, sudden, numbness, confusion, loss",Migraine
"tremor, slow, movement, muscle, stiffness, shaking, hands, dizziness, sudden, collapse, twitching, loss, awareness, weakness",Epilepsy
"seizure, loss, consciousness, muscle, jerks, confusion, pain, convulsions, staring, spells, body, shaking, unconsciousness, forgetfulness, personality, changes, cognitive, decline, headache",Epilepsy
"severe, headache, nausea, light, sensitivity, vomiting, fatigue, dizziness",Migraine
"slurred, speech, weakness, paralysis, dizziness, loss, balance, sudden, numbness, confusion, severe, headache, vision, facial, drooping, arm, difficulty, nausea",Stroke
"slurred, speech, weakness, paralysis, dizziness, loss, balance, sudden, numbness, confusion, severe, headache, vision, nausea, tremor, slow, movement, muscle, stiffness, shaking, hands, facial, drooping, arm, difficulty",Stroke
"dizziness, weakness, tremor, slow, movement, muscle, stiffness, shaking, hands, difficulty, walking, balance, problems, rigid, muscles, resting, speech, reduced",Parkinson's
"fatigue, intense, head, pain, vomiting, blurred, vision, severe, headache, nausea, light, sensitivity, difficulty, walking, balance, problems, rigid, muscles",Migraine
"dizziness, pain, seizure, loss, consciousness, muscle, jerks, confusion",Epilepsy
"resting, tremor, slow, speech, reduced, movement, dizziness, difficulty, walking, balance, problems, rigid, muscles, forgetfulness, personality, changes, cognitive, decline, muscle, stiffness, shaking, hands, pain",Parkinson's
"throbbing, headache, visual, aura, dizziness, sensitivity, sound, nausea, pain, facial, drooping, arm, weakness, speech, difficulty",Stroke
"resting, tremor, slow, speech, reduced, movement, headache, throbbing, visual, aura, dizziness, sensitivity, sound, difficulty, walking, balance, problems, rigid, muscles, weakness, muscle, stiffness, shaking, hands",Parkinson's
"language, problems, poor, judgment, memory, impairment, weakness, forgetfulness, personality, changes, cognitive, decline, difficulty, walking, balance, rigid, muscles, dizziness",Dementia
"pain, slurred, speech, weakness, paralysis, dizziness, loss, balance, nausea, sudden, numbness, confusion, severe, headache, vision, tremor, slow, movement, muscle, stiffness, shaking, hands",Stroke
"language, problems, poor, judgment, memory, impairment, sudden, collapse, twitching, loss, awareness, weakness, pain, seizure, consciousness, muscle, jerks, confusion",Epilepsy
"headache, difficulty, walking, balance, problems, rigid, muscles, slurred, speech, weakness, paralysis, dizziness, loss, fatigue",Parkinson's
"sudden, collapse, twitching, loss, awareness, dizziness, seizure, consciousness, muscle, jerks, confusion, severe, headache, nausea, light, sensitivity, vomiting, convulsions, staring, spells, body, shaking, unconsciousness, weakness",Epilepsy
"difficulty, walking, balance, problems, rigid, muscles, tremor, slow, movement, muscle, stiffness, shaking, hands, weakness, memory, loss, confusion, thinking, disorientation, fatigue",Parkinson's
"sudden, numbness, confusion, severe, headache, vision, loss, fatigue, nausea, difficulty, walking, balance, problems, rigid, muscles",Stroke
"severe, headache, nausea, light, sensitivity, vomiting, difficulty, walking, balance, problems, rigid, muscles, intense, head, pain, fatigue, blurred, vision, dizziness",Migraine
"pain, tremor, slow, movement, muscle, stiffness, shaking, hands, fatigue",Parkinson's
"forgetfulness, personality, changes, cognitive, decline, convulsions, staring, spells, body, shaking, unconsciousness, dizziness, nausea",Dementia
"memory, loss, confusion, difficulty, thinking, disorientation, sudden, collapse, twitching, awareness, pain, nausea",Epilepsy
"throbbing, headache, visual, aura, dizziness, sensitivity, sound, pain, severe, nausea, light, vomiting, fatigue, memory, loss, confusion, difficulty, thinking, disorientation",Migraine
"tremor, slow, movement, muscle, stiffness, shaking, hands, language, problems, poor, judgment, memory, impairment, pain, dizziness",Parkinson's
"dizziness, weakness, slurred, speech, paralysis, loss, balance, resting, tremor, slow, reduced, movement",Parkinson's
"forgetfulness, personality, changes, cognitive, decline, throbbing, headache, visual, aura, dizziness, sensitivity, sound, nausea",Dementia
"facial, drooping, arm, weakness, speech, difficulty, fatigue, sudden, numbness, confusion, severe, headache, vision, loss, intense, head, pain, vomiting, blurred",Stroke
"resting, tremor, slow, speech, reduced, movement, difficulty, walking, balance, problems, rigid, muscles, muscle, stiffness, shaking, hands, dizziness, fatigue",Parkinson's
"headache, facial, drooping, arm, weakness, speech, difficulty, sudden, numbness, confusion, severe, vision, loss, slurred, paralysis, dizziness, balance",Stroke
"nausea, weakness, convulsions, staring, spells, body, shaking, unconsciousness",Epilepsy
"convulsions, staring, spells, body, shaking, unconsciousness, seizure, loss, consciousness, muscle, jerks, confusion, fatigue, weakness, resting, tremor, slow, speech, reduced, movement",Epilepsy
"sudden, collapse, twitching, loss, awareness, weakness, nausea, language, problems, poor, judgment, memory, impairment",Dementia
"difficulty, walking, balance, problems, rigid, muscles, pain, resting, tremor, slow, speech, reduced, movement, dizziness, intense, head, vomiting, fatigue, blurred, vision",Parkinson's
"sudden, numbness, confusion, severe, headache, vision, loss, intense, head, pain, vomiting, fatigue, blurred, nausea, light, sensitivity, weakness",Migraine
"convulsions, staring, spells, body, shaking, unconsciousness, pain, resting, tremor, slow, speech, reduced, movement, sudden, collapse, twitching, loss, awareness, weakness",Epilepsy
"intense, head, pain, vomiting, fatigue, blurred, vision, nausea, severe, headache, light, sensitivity, throbbing, visual, aura, dizziness, sound, language, problems, poor, judgment, memory, impairment",Migraine
"slurred, speech, weakness, paralysis, dizziness, loss, balance",Stroke
"resting, tremor, slow, speech, reduced, movement, pain, intense, head, vomiting, fatigue, blurred, vision",Parkinson's
"sudden, numbness, confusion, severe, headache, vision, loss, weakness, facial, drooping, arm, speech, difficulty, resting, tremor, slow, reduced, movement, slurred, paralysis, dizziness, balance",Stroke
"intense, head, pain, vomiting, fatigue, blurred, vision, throbbing, headache, visual, aura, dizziness, sensitivity, sound, severe, nausea, light, weakness",Migraine
"facial, drooping, arm, weakness, speech, difficulty, nausea, sudden, numbness, confusion, severe, headache, vision, loss, tremor, slow, movement, muscle, stiffness, shaking, hands",Stroke
"pain, convulsions, staring, spells, body, shaking, unconsciousness, nausea, sudden, collapse, twitching, loss, awareness",Epilepsy
"fatigue, headache, intense, head, pain, vomiting, blurred, vision, slurred, speech, weakness, paralysis, dizziness, loss, balance, sudden, numbness, confusion, severe, facial, drooping, arm, difficulty",Stroke
"fatigue, memory, loss, confusion, difficulty, thinking, disorientation, dizziness",Dementia
"difficulty, walking, balance, problems, rigid, muscles, tremor, slow, movement, muscle, stiffness, shaking, hands, slurred, speech, weakness, paralysis, dizziness, loss, pain",Parkinson's
"headache, sudden, numbness, confusion, severe, vision, loss, facial, drooping, arm, weakness, speech, difficulty, fatigue",Stroke
"pain, weakness, difficulty, walking, balance, problems, rigid, muscles, resting, tremor, slow, speech, reduced, movement, seizure, loss, consciousness, muscle, jerks, confusion, stiffness, shaking, hands",Parkinson's
"fatigue, headache, sudden, collapse, twitching, loss, awareness, language, problems, poor, judgment, memory, impairment",Epilepsy
"headache, sudden, collapse, twitching, loss, awareness, weakness, numbness, confusion, severe, vision",Stroke
"weakness, resting, tremor, slow, speech, reduced, movement, headache, memory, loss, confusion, difficulty, thinking, disorientation",Dementia
"throbbing, headache, visual, aura, dizziness, sensitivity, sound, severe, nausea, light, vomiting, fatigue",Migraine
"headache, convulsions, staring, spells, body, shaking, unconsciousness, weakness, sudden, collapse, twitching, loss, awareness, language, problems, poor, judgment, memory, impairment",Epilepsy
"sudden, numbness, confusion, severe, headache, vision, loss, pain, facial, drooping, arm, weakness, speech, difficulty, fatigue, slurred, paralysis, dizziness, balance, convulsions, staring, spells, body, shaking, unconsciousness",Stroke
"resting, tremor, slow, speech, reduced, movement, fatigue, dizziness, slurred, weakness, paralysis, loss, balance, muscle, stiffness, shaking, hands",Parkinson's
"seizure, loss, consciousness, muscle, jerks, confusion, dizziness, pain, sudden, numbness, severe, headache, vision",Epilepsy
"intense, head, pain, vomiting, fatigue, blurred, vision, sudden, collapse, twitching, loss, awareness, headache, dizziness, seizure, consciousness, muscle, jerks, confusion, convulsions, staring, spells, body, shaking, unconsciousness",Epilepsy
"pain, fatigue, sudden, numbness, confusion, severe, headache, vision, loss, tremor, slow, movement, muscle, stiffness, shaking, hands, slurred, speech, weakness, paralysis, dizziness, balance",Stroke
"weakness, pain, tremor, slow, movement, muscle, stiffness, shaking, hands, facial, drooping, arm, speech, difficulty, sudden, numbness, confusion, severe, headache, vision, loss",Stroke
"weakness, difficulty, walking, balance, problems, rigid, muscles, resting, tremor, slow, speech, reduced, movement, dizziness, memory, loss, confusion, thinking, disorientation",Parkinson's
"weakness, memory, loss, confusion, difficulty, thinking, disorientation, throbbing, headache, visual, aura, dizziness, sensitivity, sound, severe, nausea, light, vomiting, intense, head, pain, fatigue, blurred, vision",Migraine
"seizure, loss, consciousness, muscle, jerks, confusion, resting, tremor, slow, speech, reduced, movement, fatigue, weakness",Parkinson's
"forgetfulness, personality, changes, cognitive, decline, facial, drooping, arm, weakness, speech, difficulty, nausea, fatigue, memory, loss, confusion, thinking, disorientation",Dementia
"forgetfulness, personality, changes, cognitive, decline, nausea, memory, loss, confusion, difficulty, thinking, disorientation, fatigue",Dementia
"slurred, speech, weakness, paralysis, dizziness, loss, balance, facial, drooping, arm, difficulty, sudden, numbness, confusion, severe, headache, vision",Stroke
"severe, headache, nausea, light, sensitivity, vomiting, sudden, collapse, twitching, loss, awareness, throbbing, visual, aura, dizziness, sound",Migraine
"fatigue, facial, drooping, arm, weakness, speech, difficulty, forgetfulness, personality, changes, cognitive, decline, nausea",Stroke
"intense, head, pain, vomiting, fatigue, blurred, vision, convulsions, staring, spells, body, shaking, unconsciousness, headache, sudden, collapse, twitching, loss, awareness",Epilepsy
"nausea, throbbing, headache, visual, aura, dizziness, sensitivity, sound, slurred, speech, weakness, paralysis, loss, balance, pain, intense, head, vomiting, fatigue, blurred, vision",Migraine
"seizure, loss, consciousness, muscle, jerks, confusion, headache, dizziness, facial, drooping, arm, weakness, speech, difficulty, slurred, paralysis, balance, sudden, numbness, severe, vision",Stroke
"resting, tremor, slow, speech, reduced, movement, difficulty, walking, balance, problems, rigid, muscles, memory, loss, confusion, thinking, disorientation, muscle, stiffness, shaking, hands, headache, nausea",Parkinson's
"resting, tremor, slow, speech, reduced, movement, dizziness, headache, muscle, stiffness, shaking, hands, seizure, loss, consciousness, jerks, confusion",Parkinson's
"language, problems, poor, judgment, memory, impairment, loss, confusion, difficulty, thinking, disorientation, pain, nausea, severe, headache, light, sensitivity, vomiting",Dementia
"memory, loss, confusion, difficulty, thinking, disorientation, pain, sudden, collapse, twitching, awareness, fatigue, convulsions, staring, spells, body, shaking, unconsciousness",Epilepsy
"language, problems, poor, judgment, memory, impairment, pain, loss, confusion, difficulty, thinking, disorientation, forgetfulness, personality, changes, cognitive, decline, dizziness",Dementia
"nausea, tremor, slow, movement, muscle, stiffness, shaking, hands, resting, speech, reduced, slurred, weakness, paralysis, dizziness, loss, balance, difficulty, walking, problems, rigid, muscles",Parkinson's
"nausea, language, problems, poor, judgment, memory, impairment, sudden, numbness, confusion, severe, headache, vision, loss, difficulty, thinking, disorientation",Dementia
"language, problems, poor, judgment, memory, impairment, pain, dizziness, throbbing, headache, visual, aura, sensitivity, sound, forgetfulness, personality, changes, cognitive, decline, loss, confusion, difficulty, thinking, disorientation",Dementia
"facial, drooping, arm, weakness, speech, difficulty, fatigue, severe, headache, nausea, light, sensitivity, vomiting, dizziness, slurred, paralysis, loss, balance",Stroke
"nausea, seizure, loss, consciousness, muscle, jerks, confusion, fatigue, severe, headache, light, sensitivity, vomiting, intense, head, pain, blurred, vision, throbbing, visual, aura, dizziness, sound",Migraine
"dizziness, seizure, loss, consciousness, muscle, jerks, confusion, memory, difficulty, thinking, disorientation, forgetfulness, personality, changes, cognitive, decline, fatigue, language, problems, poor, judgment, impairment",Dementia
"memory, loss, confusion, difficulty, thinking, disorientation, facial, drooping, arm, weakness, speech, fatigue, slurred, paralysis, dizziness, balance, sudden, numbness, severe, headache, vision",Stroke
"severe, headache, nausea, light, sensitivity, vomiting, throbbing, visual, aura, dizziness, sound, intense, head, pain, fatigue, blurred, vision",Migraine
"fatigue, throbbing, headache, visual, aura, dizziness, sensitivity, sound, nausea, memory, loss, confusion, difficulty, thinking, disorientation",Dementia
"fatigue, headache, language, problems, poor, judgment, memory, impairment, intense, head, pain, vomiting, blurred, vision, severe, nausea, light, sensitivity",Migraine
"headache, tremor, slow, movement, muscle, stiffness, shaking, hands, weakness, resting, speech, reduced, severe, nausea, light, sensitivity, vomiting",Parkinson's
"forgetfulness, personality, changes, cognitive, decline, difficulty, walking, balance, problems, rigid, muscles, fatigue, nausea",Dementia
"weakness, memory, loss, confusion, difficulty, thinking, disorientation, language, problems, poor, judgment, impairment, nausea, sudden, collapse, twitching, awareness, forgetfulness, personality, changes, cognitive, decline",Dementia
"throbbing, headache, visual, aura, dizziness, sensitivity, sound, intense, head, pain, vomiting, fatigue, blurred, vision, resting, tremor, slow, speech, reduced, movement, nausea",Migraine
"tremor, slow, movement, muscle, stiffness, shaking, hands, weakness, slurred, speech, paralysis, dizziness, loss, balance, fatigue",Parkinson's
"forgetfulness, personality, changes, cognitive, decline, fatigue, sudden, collapse, twitching, loss, awareness, language, problems, poor, judgment, memory, impairment, confusion, difficulty, thinking, disorientation, nausea",Dementia
"headache, forgetfulness, personality, changes, cognitive, decline, tremor, slow, movement, muscle, stiffness, shaking, hands, dizziness",Dementia
"pain, nausea, sudden, numbness, confusion, severe, headache, vision, loss, slurred, speech, weakness, paralysis, dizziness, balance, tremor, slow, movement, muscle, stiffness, shaking, hands",Stroke
"language, problems, poor, judgment, memory, impairment, dizziness, resting, tremor, slow, speech, reduced, movement, headache",Parkinson's
"nausea, fatigue, sudden, numbness, confusion, severe, headache, vision, loss, memory, difficulty, thinking, disorientation",Dementia
"sudden, collapse, twitching, loss, awareness, pain, difficulty, walking, balance, problems, rigid, muscles, seizure, consciousness, muscle, jerks, confusion, fatigue",Epilepsy
"pain, sudden, collapse, twitching, loss, awareness, convulsions, staring, spells, body, shaking, unconsciousness, seizure, consciousness, muscle, jerks, confusion, tremor, slow, movement, stiffness, hands, weakness",Epilepsy
"fatigue, language, problems, poor, judgment, memory, impairment, loss, confusion, difficulty, thinking, disorientation, forgetfulness, personality, changes, cognitive, decline, sudden, numbness, severe, headache, vision, nausea",Dementia
"memory, loss, confusion, difficulty, thinking, disorientation, tremor, slow, movement, muscle, stiffness, shaking, hands, headache, pain",Dementia
"intense, head, pain, vomiting, fatigue, blurred, vision, forgetfulness, personality, changes, cognitive, decline, language, problems, poor, judgment, memory, impairment",Dementia
"memory, loss, confusion, difficulty, thinking, disorientation, forgetfulness, personality, changes, cognitive, decline, weakness, fatigue, intense, head, pain, vomiting, blurred, vision",Dementia
"fatigue, weakness, throbbing, headache, visual, aura, dizziness, sensitivity, sound, tremor, slow, movement, muscle, stiffness, shaking, hands",Parkinson's
"pain, convulsions, staring, spells, body, shaking, unconsciousness, resting, tremor, slow, speech, reduced, movement, nausea, muscle, stiffness, hands",Parkinson's
"weakness, headache, sudden, numbness, confusion, severe, vision, loss, forgetfulness, personality, changes, cognitive, decline, language, problems, poor, judgment, memory, impairment",Dementia
"memory, loss, confusion, difficulty, thinking, disorientation, forgetfulness, personality, changes, cognitive, decline, weakness, sudden, collapse, twitching, awareness, language, problems, poor, judgment, impairment, dizziness",Dementia
"resting, tremor, slow, speech, reduced, movement, weakness, pain, difficulty, walking, balance, problems, rigid, muscles, facial, drooping, arm",Parkinson's
"nausea, memory, loss, confusion, difficulty, thinking, disorientation, language, problems, poor, judgment, impairment, headache, forgetfulness, personality, changes, cognitive, decline, walking, balance, rigid, muscles",Dementia
"dizziness, nausea, memory, loss, confusion, difficulty, thinking, disorientation, language, problems, poor, judgment, impairment, forgetfulness, personality, changes, cognitive, decline, walking, balance, rigid, muscles",Dementia
"dizziness, intense, head, pain, vomiting, fatigue, blurred, vision, weakness, throbbing, headache, visual, aura, sensitivity, sound, tremor, slow, movement, muscle, stiffness, shaking, hands",Migraine
"facial, drooping, arm, weakness, speech, difficulty, dizziness, pain, intense, head, vomiting, fatigue, blurred, vision",Migraine
"weakness, slurred, speech, paralysis, dizziness, loss, balance, sudden, numbness, confusion, severe, headache, vision, seizure, consciousness, muscle, jerks, facial, drooping, arm, difficulty",Stroke
"headache, severe, nausea, light, sensitivity, vomiting, seizure, loss, consciousness, muscle, jerks, confusion, pain, sudden, collapse, twitching, awareness",Epilepsy
"sudden, collapse, twitching, loss, awareness, nausea, throbbing, headache, visual, aura, dizziness, sensitivity, sound, severe, light, vomiting, intense, head, pain, fatigue, blurred, vision",Migraine
"pain, difficulty, walking, balance, problems, rigid, muscles, resting, tremor, slow, speech, reduced, movement, intense, head, vomiting, fatigue, blurred, vision, headache, muscle, stiffness, shaking, hands",Parkinson's
"facial, drooping, arm, weakness, speech, difficulty, nausea, slurred, paralysis, dizziness, loss, balance, sudden, numbness, confusion, severe, headache, vision",Stroke
"language, problems, poor, judgment, memory, impairment, pain, tremor, slow, movement, muscle, stiffness, shaking, hands, weakness",Dementia
"fatigue, pain, difficulty, walking, balance, problems, rigid, muscles, facial, drooping, arm, weakness, speech",Stroke
"dizziness, convulsions, staring, spells, body, shaking, unconsciousness, headache, difficulty, walking, balance, problems, rigid, muscles, seizure, loss, consciousness, muscle, jerks, confusion",Epilepsy
"headache, convulsions, staring, spells, body, shaking, unconsciousness, pain, memory, loss, confusion, difficulty, thinking, disorientation, sudden, collapse, twitching, awareness",Epilepsy
